w,h,aspect_ratio,circularity,extent,solidity,perimeter,area,vertices_fine,vertices_mid,vertices_coarse,box_fill,circle_fill,area_ratio,eccentricity,hu1,hu2,hu3,hu4,label
49.0,49.0,1.0,0.9082307815551758,0.785506010055542,0.9915878176689148,161.5391082763672,1886.0,8.0,8.0,4.0,0.785506010055542,0.960524320602417,0.1151123046875,0.0,0.7979544997215271,12.0,12.0,12.0,Cercle
31.0,31.0,1.0,0.9168112277984619,0.7783558964729309,0.9894179701805115,101.25483703613281,748.0,8.0,8.0,4.0,0.7783558964729309,0.9523711800575256,0.045654296875,0.0,0.7977825403213501,12.0,12.0,12.0,Cercle
37.0,37.0,1.0,0.9266946315765381,0.7830533385276794,0.9925925731658936,120.56854248046875,1072.0,8.0,8.0,4.0,0.7830533385276794,0.9478462934494019,0.0654296875,0.0,0.7978593707084656,0.0,12.0,12.0,Cercle
33.0,33.0,1.0,0.8927388191223145,0.7786960601806641,0.9769585132598877,109.25482940673828,848.0,8.0,8.0,4.0,0.7786960601806641,0.9339917898178101,0.0517578125,0.0,0.7977384924888611,0.0,12.0,12.0,Cercle
33.0,33.0,1.0,0.8927388191223145,0.7786960601806641,0.9769585132598877,109.25482940673828,848.0,8.0,8.0,4.0,0.7786960601806641,0.9339917898178101,0.0517578125,0.0,0.7977384924888611,0.0,12.0,12.0,Cercle
31.0,31.0,1.0,0.9168112277984619,0.7783558964729309,0.9894179701805115,101.25483703613281,748.0,8.0,8.0,4.0,0.7783558964729309,0.9523711800575256,0.045654296875,0.0,0.7977825403213501,12.0,12.0,12.0,Cercle
39.0,39.0,1.0,0.9092255234718323,0.7863247990608215,0.9900662302970886,128.56854248046875,1196.0,8.0,8.0,4.0,0.7863247990608215,0.951737105846405,0.072998046875,0.0,0.7978120446205139,0.0,12.0,12.0,Cercle
33.0,33.0,1.0,0.8927388191223145,0.7786960601806641,0.9769585132598877,109.25482940673828,848.0,8.0,8.0,4.0,0.7786960601806641,0.9339917898178101,0.0517578125,0.0,0.7977384924888611,0.0,12.0,12.0,Cercle
43.0,43.0,1.0,0.9007900357246399,0.7842077016830444,0.9837177991867065,142.2253875732422,1450.0,8.0,8.0,4.0,0.7842077016830444,0.9575625658035278,0.0885009765625,0.0,0.7978995442390442,12.0,12.0,12.0,Cercle
61.0,61.0,1.0,0.9126830101013184,0.7820478081703186,0.9904696941375732,200.16651916503906,2910.0,8.0,8.0,4.0,0.7820478081703186,0.970939040184021,0.1776123046875,0.0,0.7980808615684509,12.0,12.0,12.0,Cercle
53.0,53.0,1.0,0.9039840698242188,0.7860448360443115,0.9874776601791382,175.19595336914062,2208.0,8.0,8.0,4.0,0.7860448360443115,0.9694111347198486,0.134765625,0.0,0.7980028390884399,0.0,12.0,12.0,Cercle
43.0,43.0,1.0,0.9007900357246399,0.7842077016830444,0.9837177991867065,142.2253875732422,1450.0,8.0,8.0,4.0,0.7842077016830444,0.9575625658035278,0.0885009765625,0.0,0.7978995442390442,12.0,12.0,12.0,Cercle
41.0,41.0,1.0,0.9137171506881714,0.7792980074882507,0.9909228682518005,134.22540283203125,1310.0,8.0,8.0,4.0,0.7792980074882507,0.9563806653022766,0.0799560546875,0.0,0.7979654669761658,0.0,12.0,12.0,Cercle
53.0,53.0,1.0,0.9039840698242188,0.7860448360443115,0.9874776601791382,175.19595336914062,2208.0,8.0,8.0,4.0,0.7860448360443115,0.9694111347198486,0.134765625,0.0,0.7980028390884399,0.0,12.0,12.0,Cercle
67.0,67.0,1.0,0.8999764323234558,0.7850300669670105,0.9876681566238403,221.82337951660156,3524.0,8.0,8.0,4.0,0.7850300669670105,0.970343828201294,0.215087890625,0.0,0.7980695366859436,0.0,0.0,0.0,Cercle
63.0,63.0,1.0,0.9030394554138184,0.7845804691314697,0.9885714054107666,208.16651916503906,3114.0,8.0,8.0,4.0,0.7845804691314697,0.9708235263824463,0.1900634765625,0.0,0.7980621457099915,12.0,12.0,12.0,Cercle
45.0,45.0,1.0,0.9101918339729309,0.7822222113609314,0.9875311851501465,147.8822479248047,1584.0,8.0,8.0,4.0,0.7822222113609314,0.9658975601196289,0.0966796875,0.0,0.7979776263237,12.0,12.0,12.0,Cercle
49.0,49.0,1.0,0.9082307815551758,0.785506010055542,0.9915878176689148,161.5391082763672,1886.0,8.0,8.0,4.0,0.785506010055542,0.960524320602417,0.1151123046875,0.0,0.7979544997215271,12.0,12.0,12.0,Cercle
63.0,63.0,1.0,0.9030394554138184,0.7845804691314697,0.9885714054107666,208.16651916503906,3114.0,8.0,8.0,4.0,0.7845804691314697,0.9708235263824463,0.1900634765625,0.0,0.7980621457099915,12.0,12.0,12.0,Cercle
57.0,57.0,1.0,0.895650327205658,0.7823945879936218,0.9875679612159729,188.85281372070312,2542.0,8.0,8.0,4.0,0.7823945879936218,0.9621143937110901,0.1551513671875,0.0,0.7980552911758423,0.0,12.0,12.0,Cercle
45.0,45.0,1.0,0.9101918339729309,0.7822222113609314,0.9875311851501465,147.8822479248047,1584.0,8.0,8.0,4.0,0.7822222113609314,0.9658975601196289,0.0966796875,0.0,0.7979776263237,12.0,12.0,12.0,Cercle
53.0,53.0,1.0,0.9039840698242188,0.7860448360443115,0.9874776601791382,175.19595336914062,2208.0,8.0,8.0,4.0,0.7860448360443115,0.9694111347198486,0.134765625,0.0,0.7980028390884399,0.0,12.0,12.0,Cercle
57.0,57.0,1.0,0.895650327205658,0.7823945879936218,0.9875679612159729,188.85281372070312,2542.0,8.0,8.0,4.0,0.7823945879936218,0.9621143937110901,0.1551513671875,0.0,0.7980552911758423,0.0,12.0,12.0,Cercle
43.0,43.0,1.0,0.9007900357246399,0.7842077016830444,0.9837177991867065,142.2253875732422,1450.0,8.0,8.0,4.0,0.7842077016830444,0.9575625658035278,0.0885009765625,0.0,0.7978995442390442,12.0,12.0,12.0,Cercle
35.0,35.0,1.0,0.9078829288482666,0.7787755131721497,0.983505129814148,114.91168975830078,954.0,8.0,8.0,4.0,0.7787755131721497,0.9489508271217346,0.0582275390625,0.0,0.7978106141090393,0.0,12.0,12.0,Cercle
51.0,51.0,1.0,0.9188385605812073,0.7858515977859497,0.9903100728988647,167.19595336914062,2044.0,8.0,8.0,4.0,0.7858515977859497,0.9624562859535217,0.124755859375,0.0,0.7980008125305176,0.0,12.0,12.0,Cercle
43.0,43.0,1.0,0.9007900357246399,0.7842077016830444,0.9837177991867065,142.2253875732422,1450.0,8.0,8.0,4.0,0.7842077016830444,0.9575625658035278,0.0885009765625,0.0,0.7978995442390442,12.0,12.0,12.0,Cercle
41.0,41.0,1.0,0.9137171506881714,0.7792980074882507,0.9909228682518005,134.22540283203125,1310.0,8.0,8.0,4.0,0.7792980074882507,0.9563806653022766,0.0799560546875,0.0,0.7979654669761658,0.0,12.0,12.0,Cercle
35.0,35.0,1.0,0.9078829288482666,0.7787755131721497,0.983505129814148,114.91168975830078,954.0,8.0,8.0,4.0,0.7787755131721497,0.9489508271217346,0.0582275390625,0.0,0.7978106141090393,0.0,12.0,12.0,Cercle
61.0,61.0,1.0,0.9126830101013184,0.7820478081703186,0.9904696941375732,200.16651916503906,2910.0,8.0,8.0,4.0,0.7820478081703186,0.970939040184021,0.1776123046875,0.0,0.7980808615684509,12.0,12.0,12.0,Cercle
47.0,47.0,1.0,0.9179203510284424,0.7795382738113403,0.9907940030097961,153.5391082763672,1722.0,8.0,8.0,4.0,0.7795382738113403,0.9633128643035889,0.1051025390625,0.0,0.7980292439460754,0.0,12.0,12.0,Cercle
65.0,65.0,1.0,0.9103111028671265,0.7839053273200989,0.9916167855262756,213.82337951660156,3312.0,8.0,8.0,4.0,0.7839053273200989,0.9689669609069824,0.2021484375,0.0,0.7980909943580627,0.0,12.0,12.0,Cercle
41.0,41.0,1.0,0.9137171506881714,0.7792980074882507,0.9909228682518005,134.22540283203125,1310.0,8.0,8.0,4.0,0.7792980074882507,0.9563806653022766,0.0799560546875,0.0,0.7979654669761658,0.0,12.0,12.0,Cercle
33.0,33.0,1.0,0.8927388191223145,0.7786960601806641,0.9769585132598877,109.25482940673828,848.0,8.0,8.0,4.0,0.7786960601806641,0.9339917898178101,0.0517578125,0.0,0.7977384924888611,0.0,12.0,12.0,Cercle
29.0,29.0,1.0,0.9102704524993896,0.7871581315994263,0.9880596995353699,95.59797668457031,662.0,8.0,8.0,4.0,0.7871581315994263,0.9365259408950806,0.0404052734375,0.0,0.797441840171814,0.0,12.0,12.0,Cercle
43.0,43.0,1.0,0.9007900357246399,0.7842077016830444,0.9837177991867065,142.2253875732422,1450.0,8.0,8.0,4.0,0.7842077016830444,0.9575625658035278,0.0885009765625,0.0,0.7978995442390442,12.0,12.0,12.0,Cercle
67.0,67.0,1.0,0.8999764323234558,0.7850300669670105,0.9876681566238403,221.82337951660156,3524.0,8.0,8.0,4.0,0.7850300669670105,0.970343828201294,0.215087890625,0.0,0.7980695366859436,0.0,0.0,0.0,Cercle
51.0,51.0,1.0,0.9188385605812073,0.7858515977859497,0.9903100728988647,167.19595336914062,2044.0,8.0,8.0,4.0,0.7858515977859497,0.9624562859535217,0.124755859375,0.0,0.7980008125305176,0.0,12.0,12.0,Cercle
47.0,47.0,1.0,0.9179203510284424,0.7795382738113403,0.9907940030097961,153.5391082763672,1722.0,8.0,8.0,4.0,0.7795382738113403,0.9633128643035889,0.1051025390625,0.0,0.7980292439460754,0.0,12.0,12.0,Cercle
27.0,27.0,1.0,0.9334617853164673,0.7818930149078369,0.99303138256073,87.59797668457031,570.0,8.0,8.0,4.0,0.7818930149078369,0.9352269172668457,0.0347900390625,0.0,0.7975149750709534,0.0,12.0,12.0,Cercle
45.0,45.0,1.0,0.9101918339729309,0.7822222113609314,0.9875311851501465,147.8822479248047,1584.0,8.0,8.0,4.0,0.7822222113609314,0.9658975601196289,0.0966796875,0.0,0.7979776263237,12.0,12.0,12.0,Cercle
65.0,65.0,1.0,0.9103111028671265,0.7839053273200989,0.9916167855262756,213.82337951660156,3312.0,8.0,8.0,4.0,0.7839053273200989,0.9689669609069824,0.2021484375,0.0,0.7980909943580627,0.0,12.0,12.0,Cercle
35.0,35.0,1.0,0.9078829288482666,0.7787755131721497,0.983505129814148,114.91168975830078,954.0,8.0,8.0,4.0,0.7787755131721497,0.9489508271217346,0.0582275390625,0.0,0.7978106141090393,0.0,12.0,12.0,Cercle
59.0,59.0,1.0,0.9074196815490723,0.7848319411277771,0.9884225726127625,194.50965881347656,2732.0,8.0,8.0,4.0,0.7848319411277771,0.9662409424781799,0.166748046875,0.0,0.7980333566665649,0.0,12.0,12.0,Cercle
61.0,61.0,1.0,0.9126830101013184,0.7820478081703186,0.9904696941375732,200.16651916503906,2910.0,8.0,8.0,4.0,0.7820478081703186,0.970939040184021,0.1776123046875,0.0,0.7980808615684509,12.0,12.0,12.0,Cercle
31.0,31.0,1.0,0.9168112277984619,0.7783558964729309,0.9894179701805115,101.25483703613281,748.0,8.0,8.0,4.0,0.7783558964729309,0.9523711800575256,0.045654296875,0.0,0.7977825403213501,12.0,12.0,12.0,Cercle
57.0,57.0,1.0,0.895650327205658,0.7823945879936218,0.9875679612159729,188.85281372070312,2542.0,8.0,8.0,4.0,0.7823945879936218,0.9621143937110901,0.1551513671875,0.0,0.7980552911758423,0.0,12.0,12.0,Cercle
45.0,45.0,1.0,0.9101918339729309,0.7822222113609314,0.9875311851501465,147.8822479248047,1584.0,8.0,8.0,4.0,0.7822222113609314,0.9658975601196289,0.0966796875,0.0,0.7979776263237,12.0,12.0,12.0,Cercle
59.0,59.0,1.0,0.9074196815490723,0.7848319411277771,0.9884225726127625,194.50965881347656,2732.0,8.0,8.0,4.0,0.7848319411277771,0.9662409424781799,0.166748046875,0.0,0.7980333566665649,0.0,12.0,12.0,Cercle
29.0,29.0,1.0,0.9102704524993896,0.7871581315994263,0.9880596995353699,95.59797668457031,662.0,8.0,8.0,4.0,0.7871581315994263,0.9365259408950806,0.0404052734375,0.0,0.797441840171814,0.0,12.0,12.0,Cercle
27.0,27.0,1.0,0.9334617853164673,0.7818930149078369,0.99303138256073,87.59797668457031,570.0,8.0,8.0,4.0,0.7818930149078369,0.9352269172668457,0.0347900390625,0.0,0.7975149750709534,0.0,12.0,12.0,Cercle
47.0,47.0,1.0,0.9179203510284424,0.7795382738113403,0.9907940030097961,153.5391082763672,1722.0,8.0,8.0,4.0,0.7795382738113403,0.9633128643035889,0.1051025390625,0.0,0.7980292439460754,0.0,12.0,12.0,Cercle
51.0,51.0,1.0,0.9188385605812073,0.7858515977859497,0.9903100728988647,167.19595336914062,2044.0,8.0,8.0,4.0,0.7858515977859497,0.9624562859535217,0.124755859375,0.0,0.7980008125305176,0.0,12.0,12.0,Cercle
67.0,67.0,1.0,0.8999764323234558,0.7850300669670105,0.9876681566238403,221.82337951660156,3524.0,8.0,8.0,4.0,0.7850300669670105,0.970343828201294,0.215087890625,0.0,0.7980695366859436,0.0,0.0,0.0,Cercle
55.0,55.0,1.0,0.9105581045150757,0.7834710478782654,0.9899749159812927,180.85281372070312,2370.0,8.0,8.0,4.0,0.7834710478782654,0.9696518182754517,0.1446533203125,0.0,0.7980552315711975,0.0,0.0,0.0,Cercle
31.0,31.0,1.0,0.9168112277984619,0.7783558964729309,0.9894179701805115,101.25483703613281,748.0,8.0,8.0,4.0,0.7783558964729309,0.9523711800575256,0.045654296875,0.0,0.7977825403213501,12.0,12.0,12.0,Cercle
59.0,59.0,1.0,0.9074196815490723,0.7848319411277771,0.9884225726127625,194.50965881347656,2732.0,8.0,8.0,4.0,0.7848319411277771,0.9662409424781799,0.166748046875,0.0,0.7980333566665649,0.0,12.0,12.0,Cercle
37.0,37.0,1.0,0.9266946315765381,0.7830533385276794,0.9925925731658936,120.56854248046875,1072.0,8.0,8.0,4.0,0.7830533385276794,0.9478462934494019,0.0654296875,0.0,0.7978593707084656,0.0,12.0,12.0,Cercle
33.0,33.0,1.0,0.8927388191223145,0.7786960601806641,0.9769585132598877,109.25482940673828,848.0,8.0,8.0,4.0,0.7786960601806641,0.9339917898178101,0.0517578125,0.0,0.7977384924888611,0.0,12.0,12.0,Cercle
39.0,39.0,1.0,0.9092255234718323,0.7863247990608215,0.9900662302970886,128.56854248046875,1196.0,8.0,8.0,4.0,0.7863247990608215,0.951737105846405,0.072998046875,0.0,0.7978120446205139,0.0,12.0,12.0,Cercle
39.0,39.0,1.0,0.9092255234718323,0.7863247990608215,0.9900662302970886,128.56854248046875,1196.0,8.0,8.0,4.0,0.7863247990608215,0.951737105846405,0.072998046875,0.0,0.7978120446205139,0.0,12.0,12.0,Cercle
65.0,65.0,1.0,0.9103111028671265,0.7839053273200989,0.9916167855262756,213.82337951660156,3312.0,8.0,8.0,4.0,0.7839053273200989,0.9689669609069824,0.2021484375,0.0,0.7980909943580627,0.0,12.0,12.0,Cercle
61.0,61.0,1.0,0.9126830101013184,0.7820478081703186,0.9904696941375732,200.16651916503906,2910.0,8.0,8.0,4.0,0.7820478081703186,0.970939040184021,0.1776123046875,0.0,0.7980808615684509,12.0,12.0,12.0,Cercle
35.0,35.0,1.0,0.9078829288482666,0.7787755131721497,0.983505129814148,114.91168975830078,954.0,8.0,8.0,4.0,0.7787755131721497,0.9489508271217346,0.0582275390625,0.0,0.7978106141090393,0.0,12.0,12.0,Cercle
45.0,45.0,1.0,0.9101918339729309,0.7822222113609314,0.9875311851501465,147.8822479248047,1584.0,8.0,8.0,4.0,0.7822222113609314,0.9658975601196289,0.0966796875,0.0,0.7979776263237,12.0,12.0,12.0,Cercle
43.0,43.0,1.0,0.9007900357246399,0.7842077016830444,0.9837177991867065,142.2253875732422,1450.0,8.0,8.0,4.0,0.7842077016830444,0.9575625658035278,0.0885009765625,0.0,0.7978995442390442,12.0,12.0,12.0,Cercle
45.0,45.0,1.0,0.9101918339729309,0.7822222113609314,0.9875311851501465,147.8822479248047,1584.0,8.0,8.0,4.0,0.7822222113609314,0.9658975601196289,0.0966796875,0.0,0.7979776263237,12.0,12.0,12.0,Cercle
57.0,57.0,1.0,0.895650327205658,0.7823945879936218,0.9875679612159729,188.85281372070312,2542.0,8.0,8.0,4.0,0.7823945879936218,0.9621143937110901,0.1551513671875,0.0,0.7980552911758423,0.0,12.0,12.0,Cercle
43.0,43.0,1.0,0.9007900357246399,0.7842077016830444,0.9837177991867065,142.2253875732422,1450.0,8.0,8.0,4.0,0.7842077016830444,0.9575625658035278,0.0885009765625,0.0,0.7978995442390442,12.0,12.0,12.0,Cercle
55.0,55.0,1.0,0.9105581045150757,0.7834710478782654,0.9899749159812927,180.85281372070312,2370.0,8.0,8.0,4.0,0.7834710478782654,0.9696518182754517,0.1446533203125,0.0,0.7980552315711975,0.0,0.0,0.0,Cercle
67.0,67.0,1.0,0.8999764323234558,0.7850300669670105,0.9876681566238403,221.82337951660156,3524.0,8.0,8.0,4.0,0.7850300669670105,0.970343828201294,0.215087890625,0.0,0.7980695366859436,0.0,0.0,0.0,Cercle
51.0,51.0,1.0,0.9188385605812073,0.7858515977859497,0.9903100728988647,167.19595336914062,2044.0,8.0,8.0,4.0,0.7858515977859497,0.9624562859535217,0.124755859375,0.0,0.7980008125305176,0.0,12.0,12.0,Cercle
65.0,65.0,1.0,0.9103111028671265,0.7839053273200989,0.9916167855262756,213.82337951660156,3312.0,8.0,8.0,4.0,0.7839053273200989,0.9689669609069824,0.2021484375,0.0,0.7980909943580627,0.0,12.0,12.0,Cercle
57.0,57.0,1.0,0.895650327205658,0.7823945879936218,0.9875679612159729,188.85281372070312,2542.0,8.0,8.0,4.0,0.7823945879936218,0.9621143937110901,0.1551513671875,0.0,0.7980552911758423,0.0,12.0,12.0,Cercle
33.0,33.0,1.0,0.8927388191223145,0.7786960601806641,0.9769585132598877,109.25482940673828,848.0,8.0,8.0,4.0,0.7786960601806641,0.9339917898178101,0.0517578125,0.0,0.7977384924888611,0.0,12.0,12.0,Cercle
45.0,45.0,1.0,0.9101918339729309,0.7822222113609314,0.9875311851501465,147.8822479248047,1584.0,8.0,8.0,4.0,0.7822222113609314,0.9658975601196289,0.0966796875,0.0,0.7979776263237,12.0,12.0,12.0,Cercle
61.0,61.0,1.0,0.9126830101013184,0.7820478081703186,0.9904696941375732,200.16651916503906,2910.0,8.0,8.0,4.0,0.7820478081703186,0.970939040184021,0.1776123046875,0.0,0.7980808615684509,12.0,12.0,12.0,Cercle
41.0,41.0,1.0,0.9137171506881714,0.7792980074882507,0.9909228682518005,134.22540283203125,1310.0,8.0,8.0,4.0,0.7792980074882507,0.9563806653022766,0.0799560546875,0.0,0.7979654669761658,0.0,12.0,12.0,Cercle
29.0,29.0,1.0,0.9102704524993896,0.7871581315994263,0.9880596995353699,95.59797668457031,662.0,8.0,8.0,4.0,0.7871581315994263,0.9365259408950806,0.0404052734375,0.0,0.797441840171814,0.0,12.0,12.0,Cercle
59.0,59.0,1.0,0.9074196815490723,0.7848319411277771,0.9884225726127625,194.50965881347656,2732.0,8.0,8.0,4.0,0.7848319411277771,0.9662409424781799,0.166748046875,0.0,0.7980333566665649,0.0,12.0,12.0,Cercle
55.0,55.0,1.0,0.9105581045150757,0.7834710478782654,0.9899749159812927,180.85281372070312,2370.0,8.0,8.0,4.0,0.7834710478782654,0.9696518182754517,0.1446533203125,0.0,0.7980552315711975,0.0,0.0,0.0,Cercle
31.0,31.0,1.0,0.9168112277984619,0.7783558964729309,0.9894179701805115,101.25483703613281,748.0,8.0,8.0,4.0,0.7783558964729309,0.9523711800575256,0.045654296875,0.0,0.7977825403213501,12.0,12.0,12.0,Cercle
65.0,65.0,1.0,0.9103111028671265,0.7839053273200989,0.9916167855262756,213.82337951660156,3312.0,8.0,8.0,4.0,0.7839053273200989,0.9689669609069824,0.2021484375,0.0,0.7980909943580627,0.0,12.0,12.0,Cercle
65.0,65.0,1.0,0.9103111028671265,0.7839053273200989,0.9916167855262756,213.82337951660156,3312.0,8.0,8.0,4.0,0.7839053273200989,0.9689669609069824,0.2021484375,0.0,0.7980909943580627,0.0,12.0,12.0,Cercle
47.0,47.0,1.0,0.9179203510284424,0.7795382738113403,0.9907940030097961,153.5391082763672,1722.0,8.0,8.0,4.0,0.7795382738113403,0.9633128643035889,0.1051025390625,0.0,0.7980292439460754,0.0,12.0,12.0,Cercle
45.0,45.0,1.0,0.9101918339729309,0.7822222113609314,0.9875311851501465,147.8822479248047,1584.0,8.0,8.0,4.0,0.7822222113609314,0.9658975601196289,0.0966796875,0.0,0.7979776263237,12.0,12.0,12.0,Cercle
47.0,47.0,1.0,0.9179203510284424,0.7795382738113403,0.9907940030097961,153.5391082763672,1722.0,8.0,8.0,4.0,0.7795382738113403,0.9633128643035889,0.1051025390625,0.0,0.7980292439460754,0.0,12.0,12.0,Cercle
49.0,49.0,1.0,0.9082307815551758,0.785506010055542,0.9915878176689148,161.5391082763672,1886.0,8.0,8.0,4.0,0.785506010055542,0.960524320602417,0.1151123046875,0.0,0.7979544997215271,12.0,12.0,12.0,Cercle
41.0,41.0,1.0,0.9137171506881714,0.7792980074882507,0.9909228682518005,134.22540283203125,1310.0,8.0,8.0,4.0,0.7792980074882507,0.9563806653022766,0.0799560546875,0.0,0.7979654669761658,0.0,12.0,12.0,Cercle
59.0,59.0,1.0,0.9074196815490723,0.7848319411277771,0.9884225726127625,194.50965881347656,2732.0,8.0,8.0,4.0,0.7848319411277771,0.9662409424781799,0.166748046875,0.0,0.7980333566665649,0.0,12.0,12.0,Cercle
67.0,67.0,1.0,0.8999764323234558,0.7850300669670105,0.9876681566238403,221.82337951660156,3524.0,8.0,8.0,4.0,0.7850300669670105,0.970343828201294,0.215087890625,0.0,0.7980695366859436,0.0,0.0,0.0,Cercle
65.0,65.0,1.0,0.9103111028671265,0.7839053273200989,0.9916167855262756,213.82337951660156,3312.0,8.0,8.0,4.0,0.7839053273200989,0.9689669609069824,0.2021484375,0.0,0.7980909943580627,0.0,12.0,12.0,Cercle
45.0,45.0,1.0,0.9101918339729309,0.7822222113609314,0.9875311851501465,147.8822479248047,1584.0,8.0,8.0,4.0,0.7822222113609314,0.9658975601196289,0.0966796875,0.0,0.7979776263237,12.0,12.0,12.0,Cercle
35.0,35.0,1.0,0.9078829288482666,0.7787755131721497,0.983505129814148,114.91168975830078,954.0,8.0,8.0,4.0,0.7787755131721497,0.9489508271217346,0.0582275390625,0.0,0.7978106141090393,0.0,12.0,12.0,Cercle
29.0,29.0,1.0,0.9102704524993896,0.7871581315994263,0.9880596995353699,95.59797668457031,662.0,8.0,8.0,4.0,0.7871581315994263,0.9365259408950806,0.0404052734375,0.0,0.797441840171814,0.0,12.0,12.0,Cercle
57.0,57.0,1.0,0.895650327205658,0.7823945879936218,0.9875679612159729,188.85281372070312,2542.0,8.0,8.0,4.0,0.7823945879936218,0.9621143937110901,0.1551513671875,0.0,0.7980552911758423,0.0,12.0,12.0,Cercle
35.0,35.0,1.0,0.9078829288482666,0.7787755131721497,0.983505129814148,114.91168975830078,954.0,8.0,8.0,4.0,0.7787755131721497,0.9489508271217346,0.0582275390625,0.0,0.7978106141090393,0.0,12.0,12.0,Cercle
59.0,59.0,1.0,0.9074196815490723,0.7848319411277771,0.9884225726127625,194.50965881347656,2732.0,8.0,8.0,4.0,0.7848319411277771,0.9662409424781799,0.166748046875,0.0,0.7980333566665649,0.0,12.0,12.0,Cercle
29.0,29.0,1.0,0.9102704524993896,0.7871581315994263,0.9880596995353699,95.59797668457031,662.0,8.0,8.0,4.0,0.7871581315994263,0.9365259408950806,0.0404052734375,0.0,0.797441840171814,0.0,12.0,12.0,Cercle
39.0,39.0,1.0,0.9092255234718323,0.7863247990608215,0.9900662302970886,128.56854248046875,1196.0,8.0,8.0,4.0,0.7863247990608215,0.951737105846405,0.072998046875,0.0,0.7978120446205139,0.0,12.0,12.0,Cercle
33.0,33.0,1.0,0.8927388191223145,0.7786960601806641,0.9769585132598877,109.25482940673828,848.0,8.0,8.0,4.0,0.7786960601806641,0.9339917898178101,0.0517578125,0.0,0.7977384924888611,0.0,12.0,12.0,Cercle
61.0,61.0,1.0,0.9126830101013184,0.7820478081703186,0.9904696941375732,200.16651916503906,2910.0,8.0,8.0,4.0,0.7820478081703186,0.970939040184021,0.1776123046875,0.0,0.7980808615684509,12.0,12.0,12.0,Cercle
27.0,27.0,1.0,0.9334617853164673,0.7818930149078369,0.99303138256073,87.59797668457031,570.0,8.0,8.0,4.0,0.7818930149078369,0.9352269172668457,0.0347900390625,0.0,0.7975149750709534,0.0,12.0,12.0,Cercle
63.0,63.0,1.0,0.9030394554138184,0.7845804691314697,0.9885714054107666,208.16651916503906,3114.0,8.0,8.0,4.0,0.7845804691314697,0.9708235263824463,0.1900634765625,0.0,0.7980621457099915,12.0,12.0,12.0,Cercle
65.0,65.0,1.0,0.9103111028671265,0.7839053273200989,0.9916167855262756,213.82337951660156,3312.0,8.0,8.0,4.0,0.7839053273200989,0.9689669609069824,0.2021484375,0.0,0.7980909943580627,0.0,12.0,12.0,Cercle
27.0,27.0,1.0,0.9334617853164673,0.7818930149078369,0.99303138256073,87.59797668457031,570.0,8.0,8.0,4.0,0.7818930149078369,0.9352269172668457,0.0347900390625,0.0,0.7975149750709534,0.0,12.0,12.0,Cercle
29.0,29.0,1.0,0.9102704524993896,0.7871581315994263,0.9880596995353699,95.59797668457031,662.0,8.0,8.0,4.0,0.7871581315994263,0.9365259408950806,0.0404052734375,0.0,0.797441840171814,0.0,12.0,12.0,Cercle
53.0,53.0,1.0,0.9039840698242188,0.7860448360443115,0.9874776601791382,175.19595336914062,2208.0,8.0,8.0,4.0,0.7860448360443115,0.9694111347198486,0.134765625,0.0,0.7980028390884399,0.0,12.0,12.0,Cercle
43.0,43.0,1.0,0.9007900357246399,0.7842077016830444,0.9837177991867065,142.2253875732422,1450.0,8.0,8.0,4.0,0.7842077016830444,0.9575625658035278,0.0885009765625,0.0,0.7978995442390442,12.0,12.0,12.0,Cercle
29.0,29.0,1.0,0.9102704524993896,0.7871581315994263,0.9880596995353699,95.59797668457031,662.0,8.0,8.0,4.0,0.7871581315994263,0.9365259408950806,0.0404052734375,0.0,0.797441840171814,0.0,12.0,12.0,Cercle
51.0,51.0,1.0,0.9188385605812073,0.7858515977859497,0.9903100728988647,167.19595336914062,2044.0,8.0,8.0,4.0,0.7858515977859497,0.9624562859535217,0.124755859375,0.0,0.7980008125305176,0.0,12.0,12.0,Cercle
37.0,37.0,1.0,0.9266946315765381,0.7830533385276794,0.9925925731658936,120.56854248046875,1072.0,8.0,8.0,4.0,0.7830533385276794,0.9478462934494019,0.0654296875,0.0,0.7978593707084656,0.0,12.0,12.0,Cercle
37.0,37.0,1.0,0.9266946315765381,0.7830533385276794,0.9925925731658936,120.56854248046875,1072.0,8.0,8.0,4.0,0.7830533385276794,0.9478462934494019,0.0654296875,0.0,0.7978593707084656,0.0,12.0,12.0,Cercle
59.0,59.0,1.0,0.9074196815490723,0.7848319411277771,0.9884225726127625,194.50965881347656,2732.0,8.0,8.0,4.0,0.7848319411277771,0.9662409424781799,0.166748046875,0.0,0.7980333566665649,0.0,12.0,12.0,Cercle
59.0,59.0,1.0,0.9074196815490723,0.7848319411277771,0.9884225726127625,194.50965881347656,2732.0,8.0,8.0,4.0,0.7848319411277771,0.9662409424781799,0.166748046875,0.0,0.7980333566665649,0.0,12.0,12.0,Cercle
39.0,39.0,1.0,0.9092255234718323,0.7863247990608215,0.9900662302970886,128.56854248046875,1196.0,8.0,8.0,4.0,0.7863247990608215,0.951737105846405,0.072998046875,0.0,0.7978120446205139,0.0,12.0,12.0,Cercle
31.0,31.0,1.0,0.9168112277984619,0.7783558964729309,0.9894179701805115,101.25483703613281,748.0,8.0,8.0,4.0,0.7783558964729309,0.9523711800575256,0.045654296875,0.0,0.7977825403213501,12.0,12.0,12.0,Cercle
57.0,57.0,1.0,0.895650327205658,0.7823945879936218,0.9875679612159729,188.85281372070312,2542.0,8.0,8.0,4.0,0.7823945879936218,0.9621143937110901,0.1551513671875,0.0,0.7980552911758423,0.0,12.0,12.0,Cercle
39.0,39.0,1.0,0.9092255234718323,0.7863247990608215,0.9900662302970886,128.56854248046875,1196.0,8.0,8.0,4.0,0.7863247990608215,0.951737105846405,0.072998046875,0.0,0.7978120446205139,0.0,12.0,12.0,Cercle
47.0,47.0,1.0,0.9179203510284424,0.7795382738113403,0.9907940030097961,153.5391082763672,1722.0,8.0,8.0,4.0,0.7795382738113403,0.9633128643035889,0.1051025390625,0.0,0.7980292439460754,0.0,12.0,12.0,Cercle
27.0,27.0,1.0,0.9334617853164673,0.7818930149078369,0.99303138256073,87.59797668457031,570.0,8.0,8.0,4.0,0.7818930149078369,0.9352269172668457,0.0347900390625,0.0,0.7975149750709534,0.0,12.0,12.0,Cercle
31.0,31.0,1.0,0.9168112277984619,0.7783558964729309,0.9894179701805115,101.25483703613281,748.0,8.0,8.0,4.0,0.7783558964729309,0.9523711800575256,0.045654296875,0.0,0.7977825403213501,12.0,12.0,12.0,Cercle
67.0,67.0,1.0,0.8999764323234558,0.7850300669670105,0.9876681566238403,221.82337951660156,3524.0,8.0,8.0,4.0,0.7850300669670105,0.970343828201294,0.215087890625,0.0,0.7980695366859436,0.0,0.0,0.0,Cercle
53.0,53.0,1.0,0.9039840698242188,0.7860448360443115,0.9874776601791382,175.19595336914062,2208.0,8.0,8.0,4.0,0.7860448360443115,0.9694111347198486,0.134765625,0.0,0.7980028390884399,0.0,12.0,12.0,Cercle
27.0,27.0,1.0,0.9334617853164673,0.7818930149078369,0.99303138256073,87.59797668457031,570.0,8.0,8.0,4.0,0.7818930149078369,0.9352269172668457,0.0347900390625,0.0,0.7975149750709534,0.0,12.0,12.0,Cercle
49.0,49.0,1.0,0.9082307815551758,0.785506010055542,0.9915878176689148,161.5391082763672,1886.0,8.0,8.0,4.0,0.785506010055542,0.960524320602417,0.1151123046875,0.0,0.7979544997215271,12.0,12.0,12.0,Cercle
31.0,31.0,1.0,0.9168112277984619,0.7783558964729309,0.9894179701805115,101.25483703613281,748.0,8.0,8.0,4.0,0.7783558964729309,0.9523711800575256,0.045654296875,0.0,0.7977825403213501,12.0,12.0,12.0,Cercle
29.0,29.0,1.0,0.9102704524993896,0.7871581315994263,0.9880596995353699,95.59797668457031,662.0,8.0,8.0,4.0,0.7871581315994263,0.9365259408950806,0.0404052734375,0.0,0.797441840171814,0.0,12.0,12.0,Cercle
49.0,49.0,1.0,0.9082307815551758,0.785506010055542,0.9915878176689148,161.5391082763672,1886.0,8.0,8.0,4.0,0.785506010055542,0.960524320602417,0.1151123046875,0.0,0.7979544997215271,12.0,12.0,12.0,Cercle
51.0,51.0,1.0,0.9188385605812073,0.7858515977859497,0.9903100728988647,167.19595336914062,2044.0,8.0,8.0,4.0,0.7858515977859497,0.9624562859535217,0.124755859375,0.0,0.7980008125305176,0.0,12.0,12.0,Cercle
33.0,33.0,1.0,0.8927388191223145,0.7786960601806641,0.9769585132598877,109.25482940673828,848.0,8.0,8.0,4.0,0.7786960601806641,0.9339917898178101,0.0517578125,0.0,0.7977384924888611,0.0,12.0,12.0,Cercle
39.0,39.0,1.0,0.9092255234718323,0.7863247990608215,0.9900662302970886,128.56854248046875,1196.0,8.0,8.0,4.0,0.7863247990608215,0.951737105846405,0.072998046875,0.0,0.7978120446205139,0.0,12.0,12.0,Cercle
49.0,49.0,1.0,0.9082307815551758,0.785506010055542,0.9915878176689148,161.5391082763672,1886.0,8.0,8.0,4.0,0.785506010055542,0.960524320602417,0.1151123046875,0.0,0.7979544997215271,12.0,12.0,12.0,Cercle
53.0,53.0,1.0,0.9039840698242188,0.7860448360443115,0.9874776601791382,175.19595336914062,2208.0,8.0,8.0,4.0,0.7860448360443115,0.9694111347198486,0.134765625,0.0,0.7980028390884399,0.0,12.0,12.0,Cercle
59.0,59.0,1.0,0.9074196815490723,0.7848319411277771,0.9884225726127625,194.50965881347656,2732.0,8.0,8.0,4.0,0.7848319411277771,0.9662409424781799,0.166748046875,0.0,0.7980333566665649,0.0,12.0,12.0,Cercle
27.0,27.0,1.0,0.9334617853164673,0.7818930149078369,0.99303138256073,87.59797668457031,570.0,8.0,8.0,4.0,0.7818930149078369,0.9352269172668457,0.0347900390625,0.0,0.7975149750709534,0.0,12.0,12.0,Cercle
55.0,55.0,1.0,0.9105581045150757,0.7834710478782654,0.9899749159812927,180.85281372070312,2370.0,8.0,8.0,4.0,0.7834710478782654,0.9696518182754517,0.1446533203125,0.0,0.7980552315711975,0.0,0.0,0.0,Cercle
35.0,35.0,1.0,0.9078829288482666,0.7787755131721497,0.983505129814148,114.91168975830078,954.0,8.0,8.0,4.0,0.7787755131721497,0.9489508271217346,0.0582275390625,0.0,0.7978106141090393,0.0,12.0,12.0,Cercle
53.0,53.0,1.0,0.9039840698242188,0.7860448360443115,0.9874776601791382,175.19595336914062,2208.0,8.0,8.0,4.0,0.7860448360443115,0.9694111347198486,0.134765625,0.0,0.7980028390884399,0.0,12.0,12.0,Cercle
59.0,59.0,1.0,0.9074196815490723,0.7848319411277771,0.9884225726127625,194.50965881347656,2732.0,8.0,8.0,4.0,0.7848319411277771,0.9662409424781799,0.166748046875,0.0,0.7980333566665649,0.0,12.0,12.0,Cercle
67.0,67.0,1.0,0.8999764323234558,0.7850300669670105,0.9876681566238403,221.82337951660156,3524.0,8.0,8.0,4.0,0.7850300669670105,0.970343828201294,0.215087890625,0.0,0.7980695366859436,0.0,0.0,0.0,Cercle
49.0,49.0,1.0,0.9082307815551758,0.785506010055542,0.9915878176689148,161.5391082763672,1886.0,8.0,8.0,4.0,0.785506010055542,0.960524320602417,0.1151123046875,0.0,0.7979544997215271,12.0,12.0,12.0,Cercle
51.0,51.0,1.0,0.9188385605812073,0.7858515977859497,0.9903100728988647,167.19595336914062,2044.0,8.0,8.0,4.0,0.7858515977859497,0.9624562859535217,0.124755859375,0.0,0.7980008125305176,0.0,12.0,12.0,Cercle
53.0,53.0,1.0,0.9039840698242188,0.7860448360443115,0.9874776601791382,175.19595336914062,2208.0,8.0,8.0,4.0,0.7860448360443115,0.9694111347198486,0.134765625,0.0,0.7980028390884399,0.0,12.0,12.0,Cercle
49.0,49.0,1.0,0.9082307815551758,0.785506010055542,0.9915878176689148,161.5391082763672,1886.0,8.0,8.0,4.0,0.785506010055542,0.960524320602417,0.1151123046875,0.0,0.7979544997215271,12.0,12.0,12.0,Cercle
49.0,49.0,1.0,0.9082307815551758,0.785506010055542,0.9915878176689148,161.5391082763672,1886.0,8.0,8.0,4.0,0.785506010055542,0.960524320602417,0.1151123046875,0.0,0.7979544997215271,12.0,12.0,12.0,Cercle
33.0,33.0,1.0,0.8927388191223145,0.7786960601806641,0.9769585132598877,109.25482940673828,848.0,8.0,8.0,4.0,0.7786960601806641,0.9339917898178101,0.0517578125,0.0,0.7977384924888611,0.0,12.0,12.0,Cercle
67.0,67.0,1.0,0.8999764323234558,0.7850300669670105,0.9876681566238403,221.82337951660156,3524.0,8.0,8.0,4.0,0.7850300669670105,0.970343828201294,0.215087890625,0.0,0.7980695366859436,0.0,0.0,0.0,Cercle
41.0,41.0,1.0,0.9137171506881714,0.7792980074882507,0.9909228682518005,134.22540283203125,1310.0,8.0,8.0,4.0,0.7792980074882507,0.9563806653022766,0.0799560546875,0.0,0.7979654669761658,0.0,12.0,12.0,Cercle
39.0,39.0,1.0,0.9092255234718323,0.7863247990608215,0.9900662302970886,128.56854248046875,1196.0,8.0,8.0,4.0,0.7863247990608215,0.951737105846405,0.072998046875,0.0,0.7978120446205139,0.0,12.0,12.0,Cercle
43.0,43.0,1.0,0.9007900357246399,0.7842077016830444,0.9837177991867065,142.2253875732422,1450.0,8.0,8.0,4.0,0.7842077016830444,0.9575625658035278,0.0885009765625,0.0,0.7978995442390442,12.0,12.0,12.0,Cercle
67.0,67.0,1.0,0.8999764323234558,0.7850300669670105,0.9876681566238403,221.82337951660156,3524.0,8.0,8.0,4.0,0.7850300669670105,0.970343828201294,0.215087890625,0.0,0.7980695366859436,0.0,0.0,0.0,Cercle
49.0,49.0,1.0,0.9082307815551758,0.785506010055542,0.9915878176689148,161.5391082763672,1886.0,8.0,8.0,4.0,0.785506010055542,0.960524320602417,0.1151123046875,0.0,0.7979544997215271,12.0,12.0,12.0,Cercle
49.0,49.0,1.0,0.9082307815551758,0.785506010055542,0.9915878176689148,161.5391082763672,1886.0,8.0,8.0,4.0,0.785506010055542,0.960524320602417,0.1151123046875,0.0,0.7979544997215271,12.0,12.0,12.0,Cercle
53.0,53.0,1.0,0.9039840698242188,0.7860448360443115,0.9874776601791382,175.19595336914062,2208.0,8.0,8.0,4.0,0.7860448360443115,0.9694111347198486,0.134765625,0.0,0.7980028390884399,0.0,12.0,12.0,Cercle
65.0,65.0,1.0,0.9103111028671265,0.7839053273200989,0.9916167855262756,213.82337951660156,3312.0,8.0,8.0,4.0,0.7839053273200989,0.9689669609069824,0.2021484375,0.0,0.7980909943580627,0.0,12.0,12.0,Cercle
45.0,45.0,1.0,0.9101918339729309,0.7822222113609314,0.9875311851501465,147.8822479248047,1584.0,8.0,8.0,4.0,0.7822222113609314,0.9658975601196289,0.0966796875,0.0,0.7979776263237,12.0,12.0,12.0,Cercle
43.0,43.0,1.0,0.9007900357246399,0.7842077016830444,0.9837177991867065,142.2253875732422,1450.0,8.0,8.0,4.0,0.7842077016830444,0.9575625658035278,0.0885009765625,0.0,0.7978995442390442,12.0,12.0,12.0,Cercle
65.0,65.0,1.0,0.9103111028671265,0.7839053273200989,0.9916167855262756,213.82337951660156,3312.0,8.0,8.0,4.0,0.7839053273200989,0.9689669609069824,0.2021484375,0.0,0.7980909943580627,0.0,12.0,12.0,Cercle
45.0,45.0,1.0,0.9101918339729309,0.7822222113609314,0.9875311851501465,147.8822479248047,1584.0,8.0,8.0,4.0,0.7822222113609314,0.9658975601196289,0.0966796875,0.0,0.7979776263237,12.0,12.0,12.0,Cercle
55.0,55.0,1.0,0.9105581045150757,0.7834710478782654,0.9899749159812927,180.85281372070312,2370.0,8.0,8.0,4.0,0.7834710478782654,0.9696518182754517,0.1446533203125,0.0,0.7980552315711975,0.0,0.0,0.0,Cercle
43.0,43.0,1.0,0.9007900357246399,0.7842077016830444,0.9837177991867065,142.2253875732422,1450.0,8.0,8.0,4.0,0.7842077016830444,0.9575625658035278,0.0885009765625,0.0,0.7978995442390442,12.0,12.0,12.0,Cercle
67.0,67.0,1.0,0.8999764323234558,0.7850300669670105,0.9876681566238403,221.82337951660156,3524.0,8.0,8.0,4.0,0.7850300669670105,0.970343828201294,0.215087890625,0.0,0.7980695366859436,0.0,0.0,0.0,Cercle
27.0,27.0,1.0,0.9334617853164673,0.7818930149078369,0.99303138256073,87.59797668457031,570.0,8.0,8.0,4.0,0.7818930149078369,0.9352269172668457,0.0347900390625,0.0,0.7975149750709534,0.0,12.0,12.0,Cercle
29.0,29.0,1.0,0.9102704524993896,0.7871581315994263,0.9880596995353699,95.59797668457031,662.0,8.0,8.0,4.0,0.7871581315994263,0.9365259408950806,0.0404052734375,0.0,0.797441840171814,0.0,12.0,12.0,Cercle
41.0,41.0,1.0,0.9137171506881714,0.7792980074882507,0.9909228682518005,134.22540283203125,1310.0,8.0,8.0,4.0,0.7792980074882507,0.9563806653022766,0.0799560546875,0.0,0.7979654669761658,0.0,12.0,12.0,Cercle
55.0,55.0,1.0,0.9105581045150757,0.7834710478782654,0.9899749159812927,180.85281372070312,2370.0,8.0,8.0,4.0,0.7834710478782654,0.9696518182754517,0.1446533203125,0.0,0.7980552315711975,0.0,0.0,0.0,Cercle
59.0,59.0,1.0,0.9074196815490723,0.7848319411277771,0.9884225726127625,194.50965881347656,2732.0,8.0,8.0,4.0,0.7848319411277771,0.9662409424781799,0.166748046875,0.0,0.7980333566665649,0.0,12.0,12.0,Cercle
49.0,49.0,1.0,0.9082307815551758,0.785506010055542,0.9915878176689148,161.5391082763672,1886.0,8.0,8.0,4.0,0.785506010055542,0.960524320602417,0.1151123046875,0.0,0.7979544997215271,12.0,12.0,12.0,Cercle
67.0,67.0,1.0,0.8999764323234558,0.7850300669670105,0.9876681566238403,221.82337951660156,3524.0,8.0,8.0,4.0,0.7850300669670105,0.970343828201294,0.215087890625,0.0,0.7980695366859436,0.0,0.0,0.0,Cercle
39.0,39.0,1.0,0.9092255234718323,0.7863247990608215,0.9900662302970886,128.56854248046875,1196.0,8.0,8.0,4.0,0.7863247990608215,0.951737105846405,0.072998046875,0.0,0.7978120446205139,0.0,12.0,12.0,Cercle
61.0,61.0,1.0,0.9126830101013184,0.7820478081703186,0.9904696941375732,200.16651916503906,2910.0,8.0,8.0,4.0,0.7820478081703186,0.970939040184021,0.1776123046875,0.0,0.7980808615684509,12.0,12.0,12.0,Cercle
67.0,67.0,1.0,0.8999764323234558,0.7850300669670105,0.9876681566238403,221.82337951660156,3524.0,8.0,8.0,4.0,0.7850300669670105,0.970343828201294,0.215087890625,0.0,0.7980695366859436,0.0,0.0,0.0,Cercle
31.0,31.0,1.0,0.9168112277984619,0.7783558964729309,0.9894179701805115,101.25483703613281,748.0,8.0,8.0,4.0,0.7783558964729309,0.9523711800575256,0.045654296875,0.0,0.7977825403213501,12.0,12.0,12.0,Cercle
37.0,37.0,1.0,0.9266946315765381,0.7830533385276794,0.9925925731658936,120.56854248046875,1072.0,8.0,8.0,4.0,0.7830533385276794,0.9478462934494019,0.0654296875,0.0,0.7978593707084656,0.0,12.0,12.0,Cercle
49.0,49.0,1.0,0.9082307815551758,0.785506010055542,0.9915878176689148,161.5391082763672,1886.0,8.0,8.0,4.0,0.785506010055542,0.960524320602417,0.1151123046875,0.0,0.7979544997215271,12.0,12.0,12.0,Cercle
39.0,39.0,1.0,0.9092255234718323,0.7863247990608215,0.9900662302970886,128.56854248046875,1196.0,8.0,8.0,4.0,0.7863247990608215,0.951737105846405,0.072998046875,0.0,0.7978120446205139,0.0,12.0,12.0,Cercle
41.0,41.0,1.0,0.9137171506881714,0.7792980074882507,0.9909228682518005,134.22540283203125,1310.0,8.0,8.0,4.0,0.7792980074882507,0.9563806653022766,0.0799560546875,0.0,0.7979654669761658,0.0,12.0,12.0,Cercle
61.0,61.0,1.0,0.9126830101013184,0.7820478081703186,0.9904696941375732,200.16651916503906,2910.0,8.0,8.0,4.0,0.7820478081703186,0.970939040184021,0.1776123046875,0.0,0.7980808615684509,12.0,12.0,12.0,Cercle
65.0,65.0,1.0,0.9103111028671265,0.7839053273200989,0.9916167855262756,213.82337951660156,3312.0,8.0,8.0,4.0,0.7839053273200989,0.9689669609069824,0.2021484375,0.0,0.7980909943580627,0.0,12.0,12.0,Cercle
43.0,43.0,1.0,0.9007900357246399,0.7842077016830444,0.9837177991867065,142.2253875732422,1450.0,8.0,8.0,4.0,0.7842077016830444,0.9575625658035278,0.0885009765625,0.0,0.7978995442390442,12.0,12.0,12.0,Cercle
59.0,59.0,1.0,0.9074196815490723,0.7848319411277771,0.9884225726127625,194.50965881347656,2732.0,8.0,8.0,4.0,0.7848319411277771,0.9662409424781799,0.166748046875,0.0,0.7980333566665649,0.0,12.0,12.0,Cercle
55.0,55.0,1.0,0.9105581045150757,0.7834710478782654,0.9899749159812927,180.85281372070312,2370.0,8.0,8.0,4.0,0.7834710478782654,0.9696518182754517,0.1446533203125,0.0,0.7980552315711975,0.0,0.0,0.0,Cercle
63.0,63.0,1.0,0.9030394554138184,0.7845804691314697,0.9885714054107666,208.16651916503906,3114.0,8.0,8.0,4.0,0.7845804691314697,0.9708235263824463,0.1900634765625,0.0,0.7980621457099915,12.0,12.0,12.0,Cercle
43.0,43.0,1.0,0.9007900357246399,0.7842077016830444,0.9837177991867065,142.2253875732422,1450.0,8.0,8.0,4.0,0.7842077016830444,0.9575625658035278,0.0885009765625,0.0,0.7978995442390442,12.0,12.0,12.0,Cercle
49.0,49.0,1.0,0.9082307815551758,0.785506010055542,0.9915878176689148,161.5391082763672,1886.0,8.0,8.0,4.0,0.785506010055542,0.960524320602417,0.1151123046875,0.0,0.7979544997215271,12.0,12.0,12.0,Cercle
61.0,61.0,1.0,0.9126830101013184,0.7820478081703186,0.9904696941375732,200.16651916503906,2910.0,8.0,8.0,4.0,0.7820478081703186,0.970939040184021,0.1776123046875,0.0,0.7980808615684509,12.0,12.0,12.0,Cercle
29.0,29.0,1.0,0.9102704524993896,0.7871581315994263,0.9880596995353699,95.59797668457031,662.0,8.0,8.0,4.0,0.7871581315994263,0.9365259408950806,0.0404052734375,0.0,0.797441840171814,0.0,12.0,12.0,Cercle
63.0,63.0,1.0,0.9030394554138184,0.7845804691314697,0.9885714054107666,208.16651916503906,3114.0,8.0,8.0,4.0,0.7845804691314697,0.9708235263824463,0.1900634765625,0.0,0.7980621457099915,12.0,12.0,12.0,Cercle
67.0,67.0,1.0,0.8999764323234558,0.7850300669670105,0.9876681566238403,221.82337951660156,3524.0,8.0,8.0,4.0,0.7850300669670105,0.970343828201294,0.215087890625,0.0,0.7980695366859436,0.0,0.0,0.0,Cercle
57.0,57.0,1.0,0.895650327205658,0.7823945879936218,0.9875679612159729,188.85281372070312,2542.0,8.0,8.0,4.0,0.7823945879936218,0.9621143937110901,0.1551513671875,0.0,0.7980552911758423,0.0,12.0,12.0,Cercle
65.0,65.0,1.0,0.9103111028671265,0.7839053273200989,0.9916167855262756,213.82337951660156,3312.0,8.0,8.0,4.0,0.7839053273200989,0.9689669609069824,0.2021484375,0.0,0.7980909943580627,0.0,12.0,12.0,Cercle
61.0,61.0,1.0,0.9126830101013184,0.7820478081703186,0.9904696941375732,200.16651916503906,2910.0,8.0,8.0,4.0,0.7820478081703186,0.970939040184021,0.1776123046875,0.0,0.7980808615684509,12.0,12.0,12.0,Cercle
41.0,41.0,1.0,0.9137171506881714,0.7792980074882507,0.9909228682518005,134.22540283203125,1310.0,8.0,8.0,4.0,0.7792980074882507,0.9563806653022766,0.0799560546875,0.0,0.7979654669761658,0.0,12.0,12.0,Cercle
59.0,59.0,1.0,0.9074196815490723,0.7848319411277771,0.9884225726127625,194.50965881347656,2732.0,8.0,8.0,4.0,0.7848319411277771,0.9662409424781799,0.166748046875,0.0,0.7980333566665649,0.0,12.0,12.0,Cercle
67.0,67.0,1.0,0.8999764323234558,0.7850300669670105,0.9876681566238403,221.82337951660156,3524.0,8.0,8.0,4.0,0.7850300669670105,0.970343828201294,0.215087890625,0.0,0.7980695366859436,0.0,0.0,0.0,Cercle
59.0,59.0,1.0,0.9074196815490723,0.7848319411277771,0.9884225726127625,194.50965881347656,2732.0,8.0,8.0,4.0,0.7848319411277771,0.9662409424781799,0.166748046875,0.0,0.7980333566665649,0.0,12.0,12.0,Cercle
49.0,49.0,1.0,0.9082307815551758,0.785506010055542,0.9915878176689148,161.5391082763672,1886.0,8.0,8.0,4.0,0.785506010055542,0.960524320602417,0.1151123046875,0.0,0.7979544997215271,12.0,12.0,12.0,Cercle
59.0,59.0,1.0,0.9074196815490723,0.7848319411277771,0.9884225726127625,194.50965881347656,2732.0,8.0,8.0,4.0,0.7848319411277771,0.9662409424781799,0.166748046875,0.0,0.7980333566665649,0.0,12.0,12.0,Cercle
45.0,45.0,1.0,0.9101918339729309,0.7822222113609314,0.9875311851501465,147.8822479248047,1584.0,8.0,8.0,4.0,0.7822222113609314,0.9658975601196289,0.0966796875,0.0,0.7979776263237,12.0,12.0,12.0,Cercle
45.0,45.0,1.0,0.9101918339729309,0.7822222113609314,0.9875311851501465,147.8822479248047,1584.0,8.0,8.0,4.0,0.7822222113609314,0.9658975601196289,0.0966796875,0.0,0.7979776263237,12.0,12.0,12.0,Cercle
37.0,37.0,1.0,0.9266946315765381,0.7830533385276794,0.9925925731658936,120.56854248046875,1072.0,8.0,8.0,4.0,0.7830533385276794,0.9478462934494019,0.0654296875,0.0,0.7978593707084656,0.0,12.0,12.0,Cercle
27.0,27.0,1.0,0.9334617853164673,0.7818930149078369,0.99303138256073,87.59797668457031,570.0,8.0,8.0,4.0,0.7818930149078369,0.9352269172668457,0.0347900390625,0.0,0.7975149750709534,0.0,12.0,12.0,Cercle
39.0,39.0,1.0,0.9092255234718323,0.7863247990608215,0.9900662302970886,128.56854248046875,1196.0,8.0,8.0,4.0,0.7863247990608215,0.951737105846405,0.072998046875,0.0,0.7978120446205139,0.0,12.0,12.0,Cercle
47.0,47.0,1.0,0.9179203510284424,0.7795382738113403,0.9907940030097961,153.5391082763672,1722.0,8.0,8.0,4.0,0.7795382738113403,0.9633128643035889,0.1051025390625,0.0,0.7980292439460754,0.0,12.0,12.0,Cercle
51.0,51.0,1.0,0.9188385605812073,0.7858515977859497,0.9903100728988647,167.19595336914062,2044.0,8.0,8.0,4.0,0.7858515977859497,0.9624562859535217,0.124755859375,0.0,0.7980008125305176,0.0,12.0,12.0,Cercle
55.0,55.0,1.0,0.9105581045150757,0.7834710478782654,0.9899749159812927,180.85281372070312,2370.0,8.0,8.0,4.0,0.7834710478782654,0.9696518182754517,0.1446533203125,0.0,0.7980552315711975,0.0,0.0,0.0,Cercle
41.0,41.0,1.0,0.9137171506881714,0.7792980074882507,0.9909228682518005,134.22540283203125,1310.0,8.0,8.0,4.0,0.7792980074882507,0.9563806653022766,0.0799560546875,0.0,0.7979654669761658,0.0,12.0,12.0,Cercle
65.0,65.0,1.0,0.9103111028671265,0.7839053273200989,0.9916167855262756,213.82337951660156,3312.0,8.0,8.0,4.0,0.7839053273200989,0.9689669609069824,0.2021484375,0.0,0.7980909943580627,0.0,12.0,12.0,Cercle
45.0,45.0,1.0,0.9101918339729309,0.7822222113609314,0.9875311851501465,147.8822479248047,1584.0,8.0,8.0,4.0,0.7822222113609314,0.9658975601196289,0.0966796875,0.0,0.7979776263237,12.0,12.0,12.0,Cercle
53.0,53.0,1.0,0.9039840698242188,0.7860448360443115,0.9874776601791382,175.19595336914062,2208.0,8.0,8.0,4.0,0.7860448360443115,0.9694111347198486,0.134765625,0.0,0.7980028390884399,0.0,12.0,12.0,Cercle
41.0,41.0,1.0,0.9137171506881714,0.7792980074882507,0.9909228682518005,134.22540283203125,1310.0,8.0,8.0,4.0,0.7792980074882507,0.9563806653022766,0.0799560546875,0.0,0.7979654669761658,0.0,12.0,12.0,Cercle
45.0,45.0,1.0,0.9101918339729309,0.7822222113609314,0.9875311851501465,147.8822479248047,1584.0,8.0,8.0,4.0,0.7822222113609314,0.9658975601196289,0.0966796875,0.0,0.7979776263237,12.0,12.0,12.0,Cercle
67.0,67.0,1.0,0.8999764323234558,0.7850300669670105,0.9876681566238403,221.82337951660156,3524.0,8.0,8.0,4.0,0.7850300669670105,0.970343828201294,0.215087890625,0.0,0.7980695366859436,0.0,0.0,0.0,Cercle
43.0,43.0,1.0,0.9007900357246399,0.7842077016830444,0.9837177991867065,142.2253875732422,1450.0,8.0,8.0,4.0,0.7842077016830444,0.9575625658035278,0.0885009765625,0.0,0.7978995442390442,12.0,12.0,12.0,Cercle
47.0,47.0,1.0,0.9179203510284424,0.7795382738113403,0.9907940030097961,153.5391082763672,1722.0,8.0,8.0,4.0,0.7795382738113403,0.9633128643035889,0.1051025390625,0.0,0.7980292439460754,0.0,12.0,12.0,Cercle
27.0,27.0,1.0,0.9334617853164673,0.7818930149078369,0.99303138256073,87.59797668457031,570.0,8.0,8.0,4.0,0.7818930149078369,0.9352269172668457,0.0347900390625,0.0,0.7975149750709534,0.0,12.0,12.0,Cercle
35.0,35.0,1.0,0.9078829288482666,0.7787755131721497,0.983505129814148,114.91168975830078,954.0,8.0,8.0,4.0,0.7787755131721497,0.9489508271217346,0.0582275390625,0.0,0.7978106141090393,0.0,12.0,12.0,Cercle
57.0,57.0,1.0,0.895650327205658,0.7823945879936218,0.9875679612159729,188.85281372070312,2542.0,8.0,8.0,4.0,0.7823945879936218,0.9621143937110901,0.1551513671875,0.0,0.7980552911758423,0.0,12.0,12.0,Cercle
33.0,33.0,1.0,0.8927388191223145,0.7786960601806641,0.9769585132598877,109.25482940673828,848.0,8.0,8.0,4.0,0.7786960601806641,0.9339917898178101,0.0517578125,0.0,0.7977384924888611,0.0,12.0,12.0,Cercle
59.0,59.0,1.0,0.9074196815490723,0.7848319411277771,0.9884225726127625,194.50965881347656,2732.0,8.0,8.0,4.0,0.7848319411277771,0.9662409424781799,0.166748046875,0.0,0.7980333566665649,0.0,12.0,12.0,Cercle
39.0,39.0,1.0,0.9092255234718323,0.7863247990608215,0.9900662302970886,128.56854248046875,1196.0,8.0,8.0,4.0,0.7863247990608215,0.951737105846405,0.072998046875,0.0,0.7978120446205139,0.0,12.0,12.0,Cercle
65.0,65.0,1.0,0.9103111028671265,0.7839053273200989,0.9916167855262756,213.82337951660156,3312.0,8.0,8.0,4.0,0.7839053273200989,0.9689669609069824,0.2021484375,0.0,0.7980909943580627,0.0,12.0,12.0,Cercle
61.0,61.0,1.0,0.9126830101013184,0.7820478081703186,0.9904696941375732,200.16651916503906,2910.0,8.0,8.0,4.0,0.7820478081703186,0.970939040184021,0.1776123046875,0.0,0.7980808615684509,12.0,12.0,12.0,Cercle
67.0,67.0,1.0,0.8999764323234558,0.7850300669670105,0.9876681566238403,221.82337951660156,3524.0,8.0,8.0,4.0,0.7850300669670105,0.970343828201294,0.215087890625,0.0,0.7980695366859436,0.0,0.0,0.0,Cercle
59.0,59.0,1.0,0.9074196815490723,0.7848319411277771,0.9884225726127625,194.50965881347656,2732.0,8.0,8.0,4.0,0.7848319411277771,0.9662409424781799,0.166748046875,0.0,0.7980333566665649,0.0,12.0,12.0,Cercle
65.0,65.0,1.0,0.9103111028671265,0.7839053273200989,0.9916167855262756,213.82337951660156,3312.0,8.0,8.0,4.0,0.7839053273200989,0.9689669609069824,0.2021484375,0.0,0.7980909943580627,0.0,12.0,12.0,Cercle
47.0,47.0,1.0,0.9179203510284424,0.7795382738113403,0.9907940030097961,153.5391082763672,1722.0,8.0,8.0,4.0,0.7795382738113403,0.9633128643035889,0.1051025390625,0.0,0.7980292439460754,0.0,12.0,12.0,Cercle
55.0,55.0,1.0,0.9105581045150757,0.7834710478782654,0.9899749159812927,180.85281372070312,2370.0,8.0,8.0,4.0,0.7834710478782654,0.9696518182754517,0.1446533203125,0.0,0.7980552315711975,0.0,0.0,0.0,Cercle
45.0,45.0,1.0,0.9101918339729309,0.7822222113609314,0.9875311851501465,147.8822479248047,1584.0,8.0,8.0,4.0,0.7822222113609314,0.9658975601196289,0.0966796875,0.0,0.7979776263237,12.0,12.0,12.0,Cercle
53.0,53.0,1.0,0.9039840698242188,0.7860448360443115,0.9874776601791382,175.19595336914062,2208.0,8.0,8.0,4.0,0.7860448360443115,0.9694111347198486,0.134765625,0.0,0.7980028390884399,0.0,12.0,12.0,Cercle
51.0,51.0,1.0,0.9188385605812073,0.7858515977859497,0.9903100728988647,167.19595336914062,2044.0,8.0,8.0,4.0,0.7858515977859497,0.9624562859535217,0.124755859375,0.0,0.7980008125305176,0.0,12.0,12.0,Cercle
29.0,29.0,1.0,0.9102704524993896,0.7871581315994263,0.9880596995353699,95.59797668457031,662.0,8.0,8.0,4.0,0.7871581315994263,0.9365259408950806,0.0404052734375,0.0,0.797441840171814,0.0,12.0,12.0,Cercle
35.0,35.0,1.0,0.9078829288482666,0.7787755131721497,0.983505129814148,114.91168975830078,954.0,8.0,8.0,4.0,0.7787755131721497,0.9489508271217346,0.0582275390625,0.0,0.7978106141090393,0.0,12.0,12.0,Cercle
39.0,39.0,1.0,0.9092255234718323,0.7863247990608215,0.9900662302970886,128.56854248046875,1196.0,8.0,8.0,4.0,0.7863247990608215,0.951737105846405,0.072998046875,0.0,0.7978120446205139,0.0,12.0,12.0,Cercle
35.0,35.0,1.0,0.9078829288482666,0.7787755131721497,0.983505129814148,114.91168975830078,954.0,8.0,8.0,4.0,0.7787755131721497,0.9489508271217346,0.0582275390625,0.0,0.7978106141090393,0.0,12.0,12.0,Cercle
61.0,61.0,1.0,0.9126830101013184,0.7820478081703186,0.9904696941375732,200.16651916503906,2910.0,8.0,8.0,4.0,0.7820478081703186,0.970939040184021,0.1776123046875,0.0,0.7980808615684509,12.0,12.0,12.0,Cercle
49.0,49.0,1.0,0.9082307815551758,0.785506010055542,0.9915878176689148,161.5391082763672,1886.0,8.0,8.0,4.0,0.785506010055542,0.960524320602417,0.1151123046875,0.0,0.7979544997215271,12.0,12.0,12.0,Cercle
39.0,39.0,1.0,0.9092255234718323,0.7863247990608215,0.9900662302970886,128.56854248046875,1196.0,8.0,8.0,4.0,0.7863247990608215,0.951737105846405,0.072998046875,0.0,0.7978120446205139,0.0,12.0,12.0,Cercle
43.0,43.0,1.0,0.9007900357246399,0.7842077016830444,0.9837177991867065,142.2253875732422,1450.0,8.0,8.0,4.0,0.7842077016830444,0.9575625658035278,0.0885009765625,0.0,0.7978995442390442,12.0,12.0,12.0,Cercle
67.0,67.0,1.0,0.8999764323234558,0.7850300669670105,0.9876681566238403,221.82337951660156,3524.0,8.0,8.0,4.0,0.7850300669670105,0.970343828201294,0.215087890625,0.0,0.7980695366859436,0.0,0.0,0.0,Cercle
33.0,33.0,1.0,0.8927388191223145,0.7786960601806641,0.9769585132598877,109.25482940673828,848.0,8.0,8.0,4.0,0.7786960601806641,0.9339917898178101,0.0517578125,0.0,0.7977384924888611,0.0,12.0,12.0,Cercle
61.0,61.0,1.0,0.9126830101013184,0.7820478081703186,0.9904696941375732,200.16651916503906,2910.0,8.0,8.0,4.0,0.7820478081703186,0.970939040184021,0.1776123046875,0.0,0.7980808615684509,12.0,12.0,12.0,Cercle
37.0,37.0,1.0,0.9266946315765381,0.7830533385276794,0.9925925731658936,120.56854248046875,1072.0,8.0,8.0,4.0,0.7830533385276794,0.9478462934494019,0.0654296875,0.0,0.7978593707084656,0.0,12.0,12.0,Cercle
33.0,33.0,1.0,0.8927388191223145,0.7786960601806641,0.9769585132598877,109.25482940673828,848.0,8.0,8.0,4.0,0.7786960601806641,0.9339917898178101,0.0517578125,0.0,0.7977384924888611,0.0,12.0,12.0,Cercle
37.0,37.0,1.0,0.9266946315765381,0.7830533385276794,0.9925925731658936,120.56854248046875,1072.0,8.0,8.0,4.0,0.7830533385276794,0.9478462934494019,0.0654296875,0.0,0.7978593707084656,0.0,12.0,12.0,Cercle
37.0,37.0,1.0,0.9266946315765381,0.7830533385276794,0.9925925731658936,120.56854248046875,1072.0,8.0,8.0,4.0,0.7830533385276794,0.9478462934494019,0.0654296875,0.0,0.7978593707084656,0.0,12.0,12.0,Cercle
31.0,31.0,1.0,0.9168112277984619,0.7783558964729309,0.9894179701805115,101.25483703613281,748.0,8.0,8.0,4.0,0.7783558964729309,0.9523711800575256,0.045654296875,0.0,0.7977825403213501,12.0,12.0,12.0,Cercle
51.0,51.0,1.0,0.9188385605812073,0.7858515977859497,0.9903100728988647,167.19595336914062,2044.0,8.0,8.0,4.0,0.7858515977859497,0.9624562859535217,0.124755859375,0.0,0.7980008125305176,0.0,12.0,12.0,Cercle
61.0,61.0,1.0,0.9126830101013184,0.7820478081703186,0.9904696941375732,200.16651916503906,2910.0,8.0,8.0,4.0,0.7820478081703186,0.970939040184021,0.1776123046875,0.0,0.7980808615684509,12.0,12.0,12.0,Cercle
59.0,59.0,1.0,0.9074196815490723,0.7848319411277771,0.9884225726127625,194.50965881347656,2732.0,8.0,8.0,4.0,0.7848319411277771,0.9662409424781799,0.166748046875,0.0,0.7980333566665649,0.0,12.0,12.0,Cercle
33.0,33.0,1.0,0.8927388191223145,0.7786960601806641,0.9769585132598877,109.25482940673828,848.0,8.0,8.0,4.0,0.7786960601806641,0.9339917898178101,0.0517578125,0.0,0.7977384924888611,0.0,12.0,12.0,Cercle
65.0,65.0,1.0,0.9103111028671265,0.7839053273200989,0.9916167855262756,213.82337951660156,3312.0,8.0,8.0,4.0,0.7839053273200989,0.9689669609069824,0.2021484375,0.0,0.7980909943580627,0.0,12.0,12.0,Cercle
61.0,61.0,1.0,0.9126830101013184,0.7820478081703186,0.9904696941375732,200.16651916503906,2910.0,8.0,8.0,4.0,0.7820478081703186,0.970939040184021,0.1776123046875,0.0,0.7980808615684509,12.0,12.0,12.0,Cercle
27.0,27.0,1.0,0.9334617853164673,0.7818930149078369,0.99303138256073,87.59797668457031,570.0,8.0,8.0,4.0,0.7818930149078369,0.9352269172668457,0.0347900390625,0.0,0.7975149750709534,0.0,12.0,12.0,Cercle
53.0,53.0,1.0,0.9039840698242188,0.7860448360443115,0.9874776601791382,175.19595336914062,2208.0,8.0,8.0,4.0,0.7860448360443115,0.9694111347198486,0.134765625,0.0,0.7980028390884399,0.0,12.0,12.0,Cercle
57.0,57.0,1.0,0.895650327205658,0.7823945879936218,0.9875679612159729,188.85281372070312,2542.0,8.0,8.0,4.0,0.7823945879936218,0.9621143937110901,0.1551513671875,0.0,0.7980552911758423,0.0,12.0,12.0,Cercle
33.0,33.0,1.0,0.8927388191223145,0.7786960601806641,0.9769585132598877,109.25482940673828,848.0,8.0,8.0,4.0,0.7786960601806641,0.9339917898178101,0.0517578125,0.0,0.7977384924888611,0.0,12.0,12.0,Cercle
63.0,63.0,1.0,0.9030394554138184,0.7845804691314697,0.9885714054107666,208.16651916503906,3114.0,8.0,8.0,4.0,0.7845804691314697,0.9708235263824463,0.1900634765625,0.0,0.7980621457099915,12.0,12.0,12.0,Cercle
29.0,29.0,1.0,0.9102704524993896,0.7871581315994263,0.9880596995353699,95.59797668457031,662.0,8.0,8.0,4.0,0.7871581315994263,0.9365259408950806,0.0404052734375,0.0,0.797441840171814,0.0,12.0,12.0,Cercle
29.0,29.0,1.0,0.9102704524993896,0.7871581315994263,0.9880596995353699,95.59797668457031,662.0,8.0,8.0,4.0,0.7871581315994263,0.9365259408950806,0.0404052734375,0.0,0.797441840171814,0.0,12.0,12.0,Cercle
67.0,67.0,1.0,0.8999764323234558,0.7850300669670105,0.9876681566238403,221.82337951660156,3524.0,8.0,8.0,4.0,0.7850300669670105,0.970343828201294,0.215087890625,0.0,0.7980695366859436,0.0,0.0,0.0,Cercle
33.0,33.0,1.0,0.8927388191223145,0.7786960601806641,0.9769585132598877,109.25482940673828,848.0,8.0,8.0,4.0,0.7786960601806641,0.9339917898178101,0.0517578125,0.0,0.7977384924888611,0.0,12.0,12.0,Cercle
67.0,67.0,1.0,0.8999764323234558,0.7850300669670105,0.9876681566238403,221.82337951660156,3524.0,8.0,8.0,4.0,0.7850300669670105,0.970343828201294,0.215087890625,0.0,0.7980695366859436,0.0,0.0,0.0,Cercle
61.0,61.0,1.0,0.9126830101013184,0.7820478081703186,0.9904696941375732,200.16651916503906,2910.0,8.0,8.0,4.0,0.7820478081703186,0.970939040184021,0.1776123046875,0.0,0.7980808615684509,12.0,12.0,12.0,Cercle
53.0,53.0,1.0,0.9039840698242188,0.7860448360443115,0.9874776601791382,175.19595336914062,2208.0,8.0,8.0,4.0,0.7860448360443115,0.9694111347198486,0.134765625,0.0,0.7980028390884399,0.0,12.0,12.0,Cercle
29.0,29.0,1.0,0.9102704524993896,0.7871581315994263,0.9880596995353699,95.59797668457031,662.0,8.0,8.0,4.0,0.7871581315994263,0.9365259408950806,0.0404052734375,0.0,0.797441840171814,0.0,12.0,12.0,Cercle
47.0,47.0,1.0,0.9179203510284424,0.7795382738113403,0.9907940030097961,153.5391082763672,1722.0,8.0,8.0,4.0,0.7795382738113403,0.9633128643035889,0.1051025390625,0.0,0.7980292439460754,0.0,12.0,12.0,Cercle
51.0,51.0,1.0,0.9188385605812073,0.7858515977859497,0.9903100728988647,167.19595336914062,2044.0,8.0,8.0,4.0,0.7858515977859497,0.9624562859535217,0.124755859375,0.0,0.7980008125305176,0.0,12.0,12.0,Cercle
57.0,57.0,1.0,0.895650327205658,0.7823945879936218,0.9875679612159729,188.85281372070312,2542.0,8.0,8.0,4.0,0.7823945879936218,0.9621143937110901,0.1551513671875,0.0,0.7980552911758423,0.0,12.0,12.0,Cercle
33.0,33.0,1.0,0.8927388191223145,0.7786960601806641,0.9769585132598877,109.25482940673828,848.0,8.0,8.0,4.0,0.7786960601806641,0.9339917898178101,0.0517578125,0.0,0.7977384924888611,0.0,12.0,12.0,Cercle
27.0,27.0,1.0,0.9334617853164673,0.7818930149078369,0.99303138256073,87.59797668457031,570.0,8.0,8.0,4.0,0.7818930149078369,0.9352269172668457,0.0347900390625,0.0,0.7975149750709534,0.0,12.0,12.0,Cercle
51.0,51.0,1.0,0.9188385605812073,0.7858515977859497,0.9903100728988647,167.19595336914062,2044.0,8.0,8.0,4.0,0.7858515977859497,0.9624562859535217,0.124755859375,0.0,0.7980008125305176,0.0,12.0,12.0,Cercle
47.0,47.0,1.0,0.9179203510284424,0.7795382738113403,0.9907940030097961,153.5391082763672,1722.0,8.0,8.0,4.0,0.7795382738113403,0.9633128643035889,0.1051025390625,0.0,0.7980292439460754,0.0,12.0,12.0,Cercle
27.0,27.0,1.0,0.9334617853164673,0.7818930149078369,0.99303138256073,87.59797668457031,570.0,8.0,8.0,4.0,0.7818930149078369,0.9352269172668457,0.0347900390625,0.0,0.7975149750709534,0.0,12.0,12.0,Cercle
65.0,65.0,1.0,0.9103111028671265,0.7839053273200989,0.9916167855262756,213.82337951660156,3312.0,8.0,8.0,4.0,0.7839053273200989,0.9689669609069824,0.2021484375,0.0,0.7980909943580627,0.0,12.0,12.0,Cercle
65.0,65.0,1.0,0.9103111028671265,0.7839053273200989,0.9916167855262756,213.82337951660156,3312.0,8.0,8.0,4.0,0.7839053273200989,0.9689669609069824,0.2021484375,0.0,0.7980909943580627,0.0,12.0,12.0,Cercle
37.0,37.0,1.0,0.9266946315765381,0.7830533385276794,0.9925925731658936,120.56854248046875,1072.0,8.0,8.0,4.0,0.7830533385276794,0.9478462934494019,0.0654296875,0.0,0.7978593707084656,0.0,12.0,12.0,Cercle
57.0,57.0,1.0,0.895650327205658,0.7823945879936218,0.9875679612159729,188.85281372070312,2542.0,8.0,8.0,4.0,0.7823945879936218,0.9621143937110901,0.1551513671875,0.0,0.7980552911758423,0.0,12.0,12.0,Cercle
49.0,49.0,1.0,0.9082307815551758,0.785506010055542,0.9915878176689148,161.5391082763672,1886.0,8.0,8.0,4.0,0.785506010055542,0.960524320602417,0.1151123046875,0.0,0.7979544997215271,12.0,12.0,12.0,Cercle
45.0,45.0,1.0,0.9101918339729309,0.7822222113609314,0.9875311851501465,147.8822479248047,1584.0,8.0,8.0,4.0,0.7822222113609314,0.9658975601196289,0.0966796875,0.0,0.7979776263237,12.0,12.0,12.0,Cercle
51.0,51.0,1.0,0.9188385605812073,0.7858515977859497,0.9903100728988647,167.19595336914062,2044.0,8.0,8.0,4.0,0.7858515977859497,0.9624562859535217,0.124755859375,0.0,0.7980008125305176,0.0,12.0,12.0,Cercle
55.0,55.0,1.0,0.9105581045150757,0.7834710478782654,0.9899749159812927,180.85281372070312,2370.0,8.0,8.0,4.0,0.7834710478782654,0.9696518182754517,0.1446533203125,0.0,0.7980552315711975,0.0,0.0,0.0,Cercle
37.0,37.0,1.0,0.9266946315765381,0.7830533385276794,0.9925925731658936,120.56854248046875,1072.0,8.0,8.0,4.0,0.7830533385276794,0.9478462934494019,0.0654296875,0.0,0.7978593707084656,0.0,12.0,12.0,Cercle
53.0,53.0,1.0,0.9039840698242188,0.7860448360443115,0.9874776601791382,175.19595336914062,2208.0,8.0,8.0,4.0,0.7860448360443115,0.9694111347198486,0.134765625,0.0,0.7980028390884399,0.0,12.0,12.0,Cercle
47.0,47.0,1.0,0.9179203510284424,0.7795382738113403,0.9907940030097961,153.5391082763672,1722.0,8.0,8.0,4.0,0.7795382738113403,0.9633128643035889,0.1051025390625,0.0,0.7980292439460754,0.0,12.0,12.0,Cercle
29.0,29.0,1.0,0.9102704524993896,0.7871581315994263,0.9880596995353699,95.59797668457031,662.0,8.0,8.0,4.0,0.7871581315994263,0.9365259408950806,0.0404052734375,0.0,0.797441840171814,0.0,12.0,12.0,Cercle
59.0,59.0,1.0,0.9074196815490723,0.7848319411277771,0.9884225726127625,194.50965881347656,2732.0,8.0,8.0,4.0,0.7848319411277771,0.9662409424781799,0.166748046875,0.0,0.7980333566665649,0.0,12.0,12.0,Cercle
31.0,31.0,1.0,0.9168112277984619,0.7783558964729309,0.9894179701805115,101.25483703613281,748.0,8.0,8.0,4.0,0.7783558964729309,0.9523711800575256,0.045654296875,0.0,0.7977825403213501,12.0,12.0,12.0,Cercle
37.0,37.0,1.0,0.9266946315765381,0.7830533385276794,0.9925925731658936,120.56854248046875,1072.0,8.0,8.0,4.0,0.7830533385276794,0.9478462934494019,0.0654296875,0.0,0.7978593707084656,0.0,12.0,12.0,Cercle
59.0,59.0,1.0,0.9074196815490723,0.7848319411277771,0.9884225726127625,194.50965881347656,2732.0,8.0,8.0,4.0,0.7848319411277771,0.9662409424781799,0.166748046875,0.0,0.7980333566665649,0.0,12.0,12.0,Cercle
39.0,39.0,1.0,0.9092255234718323,0.7863247990608215,0.9900662302970886,128.56854248046875,1196.0,8.0,8.0,4.0,0.7863247990608215,0.951737105846405,0.072998046875,0.0,0.7978120446205139,0.0,12.0,12.0,Cercle
61.0,61.0,1.0,0.9126830101013184,0.7820478081703186,0.9904696941375732,200.16651916503906,2910.0,8.0,8.0,4.0,0.7820478081703186,0.970939040184021,0.1776123046875,0.0,0.7980808615684509,12.0,12.0,12.0,Cercle
59.0,59.0,1.0,0.9074196815490723,0.7848319411277771,0.9884225726127625,194.50965881347656,2732.0,8.0,8.0,4.0,0.7848319411277771,0.9662409424781799,0.166748046875,0.0,0.7980333566665649,0.0,12.0,12.0,Cercle
53.0,53.0,1.0,0.9039840698242188,0.7860448360443115,0.9874776601791382,175.19595336914062,2208.0,8.0,8.0,4.0,0.7860448360443115,0.9694111347198486,0.134765625,0.0,0.7980028390884399,0.0,12.0,12.0,Cercle
29.0,29.0,1.0,0.9102704524993896,0.7871581315994263,0.9880596995353699,95.59797668457031,662.0,8.0,8.0,4.0,0.7871581315994263,0.9365259408950806,0.0404052734375,0.0,0.797441840171814,0.0,12.0,12.0,Cercle
61.0,61.0,1.0,0.9126830101013184,0.7820478081703186,0.9904696941375732,200.16651916503906,2910.0,8.0,8.0,4.0,0.7820478081703186,0.970939040184021,0.1776123046875,0.0,0.7980808615684509,12.0,12.0,12.0,Cercle
57.0,57.0,1.0,0.895650327205658,0.7823945879936218,0.9875679612159729,188.85281372070312,2542.0,8.0,8.0,4.0,0.7823945879936218,0.9621143937110901,0.1551513671875,0.0,0.7980552911758423,0.0,12.0,12.0,Cercle
27.0,27.0,1.0,0.9334617853164673,0.7818930149078369,0.99303138256073,87.59797668457031,570.0,8.0,8.0,4.0,0.7818930149078369,0.9352269172668457,0.0347900390625,0.0,0.7975149750709534,0.0,12.0,12.0,Cercle
37.0,37.0,1.0,0.9266946315765381,0.7830533385276794,0.9925925731658936,120.56854248046875,1072.0,8.0,8.0,4.0,0.7830533385276794,0.9478462934494019,0.0654296875,0.0,0.7978593707084656,0.0,12.0,12.0,Cercle
67.0,67.0,1.0,0.8999764323234558,0.7850300669670105,0.9876681566238403,221.82337951660156,3524.0,8.0,8.0,4.0,0.7850300669670105,0.970343828201294,0.215087890625,0.0,0.7980695366859436,0.0,0.0,0.0,Cercle
41.0,41.0,1.0,0.9137171506881714,0.7792980074882507,0.9909228682518005,134.22540283203125,1310.0,8.0,8.0,4.0,0.7792980074882507,0.9563806653022766,0.0799560546875,0.0,0.7979654669761658,0.0,12.0,12.0,Cercle
39.0,39.0,1.0,0.9092255234718323,0.7863247990608215,0.9900662302970886,128.56854248046875,1196.0,8.0,8.0,4.0,0.7863247990608215,0.951737105846405,0.072998046875,0.0,0.7978120446205139,0.0,12.0,12.0,Cercle
61.0,61.0,1.0,0.9126830101013184,0.7820478081703186,0.9904696941375732,200.16651916503906,2910.0,8.0,8.0,4.0,0.7820478081703186,0.970939040184021,0.1776123046875,0.0,0.7980808615684509,12.0,12.0,12.0,Cercle
43.0,43.0,1.0,0.9007900357246399,0.7842077016830444,0.9837177991867065,142.2253875732422,1450.0,8.0,8.0,4.0,0.7842077016830444,0.9575625658035278,0.0885009765625,0.0,0.7978995442390442,12.0,12.0,12.0,Cercle
41.0,41.0,1.0,0.9137171506881714,0.7792980074882507,0.9909228682518005,134.22540283203125,1310.0,8.0,8.0,4.0,0.7792980074882507,0.9563806653022766,0.0799560546875,0.0,0.7979654669761658,0.0,12.0,12.0,Cercle
55.0,55.0,1.0,0.9105581045150757,0.7834710478782654,0.9899749159812927,180.85281372070312,2370.0,8.0,8.0,4.0,0.7834710478782654,0.9696518182754517,0.1446533203125,0.0,0.7980552315711975,0.0,0.0,0.0,Cercle
43.0,43.0,1.0,0.9007900357246399,0.7842077016830444,0.9837177991867065,142.2253875732422,1450.0,8.0,8.0,4.0,0.7842077016830444,0.9575625658035278,0.0885009765625,0.0,0.7978995442390442,12.0,12.0,12.0,Cercle
53.0,53.0,1.0,0.9039840698242188,0.7860448360443115,0.9874776601791382,175.19595336914062,2208.0,8.0,8.0,4.0,0.7860448360443115,0.9694111347198486,0.134765625,0.0,0.7980028390884399,0.0,12.0,12.0,Cercle
59.0,59.0,1.0,0.9074196815490723,0.7848319411277771,0.9884225726127625,194.50965881347656,2732.0,8.0,8.0,4.0,0.7848319411277771,0.9662409424781799,0.166748046875,0.0,0.7980333566665649,0.0,12.0,12.0,Cercle
57.0,57.0,1.0,0.895650327205658,0.7823945879936218,0.9875679612159729,188.85281372070312,2542.0,8.0,8.0,4.0,0.7823945879936218,0.9621143937110901,0.1551513671875,0.0,0.7980552911758423,0.0,12.0,12.0,Cercle
37.0,37.0,1.0,0.9266946315765381,0.7830533385276794,0.9925925731658936,120.56854248046875,1072.0,8.0,8.0,4.0,0.7830533385276794,0.9478462934494019,0.0654296875,0.0,0.7978593707084656,0.0,12.0,12.0,Cercle
53.0,53.0,1.0,0.9039840698242188,0.7860448360443115,0.9874776601791382,175.19595336914062,2208.0,8.0,8.0,4.0,0.7860448360443115,0.9694111347198486,0.134765625,0.0,0.7980028390884399,0.0,12.0,12.0,Cercle
33.0,33.0,1.0,0.8927388191223145,0.7786960601806641,0.9769585132598877,109.25482940673828,848.0,8.0,8.0,4.0,0.7786960601806641,0.9339917898178101,0.0517578125,0.0,0.7977384924888611,0.0,12.0,12.0,Cercle
33.0,33.0,1.0,0.8927388191223145,0.7786960601806641,0.9769585132598877,109.25482940673828,848.0,8.0,8.0,4.0,0.7786960601806641,0.9339917898178101,0.0517578125,0.0,0.7977384924888611,0.0,12.0,12.0,Cercle
41.0,41.0,1.0,0.9137171506881714,0.7792980074882507,0.9909228682518005,134.22540283203125,1310.0,8.0,8.0,4.0,0.7792980074882507,0.9563806653022766,0.0799560546875,0.0,0.7979654669761658,0.0,12.0,12.0,Cercle
53.0,53.0,1.0,0.9039840698242188,0.7860448360443115,0.9874776601791382,175.19595336914062,2208.0,8.0,8.0,4.0,0.7860448360443115,0.9694111347198486,0.134765625,0.0,0.7980028390884399,0.0,12.0,12.0,Cercle
35.0,35.0,1.0,0.9078829288482666,0.7787755131721497,0.983505129814148,114.91168975830078,954.0,8.0,8.0,4.0,0.7787755131721497,0.9489508271217346,0.0582275390625,0.0,0.7978106141090393,0.0,12.0,12.0,Cercle
57.0,57.0,1.0,0.895650327205658,0.7823945879936218,0.9875679612159729,188.85281372070312,2542.0,8.0,8.0,4.0,0.7823945879936218,0.9621143937110901,0.1551513671875,0.0,0.7980552911758423,0.0,12.0,12.0,Cercle
49.0,49.0,1.0,0.9082307815551758,0.785506010055542,0.9915878176689148,161.5391082763672,1886.0,8.0,8.0,4.0,0.785506010055542,0.960524320602417,0.1151123046875,0.0,0.7979544997215271,12.0,12.0,12.0,Cercle
37.0,37.0,1.0,0.9266946315765381,0.7830533385276794,0.9925925731658936,120.56854248046875,1072.0,8.0,8.0,4.0,0.7830533385276794,0.9478462934494019,0.0654296875,0.0,0.7978593707084656,0.0,12.0,12.0,Cercle
57.0,57.0,1.0,0.895650327205658,0.7823945879936218,0.9875679612159729,188.85281372070312,2542.0,8.0,8.0,4.0,0.7823945879936218,0.9621143937110901,0.1551513671875,0.0,0.7980552911758423,0.0,12.0,12.0,Cercle
53.0,53.0,1.0,0.9039840698242188,0.7860448360443115,0.9874776601791382,175.19595336914062,2208.0,8.0,8.0,4.0,0.7860448360443115,0.9694111347198486,0.134765625,0.0,0.7980028390884399,0.0,12.0,12.0,Cercle
35.0,35.0,1.0,0.9078829288482666,0.7787755131721497,0.983505129814148,114.91168975830078,954.0,8.0,8.0,4.0,0.7787755131721497,0.9489508271217346,0.0582275390625,0.0,0.7978106141090393,0.0,12.0,12.0,Cercle
27.0,27.0,1.0,0.9334617853164673,0.7818930149078369,0.99303138256073,87.59797668457031,570.0,8.0,8.0,4.0,0.7818930149078369,0.9352269172668457,0.0347900390625,0.0,0.7975149750709534,0.0,12.0,12.0,Cercle
43.0,43.0,1.0,0.9007900357246399,0.7842077016830444,0.9837177991867065,142.2253875732422,1450.0,8.0,8.0,4.0,0.7842077016830444,0.9575625658035278,0.0885009765625,0.0,0.7978995442390442,12.0,12.0,12.0,Cercle
59.0,59.0,1.0,0.9074196815490723,0.7848319411277771,0.9884225726127625,194.50965881347656,2732.0,8.0,8.0,4.0,0.7848319411277771,0.9662409424781799,0.166748046875,0.0,0.7980333566665649,0.0,12.0,12.0,Cercle
55.0,55.0,1.0,0.9105581045150757,0.7834710478782654,0.9899749159812927,180.85281372070312,2370.0,8.0,8.0,4.0,0.7834710478782654,0.9696518182754517,0.1446533203125,0.0,0.7980552315711975,0.0,0.0,0.0,Cercle
65.0,65.0,1.0,0.9103111028671265,0.7839053273200989,0.9916167855262756,213.82337951660156,3312.0,8.0,8.0,4.0,0.7839053273200989,0.9689669609069824,0.2021484375,0.0,0.7980909943580627,0.0,12.0,12.0,Cercle
45.0,45.0,1.0,0.9101918339729309,0.7822222113609314,0.9875311851501465,147.8822479248047,1584.0,8.0,8.0,4.0,0.7822222113609314,0.9658975601196289,0.0966796875,0.0,0.7979776263237,12.0,12.0,12.0,Cercle
59.0,59.0,1.0,0.9074196815490723,0.7848319411277771,0.9884225726127625,194.50965881347656,2732.0,8.0,8.0,4.0,0.7848319411277771,0.9662409424781799,0.166748046875,0.0,0.7980333566665649,0.0,12.0,12.0,Cercle
45.0,45.0,1.0,0.9101918339729309,0.7822222113609314,0.9875311851501465,147.8822479248047,1584.0,8.0,8.0,4.0,0.7822222113609314,0.9658975601196289,0.0966796875,0.0,0.7979776263237,12.0,12.0,12.0,Cercle
53.0,53.0,1.0,0.9039840698242188,0.7860448360443115,0.9874776601791382,175.19595336914062,2208.0,8.0,8.0,4.0,0.7860448360443115,0.9694111347198486,0.134765625,0.0,0.7980028390884399,0.0,12.0,12.0,Cercle
27.0,27.0,1.0,0.9334617853164673,0.7818930149078369,0.99303138256073,87.59797668457031,570.0,8.0,8.0,4.0,0.7818930149078369,0.9352269172668457,0.0347900390625,0.0,0.7975149750709534,0.0,12.0,12.0,Cercle
63.0,63.0,1.0,0.9030394554138184,0.7845804691314697,0.9885714054107666,208.16651916503906,3114.0,8.0,8.0,4.0,0.7845804691314697,0.9708235263824463,0.1900634765625,0.0,0.7980621457099915,12.0,12.0,12.0,Cercle
35.0,35.0,1.0,0.9078829288482666,0.7787755131721497,0.983505129814148,114.91168975830078,954.0,8.0,8.0,4.0,0.7787755131721497,0.9489508271217346,0.0582275390625,0.0,0.7978106141090393,0.0,12.0,12.0,Cercle
51.0,51.0,1.0,0.9188385605812073,0.7858515977859497,0.9903100728988647,167.19595336914062,2044.0,8.0,8.0,4.0,0.7858515977859497,0.9624562859535217,0.124755859375,0.0,0.7980008125305176,0.0,12.0,12.0,Cercle
35.0,35.0,1.0,0.9078829288482666,0.7787755131721497,0.983505129814148,114.91168975830078,954.0,8.0,8.0,4.0,0.7787755131721497,0.9489508271217346,0.0582275390625,0.0,0.7978106141090393,0.0,12.0,12.0,Cercle
51.0,51.0,1.0,0.9188385605812073,0.7858515977859497,0.9903100728988647,167.19595336914062,2044.0,8.0,8.0,4.0,0.7858515977859497,0.9624562859535217,0.124755859375,0.0,0.7980008125305176,0.0,12.0,12.0,Cercle
57.0,57.0,1.0,0.895650327205658,0.7823945879936218,0.9875679612159729,188.85281372070312,2542.0,8.0,8.0,4.0,0.7823945879936218,0.9621143937110901,0.1551513671875,0.0,0.7980552911758423,0.0,12.0,12.0,Cercle
45.0,45.0,1.0,0.9101918339729309,0.7822222113609314,0.9875311851501465,147.8822479248047,1584.0,8.0,8.0,4.0,0.7822222113609314,0.9658975601196289,0.0966796875,0.0,0.7979776263237,12.0,12.0,12.0,Cercle
63.0,63.0,1.0,0.9030394554138184,0.7845804691314697,0.9885714054107666,208.16651916503906,3114.0,8.0,8.0,4.0,0.7845804691314697,0.9708235263824463,0.1900634765625,0.0,0.7980621457099915,12.0,12.0,12.0,Cercle
51.0,51.0,1.0,0.9188385605812073,0.7858515977859497,0.9903100728988647,167.19595336914062,2044.0,8.0,8.0,4.0,0.7858515977859497,0.9624562859535217,0.124755859375,0.0,0.7980008125305176,0.0,12.0,12.0,Cercle
53.0,53.0,1.0,0.9039840698242188,0.7860448360443115,0.9874776601791382,175.19595336914062,2208.0,8.0,8.0,4.0,0.7860448360443115,0.9694111347198486,0.134765625,0.0,0.7980028390884399,0.0,12.0,12.0,Cercle
49.0,49.0,1.0,0.9082307815551758,0.785506010055542,0.9915878176689148,161.5391082763672,1886.0,8.0,8.0,4.0,0.785506010055542,0.960524320602417,0.1151123046875,0.0,0.7979544997215271,12.0,12.0,12.0,Cercle
31.0,31.0,1.0,0.9168112277984619,0.7783558964729309,0.9894179701805115,101.25483703613281,748.0,8.0,8.0,4.0,0.7783558964729309,0.9523711800575256,0.045654296875,0.0,0.7977825403213501,12.0,12.0,12.0,Cercle
45.0,45.0,1.0,0.9101918339729309,0.7822222113609314,0.9875311851501465,147.8822479248047,1584.0,8.0,8.0,4.0,0.7822222113609314,0.9658975601196289,0.0966796875,0.0,0.7979776263237,12.0,12.0,12.0,Cercle
41.0,41.0,1.0,0.9137171506881714,0.7792980074882507,0.9909228682518005,134.22540283203125,1310.0,8.0,8.0,4.0,0.7792980074882507,0.9563806653022766,0.0799560546875,0.0,0.7979654669761658,0.0,12.0,12.0,Cercle
57.0,57.0,1.0,0.895650327205658,0.7823945879936218,0.9875679612159729,188.85281372070312,2542.0,8.0,8.0,4.0,0.7823945879936218,0.9621143937110901,0.1551513671875,0.0,0.7980552911758423,0.0,12.0,12.0,Cercle
57.0,57.0,1.0,0.895650327205658,0.7823945879936218,0.9875679612159729,188.85281372070312,2542.0,8.0,8.0,4.0,0.7823945879936218,0.9621143937110901,0.1551513671875,0.0,0.7980552911758423,0.0,12.0,12.0,Cercle
63.0,63.0,1.0,0.9030394554138184,0.7845804691314697,0.9885714054107666,208.16651916503906,3114.0,8.0,8.0,4.0,0.7845804691314697,0.9708235263824463,0.1900634765625,0.0,0.7980621457099915,12.0,12.0,12.0,Cercle
29.0,29.0,1.0,0.9102704524993896,0.7871581315994263,0.9880596995353699,95.59797668457031,662.0,8.0,8.0,4.0,0.7871581315994263,0.9365259408950806,0.0404052734375,0.0,0.797441840171814,0.0,12.0,12.0,Cercle
59.0,59.0,1.0,0.9074196815490723,0.7848319411277771,0.9884225726127625,194.50965881347656,2732.0,8.0,8.0,4.0,0.7848319411277771,0.9662409424781799,0.166748046875,0.0,0.7980333566665649,0.0,12.0,12.0,Cercle
57.0,57.0,1.0,0.895650327205658,0.7823945879936218,0.9875679612159729,188.85281372070312,2542.0,8.0,8.0,4.0,0.7823945879936218,0.9621143937110901,0.1551513671875,0.0,0.7980552911758423,0.0,12.0,12.0,Cercle
43.0,43.0,1.0,0.9007900357246399,0.7842077016830444,0.9837177991867065,142.2253875732422,1450.0,8.0,8.0,4.0,0.7842077016830444,0.9575625658035278,0.0885009765625,0.0,0.7978995442390442,12.0,12.0,12.0,Cercle
67.0,67.0,1.0,0.8999764323234558,0.7850300669670105,0.9876681566238403,221.82337951660156,3524.0,8.0,8.0,4.0,0.7850300669670105,0.970343828201294,0.215087890625,0.0,0.7980695366859436,0.0,0.0,0.0,Cercle
35.0,35.0,1.0,0.9078829288482666,0.7787755131721497,0.983505129814148,114.91168975830078,954.0,8.0,8.0,4.0,0.7787755131721497,0.9489508271217346,0.0582275390625,0.0,0.7978106141090393,0.0,12.0,12.0,Cercle
37.0,37.0,1.0,0.9266946315765381,0.7830533385276794,0.9925925731658936,120.56854248046875,1072.0,8.0,8.0,4.0,0.7830533385276794,0.9478462934494019,0.0654296875,0.0,0.7978593707084656,0.0,12.0,12.0,Cercle
57.0,57.0,1.0,0.895650327205658,0.7823945879936218,0.9875679612159729,188.85281372070312,2542.0,8.0,8.0,4.0,0.7823945879936218,0.9621143937110901,0.1551513671875,0.0,0.7980552911758423,0.0,12.0,12.0,Cercle
27.0,27.0,1.0,0.9334617853164673,0.7818930149078369,0.99303138256073,87.59797668457031,570.0,8.0,8.0,4.0,0.7818930149078369,0.9352269172668457,0.0347900390625,0.0,0.7975149750709534,0.0,12.0,12.0,Cercle
33.0,33.0,1.0,0.8927388191223145,0.7786960601806641,0.9769585132598877,109.25482940673828,848.0,8.0,8.0,4.0,0.7786960601806641,0.9339917898178101,0.0517578125,0.0,0.7977384924888611,0.0,12.0,12.0,Cercle
47.0,47.0,1.0,0.9179203510284424,0.7795382738113403,0.9907940030097961,153.5391082763672,1722.0,8.0,8.0,4.0,0.7795382738113403,0.9633128643035889,0.1051025390625,0.0,0.7980292439460754,0.0,12.0,12.0,Cercle
33.0,33.0,1.0,0.8927388191223145,0.7786960601806641,0.9769585132598877,109.25482940673828,848.0,8.0,8.0,4.0,0.7786960601806641,0.9339917898178101,0.0517578125,0.0,0.7977384924888611,0.0,12.0,12.0,Cercle
61.0,61.0,1.0,0.9126830101013184,0.7820478081703186,0.9904696941375732,200.16651916503906,2910.0,8.0,8.0,4.0,0.7820478081703186,0.970939040184021,0.1776123046875,0.0,0.7980808615684509,12.0,12.0,12.0,Cercle
29.0,29.0,1.0,0.9102704524993896,0.7871581315994263,0.9880596995353699,95.59797668457031,662.0,8.0,8.0,4.0,0.7871581315994263,0.9365259408950806,0.0404052734375,0.0,0.797441840171814,0.0,12.0,12.0,Cercle
41.0,41.0,1.0,0.9137171506881714,0.7792980074882507,0.9909228682518005,134.22540283203125,1310.0,8.0,8.0,4.0,0.7792980074882507,0.9563806653022766,0.0799560546875,0.0,0.7979654669761658,0.0,12.0,12.0,Cercle
47.0,47.0,1.0,0.9179203510284424,0.7795382738113403,0.9907940030097961,153.5391082763672,1722.0,8.0,8.0,4.0,0.7795382738113403,0.9633128643035889,0.1051025390625,0.0,0.7980292439460754,0.0,12.0,12.0,Cercle
51.0,51.0,1.0,0.9188385605812073,0.7858515977859497,0.9903100728988647,167.19595336914062,2044.0,8.0,8.0,4.0,0.7858515977859497,0.9624562859535217,0.124755859375,0.0,0.7980008125305176,0.0,12.0,12.0,Cercle
63.0,63.0,1.0,0.9030394554138184,0.7845804691314697,0.9885714054107666,208.16651916503906,3114.0,8.0,8.0,4.0,0.7845804691314697,0.9708235263824463,0.1900634765625,0.0,0.7980621457099915,12.0,12.0,12.0,Cercle
45.0,45.0,1.0,0.9101918339729309,0.7822222113609314,0.9875311851501465,147.8822479248047,1584.0,8.0,8.0,4.0,0.7822222113609314,0.9658975601196289,0.0966796875,0.0,0.7979776263237,12.0,12.0,12.0,Cercle
43.0,43.0,1.0,0.9007900357246399,0.7842077016830444,0.9837177991867065,142.2253875732422,1450.0,8.0,8.0,4.0,0.7842077016830444,0.9575625658035278,0.0885009765625,0.0,0.7978995442390442,12.0,12.0,12.0,Cercle
63.0,63.0,1.0,0.9030394554138184,0.7845804691314697,0.9885714054107666,208.16651916503906,3114.0,8.0,8.0,4.0,0.7845804691314697,0.9708235263824463,0.1900634765625,0.0,0.7980621457099915,12.0,12.0,12.0,Cercle
61.0,61.0,1.0,0.9126830101013184,0.7820478081703186,0.9904696941375732,200.16651916503906,2910.0,8.0,8.0,4.0,0.7820478081703186,0.970939040184021,0.1776123046875,0.0,0.7980808615684509,12.0,12.0,12.0,Cercle
47.0,47.0,1.0,0.9179203510284424,0.7795382738113403,0.9907940030097961,153.5391082763672,1722.0,8.0,8.0,4.0,0.7795382738113403,0.9633128643035889,0.1051025390625,0.0,0.7980292439460754,0.0,12.0,12.0,Cercle
51.0,51.0,1.0,0.9188385605812073,0.7858515977859497,0.9903100728988647,167.19595336914062,2044.0,8.0,8.0,4.0,0.7858515977859497,0.9624562859535217,0.124755859375,0.0,0.7980008125305176,0.0,12.0,12.0,Cercle
33.0,33.0,1.0,0.8927388191223145,0.7786960601806641,0.9769585132598877,109.25482940673828,848.0,8.0,8.0,4.0,0.7786960601806641,0.9339917898178101,0.0517578125,0.0,0.7977384924888611,0.0,12.0,12.0,Cercle
33.0,33.0,1.0,0.8927388191223145,0.7786960601806641,0.9769585132598877,109.25482940673828,848.0,8.0,8.0,4.0,0.7786960601806641,0.9339917898178101,0.0517578125,0.0,0.7977384924888611,0.0,12.0,12.0,Cercle
29.0,29.0,1.0,0.9102704524993896,0.7871581315994263,0.9880596995353699,95.59797668457031,662.0,8.0,8.0,4.0,0.7871581315994263,0.9365259408950806,0.0404052734375,0.0,0.797441840171814,0.0,12.0,12.0,Cercle
35.0,35.0,1.0,0.9078829288482666,0.7787755131721497,0.983505129814148,114.91168975830078,954.0,8.0,8.0,4.0,0.7787755131721497,0.9489508271217346,0.0582275390625,0.0,0.7978106141090393,0.0,12.0,12.0,Cercle
33.0,33.0,1.0,0.8927388191223145,0.7786960601806641,0.9769585132598877,109.25482940673828,848.0,8.0,8.0,4.0,0.7786960601806641,0.9339917898178101,0.0517578125,0.0,0.7977384924888611,0.0,12.0,12.0,Cercle
37.0,37.0,1.0,0.9266946315765381,0.7830533385276794,0.9925925731658936,120.56854248046875,1072.0,8.0,8.0,4.0,0.7830533385276794,0.9478462934494019,0.0654296875,0.0,0.7978593707084656,0.0,12.0,12.0,Cercle
65.0,65.0,1.0,0.9103111028671265,0.7839053273200989,0.9916167855262756,213.82337951660156,3312.0,8.0,8.0,4.0,0.7839053273200989,0.9689669609069824,0.2021484375,0.0,0.7980909943580627,0.0,12.0,12.0,Cercle
31.0,31.0,1.0,0.9168112277984619,0.7783558964729309,0.9894179701805115,101.25483703613281,748.0,8.0,8.0,4.0,0.7783558964729309,0.9523711800575256,0.045654296875,0.0,0.7977825403213501,12.0,12.0,12.0,Cercle
53.0,53.0,1.0,0.9039840698242188,0.7860448360443115,0.9874776601791382,175.19595336914062,2208.0,8.0,8.0,4.0,0.7860448360443115,0.9694111347198486,0.134765625,0.0,0.7980028390884399,0.0,12.0,12.0,Cercle
59.0,59.0,1.0,0.9074196815490723,0.7848319411277771,0.9884225726127625,194.50965881347656,2732.0,8.0,8.0,4.0,0.7848319411277771,0.9662409424781799,0.166748046875,0.0,0.7980333566665649,0.0,12.0,12.0,Cercle
53.0,53.0,1.0,0.9039840698242188,0.7860448360443115,0.9874776601791382,175.19595336914062,2208.0,8.0,8.0,4.0,0.7860448360443115,0.9694111347198486,0.134765625,0.0,0.7980028390884399,0.0,12.0,12.0,Cercle
53.0,53.0,1.0,0.9039840698242188,0.7860448360443115,0.9874776601791382,175.19595336914062,2208.0,8.0,8.0,4.0,0.7860448360443115,0.9694111347198486,0.134765625,0.0,0.7980028390884399,0.0,12.0,12.0,Cercle
53.0,53.0,1.0,0.9039840698242188,0.7860448360443115,0.9874776601791382,175.19595336914062,2208.0,8.0,8.0,4.0,0.7860448360443115,0.9694111347198486,0.134765625,0.0,0.7980028390884399,0.0,12.0,12.0,Cercle
35.0,35.0,1.0,0.9078829288482666,0.7787755131721497,0.983505129814148,114.91168975830078,954.0,8.0,8.0,4.0,0.7787755131721497,0.9489508271217346,0.0582275390625,0.0,0.7978106141090393,0.0,12.0,12.0,Cercle
63.0,63.0,1.0,0.9030394554138184,0.7845804691314697,0.9885714054107666,208.16651916503906,3114.0,8.0,8.0,4.0,0.7845804691314697,0.9708235263824463,0.1900634765625,0.0,0.7980621457099915,12.0,12.0,12.0,Cercle
29.0,29.0,1.0,0.9102704524993896,0.7871581315994263,0.9880596995353699,95.59797668457031,662.0,8.0,8.0,4.0,0.7871581315994263,0.9365259408950806,0.0404052734375,0.0,0.797441840171814,0.0,12.0,12.0,Cercle
53.0,53.0,1.0,0.9039840698242188,0.7860448360443115,0.9874776601791382,175.19595336914062,2208.0,8.0,8.0,4.0,0.7860448360443115,0.9694111347198486,0.134765625,0.0,0.7980028390884399,0.0,12.0,12.0,Cercle
39.0,39.0,1.0,0.9092255234718323,0.7863247990608215,0.9900662302970886,128.56854248046875,1196.0,8.0,8.0,4.0,0.7863247990608215,0.951737105846405,0.072998046875,0.0,0.7978120446205139,0.0,12.0,12.0,Cercle
65.0,65.0,1.0,0.9103111028671265,0.7839053273200989,0.9916167855262756,213.82337951660156,3312.0,8.0,8.0,4.0,0.7839053273200989,0.9689669609069824,0.2021484375,0.0,0.7980909943580627,0.0,12.0,12.0,Cercle
39.0,39.0,1.0,0.9092255234718323,0.7863247990608215,0.9900662302970886,128.56854248046875,1196.0,8.0,8.0,4.0,0.7863247990608215,0.951737105846405,0.072998046875,0.0,0.7978120446205139,0.0,12.0,12.0,Cercle
57.0,57.0,1.0,0.895650327205658,0.7823945879936218,0.9875679612159729,188.85281372070312,2542.0,8.0,8.0,4.0,0.7823945879936218,0.9621143937110901,0.1551513671875,0.0,0.7980552911758423,0.0,12.0,12.0,Cercle
45.0,45.0,1.0,0.9101918339729309,0.7822222113609314,0.9875311851501465,147.8822479248047,1584.0,8.0,8.0,4.0,0.7822222113609314,0.9658975601196289,0.0966796875,0.0,0.7979776263237,12.0,12.0,12.0,Cercle
31.0,31.0,1.0,0.9168112277984619,0.7783558964729309,0.9894179701805115,101.25483703613281,748.0,8.0,8.0,4.0,0.7783558964729309,0.9523711800575256,0.045654296875,0.0,0.7977825403213501,12.0,12.0,12.0,Cercle
61.0,61.0,1.0,0.9126830101013184,0.7820478081703186,0.9904696941375732,200.16651916503906,2910.0,8.0,8.0,4.0,0.7820478081703186,0.970939040184021,0.1776123046875,0.0,0.7980808615684509,12.0,12.0,12.0,Cercle
43.0,43.0,1.0,0.9007900357246399,0.7842077016830444,0.9837177991867065,142.2253875732422,1450.0,8.0,8.0,4.0,0.7842077016830444,0.9575625658035278,0.0885009765625,0.0,0.7978995442390442,12.0,12.0,12.0,Cercle
41.0,41.0,1.0,0.9137171506881714,0.7792980074882507,0.9909228682518005,134.22540283203125,1310.0,8.0,8.0,4.0,0.7792980074882507,0.9563806653022766,0.0799560546875,0.0,0.7979654669761658,0.0,12.0,12.0,Cercle
55.0,55.0,1.0,0.9105581045150757,0.7834710478782654,0.9899749159812927,180.85281372070312,2370.0,8.0,8.0,4.0,0.7834710478782654,0.9696518182754517,0.1446533203125,0.0,0.7980552315711975,0.0,0.0,0.0,Cercle
51.0,51.0,1.0,0.9188385605812073,0.7858515977859497,0.9903100728988647,167.19595336914062,2044.0,8.0,8.0,4.0,0.7858515977859497,0.9624562859535217,0.124755859375,0.0,0.7980008125305176,0.0,12.0,12.0,Cercle
47.0,47.0,1.0,0.9179203510284424,0.7795382738113403,0.9907940030097961,153.5391082763672,1722.0,8.0,8.0,4.0,0.7795382738113403,0.9633128643035889,0.1051025390625,0.0,0.7980292439460754,0.0,12.0,12.0,Cercle
51.0,51.0,1.0,0.9188385605812073,0.7858515977859497,0.9903100728988647,167.19595336914062,2044.0,8.0,8.0,4.0,0.7858515977859497,0.9624562859535217,0.124755859375,0.0,0.7980008125305176,0.0,12.0,12.0,Cercle
35.0,35.0,1.0,0.9078829288482666,0.7787755131721497,0.983505129814148,114.91168975830078,954.0,8.0,8.0,4.0,0.7787755131721497,0.9489508271217346,0.0582275390625,0.0,0.7978106141090393,0.0,12.0,12.0,Cercle
39.0,39.0,1.0,0.9092255234718323,0.7863247990608215,0.9900662302970886,128.56854248046875,1196.0,8.0,8.0,4.0,0.7863247990608215,0.951737105846405,0.072998046875,0.0,0.7978120446205139,0.0,12.0,12.0,Cercle
31.0,31.0,1.0,0.9168112277984619,0.7783558964729309,0.9894179701805115,101.25483703613281,748.0,8.0,8.0,4.0,0.7783558964729309,0.9523711800575256,0.045654296875,0.0,0.7977825403213501,12.0,12.0,12.0,Cercle
43.0,43.0,1.0,0.9007900357246399,0.7842077016830444,0.9837177991867065,142.2253875732422,1450.0,8.0,8.0,4.0,0.7842077016830444,0.9575625658035278,0.0885009765625,0.0,0.7978995442390442,12.0,12.0,12.0,Cercle
27.0,27.0,1.0,0.9334617853164673,0.7818930149078369,0.99303138256073,87.59797668457031,570.0,8.0,8.0,4.0,0.7818930149078369,0.9352269172668457,0.0347900390625,0.0,0.7975149750709534,0.0,12.0,12.0,Cercle
43.0,43.0,1.0,0.9007900357246399,0.7842077016830444,0.9837177991867065,142.2253875732422,1450.0,8.0,8.0,4.0,0.7842077016830444,0.9575625658035278,0.0885009765625,0.0,0.7978995442390442,12.0,12.0,12.0,Cercle
37.0,37.0,1.0,0.9266946315765381,0.7830533385276794,0.9925925731658936,120.56854248046875,1072.0,8.0,8.0,4.0,0.7830533385276794,0.9478462934494019,0.0654296875,0.0,0.7978593707084656,0.0,12.0,12.0,Cercle
27.0,27.0,1.0,0.9334617853164673,0.7818930149078369,0.99303138256073,87.59797668457031,570.0,8.0,8.0,4.0,0.7818930149078369,0.9352269172668457,0.0347900390625,0.0,0.7975149750709534,0.0,12.0,12.0,Cercle
57.0,57.0,1.0,0.895650327205658,0.7823945879936218,0.9875679612159729,188.85281372070312,2542.0,8.0,8.0,4.0,0.7823945879936218,0.9621143937110901,0.1551513671875,0.0,0.7980552911758423,0.0,12.0,12.0,Cercle
29.0,29.0,1.0,0.9102704524993896,0.7871581315994263,0.9880596995353699,95.59797668457031,662.0,8.0,8.0,4.0,0.7871581315994263,0.9365259408950806,0.0404052734375,0.0,0.797441840171814,0.0,12.0,12.0,Cercle
27.0,27.0,1.0,0.9334617853164673,0.7818930149078369,0.99303138256073,87.59797668457031,570.0,8.0,8.0,4.0,0.7818930149078369,0.9352269172668457,0.0347900390625,0.0,0.7975149750709534,0.0,12.0,12.0,Cercle
31.0,31.0,1.0,0.9168112277984619,0.7783558964729309,0.9894179701805115,101.25483703613281,748.0,8.0,8.0,4.0,0.7783558964729309,0.9523711800575256,0.045654296875,0.0,0.7977825403213501,12.0,12.0,12.0,Cercle
57.0,57.0,1.0,0.895650327205658,0.7823945879936218,0.9875679612159729,188.85281372070312,2542.0,8.0,8.0,4.0,0.7823945879936218,0.9621143937110901,0.1551513671875,0.0,0.7980552911758423,0.0,12.0,12.0,Cercle
39.0,39.0,1.0,0.9092255234718323,0.7863247990608215,0.9900662302970886,128.56854248046875,1196.0,8.0,8.0,4.0,0.7863247990608215,0.951737105846405,0.072998046875,0.0,0.7978120446205139,0.0,12.0,12.0,Cercle
43.0,43.0,1.0,0.9007900357246399,0.7842077016830444,0.9837177991867065,142.2253875732422,1450.0,8.0,8.0,4.0,0.7842077016830444,0.9575625658035278,0.0885009765625,0.0,0.7978995442390442,12.0,12.0,12.0,Cercle
33.0,33.0,1.0,0.8927388191223145,0.7786960601806641,0.9769585132598877,109.25482940673828,848.0,8.0,8.0,4.0,0.7786960601806641,0.9339917898178101,0.0517578125,0.0,0.7977384924888611,0.0,12.0,12.0,Cercle
39.0,39.0,1.0,0.9092255234718323,0.7863247990608215,0.9900662302970886,128.56854248046875,1196.0,8.0,8.0,4.0,0.7863247990608215,0.951737105846405,0.072998046875,0.0,0.7978120446205139,0.0,12.0,12.0,Cercle
51.0,51.0,1.0,0.9188385605812073,0.7858515977859497,0.9903100728988647,167.19595336914062,2044.0,8.0,8.0,4.0,0.7858515977859497,0.9624562859535217,0.124755859375,0.0,0.7980008125305176,0.0,12.0,12.0,Cercle
35.0,35.0,1.0,0.9078829288482666,0.7787755131721497,0.983505129814148,114.91168975830078,954.0,8.0,8.0,4.0,0.7787755131721497,0.9489508271217346,0.0582275390625,0.0,0.7978106141090393,0.0,12.0,12.0,Cercle
55.0,55.0,1.0,0.9105581045150757,0.7834710478782654,0.9899749159812927,180.85281372070312,2370.0,8.0,8.0,4.0,0.7834710478782654,0.9696518182754517,0.1446533203125,0.0,0.7980552315711975,0.0,0.0,0.0,Cercle
61.0,61.0,1.0,0.9126830101013184,0.7820478081703186,0.9904696941375732,200.16651916503906,2910.0,8.0,8.0,4.0,0.7820478081703186,0.970939040184021,0.1776123046875,0.0,0.7980808615684509,12.0,12.0,12.0,Cercle
39.0,39.0,1.0,0.9092255234718323,0.7863247990608215,0.9900662302970886,128.56854248046875,1196.0,8.0,8.0,4.0,0.7863247990608215,0.951737105846405,0.072998046875,0.0,0.7978120446205139,0.0,12.0,12.0,Cercle
49.0,49.0,1.0,0.9082307815551758,0.785506010055542,0.9915878176689148,161.5391082763672,1886.0,8.0,8.0,4.0,0.785506010055542,0.960524320602417,0.1151123046875,0.0,0.7979544997215271,12.0,12.0,12.0,Cercle
55.0,55.0,1.0,0.9105581045150757,0.7834710478782654,0.9899749159812927,180.85281372070312,2370.0,8.0,8.0,4.0,0.7834710478782654,0.9696518182754517,0.1446533203125,0.0,0.7980552315711975,0.0,0.0,0.0,Cercle
65.0,65.0,1.0,0.9103111028671265,0.7839053273200989,0.9916167855262756,213.82337951660156,3312.0,8.0,8.0,4.0,0.7839053273200989,0.9689669609069824,0.2021484375,0.0,0.7980909943580627,0.0,12.0,12.0,Cercle
37.0,37.0,1.0,0.9266946315765381,0.7830533385276794,0.9925925731658936,120.56854248046875,1072.0,8.0,8.0,4.0,0.7830533385276794,0.9478462934494019,0.0654296875,0.0,0.7978593707084656,0.0,12.0,12.0,Cercle
37.0,37.0,1.0,0.9266946315765381,0.7830533385276794,0.9925925731658936,120.56854248046875,1072.0,8.0,8.0,4.0,0.7830533385276794,0.9478462934494019,0.0654296875,0.0,0.7978593707084656,0.0,12.0,12.0,Cercle
49.0,49.0,1.0,0.9082307815551758,0.785506010055542,0.9915878176689148,161.5391082763672,1886.0,8.0,8.0,4.0,0.785506010055542,0.960524320602417,0.1151123046875,0.0,0.7979544997215271,12.0,12.0,12.0,Cercle
47.0,47.0,1.0,0.9179203510284424,0.7795382738113403,0.9907940030097961,153.5391082763672,1722.0,8.0,8.0,4.0,0.7795382738113403,0.9633128643035889,0.1051025390625,0.0,0.7980292439460754,0.0,12.0,12.0,Cercle
49.0,49.0,1.0,0.9082307815551758,0.785506010055542,0.9915878176689148,161.5391082763672,1886.0,8.0,8.0,4.0,0.785506010055542,0.960524320602417,0.1151123046875,0.0,0.7979544997215271,12.0,12.0,12.0,Cercle
37.0,37.0,1.0,0.9266946315765381,0.7830533385276794,0.9925925731658936,120.56854248046875,1072.0,8.0,8.0,4.0,0.7830533385276794,0.9478462934494019,0.0654296875,0.0,0.7978593707084656,0.0,12.0,12.0,Cercle
63.0,63.0,1.0,0.9030394554138184,0.7845804691314697,0.9885714054107666,208.16651916503906,3114.0,8.0,8.0,4.0,0.7845804691314697,0.9708235263824463,0.1900634765625,0.0,0.7980621457099915,12.0,12.0,12.0,Cercle
51.0,51.0,1.0,0.9188385605812073,0.7858515977859497,0.9903100728988647,167.19595336914062,2044.0,8.0,8.0,4.0,0.7858515977859497,0.9624562859535217,0.124755859375,0.0,0.7980008125305176,0.0,12.0,12.0,Cercle
41.0,41.0,1.0,0.9137171506881714,0.7792980074882507,0.9909228682518005,134.22540283203125,1310.0,8.0,8.0,4.0,0.7792980074882507,0.9563806653022766,0.0799560546875,0.0,0.7979654669761658,0.0,12.0,12.0,Cercle
55.0,55.0,1.0,0.9105581045150757,0.7834710478782654,0.9899749159812927,180.85281372070312,2370.0,8.0,8.0,4.0,0.7834710478782654,0.9696518182754517,0.1446533203125,0.0,0.7980552315711975,0.0,0.0,0.0,Cercle
63.0,63.0,1.0,0.9030394554138184,0.7845804691314697,0.9885714054107666,208.16651916503906,3114.0,8.0,8.0,4.0,0.7845804691314697,0.9708235263824463,0.1900634765625,0.0,0.7980621457099915,12.0,12.0,12.0,Cercle
27.0,27.0,1.0,0.9334617853164673,0.7818930149078369,0.99303138256073,87.59797668457031,570.0,8.0,8.0,4.0,0.7818930149078369,0.9352269172668457,0.0347900390625,0.0,0.7975149750709534,0.0,12.0,12.0,Cercle
47.0,47.0,1.0,0.9179203510284424,0.7795382738113403,0.9907940030097961,153.5391082763672,1722.0,8.0,8.0,4.0,0.7795382738113403,0.9633128643035889,0.1051025390625,0.0,0.7980292439460754,0.0,12.0,12.0,Cercle
51.0,51.0,1.0,0.9188385605812073,0.7858515977859497,0.9903100728988647,167.19595336914062,2044.0,8.0,8.0,4.0,0.7858515977859497,0.9624562859535217,0.124755859375,0.0,0.7980008125305176,0.0,12.0,12.0,Cercle
57.0,57.0,1.0,0.895650327205658,0.7823945879936218,0.9875679612159729,188.85281372070312,2542.0,8.0,8.0,4.0,0.7823945879936218,0.9621143937110901,0.1551513671875,0.0,0.7980552911758423,0.0,12.0,12.0,Cercle
31.0,31.0,1.0,0.9168112277984619,0.7783558964729309,0.9894179701805115,101.25483703613281,748.0,8.0,8.0,4.0,0.7783558964729309,0.9523711800575256,0.045654296875,0.0,0.7977825403213501,12.0,12.0,12.0,Cercle
53.0,53.0,1.0,0.9039840698242188,0.7860448360443115,0.9874776601791382,175.19595336914062,2208.0,8.0,8.0,4.0,0.7860448360443115,0.9694111347198486,0.134765625,0.0,0.7980028390884399,0.0,12.0,12.0,Cercle
45.0,45.0,1.0,0.9101918339729309,0.7822222113609314,0.9875311851501465,147.8822479248047,1584.0,8.0,8.0,4.0,0.7822222113609314,0.9658975601196289,0.0966796875,0.0,0.7979776263237,12.0,12.0,12.0,Cercle
55.0,55.0,1.0,0.9105581045150757,0.7834710478782654,0.9899749159812927,180.85281372070312,2370.0,8.0,8.0,4.0,0.7834710478782654,0.9696518182754517,0.1446533203125,0.0,0.7980552315711975,0.0,0.0,0.0,Cercle
63.0,63.0,1.0,0.9030394554138184,0.7845804691314697,0.9885714054107666,208.16651916503906,3114.0,8.0,8.0,4.0,0.7845804691314697,0.9708235263824463,0.1900634765625,0.0,0.7980621457099915,12.0,12.0,12.0,Cercle
67.0,67.0,1.0,0.8999764323234558,0.7850300669670105,0.9876681566238403,221.82337951660156,3524.0,8.0,8.0,4.0,0.7850300669670105,0.970343828201294,0.215087890625,0.0,0.7980695366859436,0.0,0.0,0.0,Cercle
33.0,33.0,1.0,0.8927388191223145,0.7786960601806641,0.9769585132598877,109.25482940673828,848.0,8.0,8.0,4.0,0.7786960601806641,0.9339917898178101,0.0517578125,0.0,0.7977384924888611,0.0,12.0,12.0,Cercle
65.0,65.0,1.0,0.9103111028671265,0.7839053273200989,0.9916167855262756,213.82337951660156,3312.0,8.0,8.0,4.0,0.7839053273200989,0.9689669609069824,0.2021484375,0.0,0.7980909943580627,0.0,12.0,12.0,Cercle
41.0,41.0,1.0,0.9137171506881714,0.7792980074882507,0.9909228682518005,134.22540283203125,1310.0,8.0,8.0,4.0,0.7792980074882507,0.9563806653022766,0.0799560546875,0.0,0.7979654669761658,0.0,12.0,12.0,Cercle
57.0,57.0,1.0,0.895650327205658,0.7823945879936218,0.9875679612159729,188.85281372070312,2542.0,8.0,8.0,4.0,0.7823945879936218,0.9621143937110901,0.1551513671875,0.0,0.7980552911758423,0.0,12.0,12.0,Cercle
49.0,49.0,1.0,0.9082307815551758,0.785506010055542,0.9915878176689148,161.5391082763672,1886.0,8.0,8.0,4.0,0.785506010055542,0.960524320602417,0.1151123046875,0.0,0.7979544997215271,12.0,12.0,12.0,Cercle
57.0,57.0,1.0,0.895650327205658,0.7823945879936218,0.9875679612159729,188.85281372070312,2542.0,8.0,8.0,4.0,0.7823945879936218,0.9621143937110901,0.1551513671875,0.0,0.7980552911758423,0.0,12.0,12.0,Cercle
43.0,43.0,1.0,0.9007900357246399,0.7842077016830444,0.9837177991867065,142.2253875732422,1450.0,8.0,8.0,4.0,0.7842077016830444,0.9575625658035278,0.0885009765625,0.0,0.7978995442390442,12.0,12.0,12.0,Cercle
67.0,67.0,1.0,0.8999764323234558,0.7850300669670105,0.9876681566238403,221.82337951660156,3524.0,8.0,8.0,4.0,0.7850300669670105,0.970343828201294,0.215087890625,0.0,0.7980695366859436,0.0,0.0,0.0,Cercle
65.0,65.0,1.0,0.9103111028671265,0.7839053273200989,0.9916167855262756,213.82337951660156,3312.0,8.0,8.0,4.0,0.7839053273200989,0.9689669609069824,0.2021484375,0.0,0.7980909943580627,0.0,12.0,12.0,Cercle
37.0,37.0,1.0,0.9266946315765381,0.7830533385276794,0.9925925731658936,120.56854248046875,1072.0,8.0,8.0,4.0,0.7830533385276794,0.9478462934494019,0.0654296875,0.0,0.7978593707084656,0.0,12.0,12.0,Cercle
57.0,57.0,1.0,0.895650327205658,0.7823945879936218,0.9875679612159729,188.85281372070312,2542.0,8.0,8.0,4.0,0.7823945879936218,0.9621143937110901,0.1551513671875,0.0,0.7980552911758423,0.0,12.0,12.0,Cercle
45.0,45.0,1.0,0.9101918339729309,0.7822222113609314,0.9875311851501465,147.8822479248047,1584.0,8.0,8.0,4.0,0.7822222113609314,0.9658975601196289,0.0966796875,0.0,0.7979776263237,12.0,12.0,12.0,Cercle
67.0,67.0,1.0,0.8999764323234558,0.7850300669670105,0.9876681566238403,221.82337951660156,3524.0,8.0,8.0,4.0,0.7850300669670105,0.970343828201294,0.215087890625,0.0,0.7980695366859436,0.0,0.0,0.0,Cercle
53.0,53.0,1.0,0.9039840698242188,0.7860448360443115,0.9874776601791382,175.19595336914062,2208.0,8.0,8.0,4.0,0.7860448360443115,0.9694111347198486,0.134765625,0.0,0.7980028390884399,0.0,12.0,12.0,Cercle
43.0,43.0,1.0,0.9007900357246399,0.7842077016830444,0.9837177991867065,142.2253875732422,1450.0,8.0,8.0,4.0,0.7842077016830444,0.9575625658035278,0.0885009765625,0.0,0.7978995442390442,12.0,12.0,12.0,Cercle
35.0,35.0,1.0,0.9078829288482666,0.7787755131721497,0.983505129814148,114.91168975830078,954.0,8.0,8.0,4.0,0.7787755131721497,0.9489508271217346,0.0582275390625,0.0,0.7978106141090393,0.0,12.0,12.0,Cercle
61.0,61.0,1.0,0.9126830101013184,0.7820478081703186,0.9904696941375732,200.16651916503906,2910.0,8.0,8.0,4.0,0.7820478081703186,0.970939040184021,0.1776123046875,0.0,0.7980808615684509,12.0,12.0,12.0,Cercle
65.0,65.0,1.0,0.9103111028671265,0.7839053273200989,0.9916167855262756,213.82337951660156,3312.0,8.0,8.0,4.0,0.7839053273200989,0.9689669609069824,0.2021484375,0.0,0.7980909943580627,0.0,12.0,12.0,Cercle
65.0,65.0,1.0,0.9103111028671265,0.7839053273200989,0.9916167855262756,213.82337951660156,3312.0,8.0,8.0,4.0,0.7839053273200989,0.9689669609069824,0.2021484375,0.0,0.7980909943580627,0.0,12.0,12.0,Cercle
65.0,65.0,1.0,0.9103111028671265,0.7839053273200989,0.9916167855262756,213.82337951660156,3312.0,8.0,8.0,4.0,0.7839053273200989,0.9689669609069824,0.2021484375,0.0,0.7980909943580627,0.0,12.0,12.0,Cercle
45.0,45.0,1.0,0.9101918339729309,0.7822222113609314,0.9875311851501465,147.8822479248047,1584.0,8.0,8.0,4.0,0.7822222113609314,0.9658975601196289,0.0966796875,0.0,0.7979776263237,12.0,12.0,12.0,Cercle
53.0,53.0,1.0,0.9039840698242188,0.7860448360443115,0.9874776601791382,175.19595336914062,2208.0,8.0,8.0,4.0,0.7860448360443115,0.9694111347198486,0.134765625,0.0,0.7980028390884399,0.0,12.0,12.0,Cercle
33.0,33.0,1.0,0.8927388191223145,0.7786960601806641,0.9769585132598877,109.25482940673828,848.0,8.0,8.0,4.0,0.7786960601806641,0.9339917898178101,0.0517578125,0.0,0.7977384924888611,0.0,12.0,12.0,Cercle
37.0,37.0,1.0,0.9266946315765381,0.7830533385276794,0.9925925731658936,120.56854248046875,1072.0,8.0,8.0,4.0,0.7830533385276794,0.9478462934494019,0.0654296875,0.0,0.7978593707084656,0.0,12.0,12.0,Cercle
61.0,61.0,1.0,0.9126830101013184,0.7820478081703186,0.9904696941375732,200.16651916503906,2910.0,8.0,8.0,4.0,0.7820478081703186,0.970939040184021,0.1776123046875,0.0,0.7980808615684509,12.0,12.0,12.0,Cercle
55.0,55.0,1.0,0.9105581045150757,0.7834710478782654,0.9899749159812927,180.85281372070312,2370.0,8.0,8.0,4.0,0.7834710478782654,0.9696518182754517,0.1446533203125,0.0,0.7980552315711975,0.0,0.0,0.0,Cercle
35.0,35.0,1.0,0.9078829288482666,0.7787755131721497,0.983505129814148,114.91168975830078,954.0,8.0,8.0,4.0,0.7787755131721497,0.9489508271217346,0.0582275390625,0.0,0.7978106141090393,0.0,12.0,12.0,Cercle
51.0,51.0,1.0,0.9188385605812073,0.7858515977859497,0.9903100728988647,167.19595336914062,2044.0,8.0,8.0,4.0,0.7858515977859497,0.9624562859535217,0.124755859375,0.0,0.7980008125305176,0.0,12.0,12.0,Cercle
65.0,65.0,1.0,0.9103111028671265,0.7839053273200989,0.9916167855262756,213.82337951660156,3312.0,8.0,8.0,4.0,0.7839053273200989,0.9689669609069824,0.2021484375,0.0,0.7980909943580627,0.0,12.0,12.0,Cercle
53.0,53.0,1.0,0.9039840698242188,0.7860448360443115,0.9874776601791382,175.19595336914062,2208.0,8.0,8.0,4.0,0.7860448360443115,0.9694111347198486,0.134765625,0.0,0.7980028390884399,0.0,12.0,12.0,Cercle
59.0,59.0,1.0,0.9074196815490723,0.7848319411277771,0.9884225726127625,194.50965881347656,2732.0,8.0,8.0,4.0,0.7848319411277771,0.9662409424781799,0.166748046875,0.0,0.7980333566665649,0.0,12.0,12.0,Cercle
39.0,39.0,1.0,0.9092255234718323,0.7863247990608215,0.9900662302970886,128.56854248046875,1196.0,8.0,8.0,4.0,0.7863247990608215,0.951737105846405,0.072998046875,0.0,0.7978120446205139,0.0,12.0,12.0,Cercle
59.0,59.0,1.0,0.9074196815490723,0.7848319411277771,0.9884225726127625,194.50965881347656,2732.0,8.0,8.0,4.0,0.7848319411277771,0.9662409424781799,0.166748046875,0.0,0.7980333566665649,0.0,12.0,12.0,Cercle
55.0,55.0,1.0,0.9105581045150757,0.7834710478782654,0.9899749159812927,180.85281372070312,2370.0,8.0,8.0,4.0,0.7834710478782654,0.9696518182754517,0.1446533203125,0.0,0.7980552315711975,0.0,0.0,0.0,Cercle
61.0,61.0,1.0,0.9126830101013184,0.7820478081703186,0.9904696941375732,200.16651916503906,2910.0,8.0,8.0,4.0,0.7820478081703186,0.970939040184021,0.1776123046875,0.0,0.7980808615684509,12.0,12.0,12.0,Cercle
55.0,55.0,1.0,0.9105581045150757,0.7834710478782654,0.9899749159812927,180.85281372070312,2370.0,8.0,8.0,4.0,0.7834710478782654,0.9696518182754517,0.1446533203125,0.0,0.7980552315711975,0.0,0.0,0.0,Cercle
65.0,65.0,1.0,0.9103111028671265,0.7839053273200989,0.9916167855262756,213.82337951660156,3312.0,8.0,8.0,4.0,0.7839053273200989,0.9689669609069824,0.2021484375,0.0,0.7980909943580627,0.0,12.0,12.0,Cercle
67.0,67.0,1.0,0.8999764323234558,0.7850300669670105,0.9876681566238403,221.82337951660156,3524.0,8.0,8.0,4.0,0.7850300669670105,0.970343828201294,0.215087890625,0.0,0.7980695366859436,0.0,0.0,0.0,Cercle
29.0,29.0,1.0,0.9102704524993896,0.7871581315994263,0.9880596995353699,95.59797668457031,662.0,8.0,8.0,4.0,0.7871581315994263,0.9365259408950806,0.0404052734375,0.0,0.797441840171814,0.0,12.0,12.0,Cercle
37.0,37.0,1.0,0.9266946315765381,0.7830533385276794,0.9925925731658936,120.56854248046875,1072.0,8.0,8.0,4.0,0.7830533385276794,0.9478462934494019,0.0654296875,0.0,0.7978593707084656,0.0,12.0,12.0,Cercle
45.0,45.0,1.0,0.9101918339729309,0.7822222113609314,0.9875311851501465,147.8822479248047,1584.0,8.0,8.0,4.0,0.7822222113609314,0.9658975601196289,0.0966796875,0.0,0.7979776263237,12.0,12.0,12.0,Cercle
63.0,63.0,1.0,0.9030394554138184,0.7845804691314697,0.9885714054107666,208.16651916503906,3114.0,8.0,8.0,4.0,0.7845804691314697,0.9708235263824463,0.1900634765625,0.0,0.7980621457099915,12.0,12.0,12.0,Cercle
29.0,29.0,1.0,0.9102704524993896,0.7871581315994263,0.9880596995353699,95.59797668457031,662.0,8.0,8.0,4.0,0.7871581315994263,0.9365259408950806,0.0404052734375,0.0,0.797441840171814,0.0,12.0,12.0,Cercle
37.0,37.0,1.0,0.9266946315765381,0.7830533385276794,0.9925925731658936,120.56854248046875,1072.0,8.0,8.0,4.0,0.7830533385276794,0.9478462934494019,0.0654296875,0.0,0.7978593707084656,0.0,12.0,12.0,Cercle
45.0,45.0,1.0,0.9101918339729309,0.7822222113609314,0.9875311851501465,147.8822479248047,1584.0,8.0,8.0,4.0,0.7822222113609314,0.9658975601196289,0.0966796875,0.0,0.7979776263237,12.0,12.0,12.0,Cercle
29.0,29.0,1.0,0.9102704524993896,0.7871581315994263,0.9880596995353699,95.59797668457031,662.0,8.0,8.0,4.0,0.7871581315994263,0.9365259408950806,0.0404052734375,0.0,0.797441840171814,0.0,12.0,12.0,Cercle
31.0,31.0,1.0,0.9168112277984619,0.7783558964729309,0.9894179701805115,101.25483703613281,748.0,8.0,8.0,4.0,0.7783558964729309,0.9523711800575256,0.045654296875,0.0,0.7977825403213501,12.0,12.0,12.0,Cercle
45.0,45.0,1.0,0.9101918339729309,0.7822222113609314,0.9875311851501465,147.8822479248047,1584.0,8.0,8.0,4.0,0.7822222113609314,0.9658975601196289,0.0966796875,0.0,0.7979776263237,12.0,12.0,12.0,Cercle
41.0,41.0,1.0,0.9137171506881714,0.7792980074882507,0.9909228682518005,134.22540283203125,1310.0,8.0,8.0,4.0,0.7792980074882507,0.9563806653022766,0.0799560546875,0.0,0.7979654669761658,0.0,12.0,12.0,Cercle
36.0,36.0,1.0,0.7853981852531433,0.9452160596847534,1.0,140.0,1225.0,4.0,4.0,4.0,0.9452160596847534,0.6366146802902222,0.07476806640625,0.0,0.778151273727417,0.0,12.0,12.0,Carre
36.0,36.0,1.0,0.7853981852531433,0.9452160596847534,1.0,140.0,1225.0,4.0,4.0,4.0,0.9452160596847534,0.6366146802902222,0.07476806640625,0.0,0.778151273727417,0.0,12.0,12.0,Carre
45.0,45.0,1.0,0.7853981852531433,0.956049382686615,1.0,176.0,1936.0,4.0,4.0,4.0,0.956049382686615,0.6366157531738281,0.1181640625,0.0,0.778151273727417,0.0,12.0,12.0,Carre
36.0,36.0,1.0,0.7853981852531433,0.9452160596847534,1.0,140.0,1225.0,4.0,4.0,4.0,0.9452160596847534,0.6366146802902222,0.07476806640625,0.0,0.778151273727417,0.0,12.0,12.0,Carre
44.0,44.0,1.0,0.7853981852531433,0.9550619721412659,1.0,172.0,1849.0,4.0,4.0,4.0,0.9550619721412659,0.6366155743598938,0.11285400390625,0.0,0.778151273727417,12.0,12.0,12.0,Carre
31.0,31.0,1.0,0.7853981852531433,0.9365244507789612,1.0,120.0,900.0,4.0,4.0,4.0,0.9365244507789612,0.6366138458251953,0.054931640625,0.0,0.778151273727417,0.0,0.0,0.0,Carre
44.0,44.0,1.0,0.7853981852531433,0.9550619721412659,1.0,172.0,1849.0,4.0,4.0,4.0,0.9550619721412659,0.6366155743598938,0.11285400390625,0.0,0.778151273727417,12.0,12.0,12.0,Carre
41.0,41.0,1.0,0.7853981852531433,0.9518144130706787,1.0,160.0,1600.0,4.0,4.0,4.0,0.9518144130706787,0.6366153359413147,0.09765625,0.0,0.778151273727417,0.0,12.0,12.0,Carre
42.0,42.0,1.0,0.7853981852531433,0.9529478549957275,1.0,164.0,1681.0,4.0,4.0,4.0,0.9529478549957275,0.6366153955459595,0.10260009765625,0.0,0.778151273727417,0.0,12.0,12.0,Carre
25.0,25.0,1.0,0.7853981852531433,0.9215999841690063,1.0,96.0,576.0,4.0,4.0,4.0,0.9215999841690063,0.6366124153137207,0.03515625,0.0,0.778151273727417,0.0,0.0,0.0,Carre
34.0,34.0,1.0,0.7853981852531433,0.9420415163040161,1.0,132.0,1089.0,4.0,4.0,4.0,0.9420415163040161,0.6366143226623535,0.06646728515625,0.0,0.778151273727417,0.0,0.0,0.0,Carre
25.0,25.0,1.0,0.7853981852531433,0.9215999841690063,1.0,96.0,576.0,4.0,4.0,4.0,0.9215999841690063,0.6366124153137207,0.03515625,0.0,0.778151273727417,0.0,0.0,0.0,Carre
38.0,38.0,1.0,0.7853981852531433,0.948060929775238,1.0,148.0,1369.0,4.0,4.0,4.0,0.948060929775238,0.636614978313446,0.08355712890625,0.0,0.778151273727417,0.0,12.0,12.0,Carre
34.0,34.0,1.0,0.7853981852531433,0.9420415163040161,1.0,132.0,1089.0,4.0,4.0,4.0,0.9420415163040161,0.6366143226623535,0.06646728515625,0.0,0.778151273727417,0.0,0.0,0.0,Carre
33.0,33.0,1.0,0.7853981852531433,0.9403122067451477,1.0,128.0,1024.0,4.0,4.0,4.0,0.9403122067451477,0.636614203453064,0.0625,0.0,0.778151273727417,0.0,12.0,12.0,Carre
39.0,39.0,1.0,0.7853981852531433,0.9493753910064697,1.0,152.0,1444.0,4.0,4.0,4.0,0.9493753910064697,0.6366150379180908,0.088134765625,0.0,0.778151273727417,0.0,12.0,12.0,Carre
35.0,35.0,1.0,0.7853981852531433,0.9436734914779663,1.0,136.0,1156.0,4.0,4.0,4.0,0.9436734914779663,0.6366145610809326,0.070556640625,0.0,0.778151273727417,0.0,12.0,12.0,Carre
26.0,26.0,1.0,0.7853981852531433,0.9245561957359314,1.0,100.0,625.0,4.0,4.0,4.0,0.9245561957359314,0.6366126537322998,0.03814697265625,0.0,0.778151273727417,0.0,12.0,12.0,Carre
29.0,29.0,1.0,0.7853981852531433,0.9322235584259033,1.0,112.0,784.0,4.0,4.0,4.0,0.9322235584259033,0.6366133689880371,0.0478515625,0.0,0.778151273727417,12.0,12.0,12.0,Carre
26.0,26.0,1.0,0.7853981852531433,0.9245561957359314,1.0,100.0,625.0,4.0,4.0,4.0,0.9245561957359314,0.6366126537322998,0.03814697265625,0.0,0.778151273727417,0.0,12.0,12.0,Carre
30.0,30.0,1.0,0.7853981852531433,0.9344444274902344,1.0,116.0,841.0,4.0,4.0,4.0,0.9344444274902344,0.636613667011261,0.05133056640625,0.0,0.778151273727417,12.0,12.0,12.0,Carre
35.0,35.0,1.0,0.7853981852531433,0.9436734914779663,1.0,136.0,1156.0,4.0,4.0,4.0,0.9436734914779663,0.6366145610809326,0.070556640625,0.0,0.778151273727417,0.0,12.0,12.0,Carre
26.0,26.0,1.0,0.7853981852531433,0.9245561957359314,1.0,100.0,625.0,4.0,4.0,4.0,0.9245561957359314,0.6366126537322998,0.03814697265625,0.0,0.778151273727417,0.0,12.0,12.0,Carre
33.0,33.0,1.0,0.7853981852531433,0.9403122067451477,1.0,128.0,1024.0,4.0,4.0,4.0,0.9403122067451477,0.636614203453064,0.0625,0.0,0.778151273727417,0.0,12.0,12.0,Carre
25.0,25.0,1.0,0.7853981852531433,0.9215999841690063,1.0,96.0,576.0,4.0,4.0,4.0,0.9215999841690063,0.6366124153137207,0.03515625,0.0,0.778151273727417,0.0,0.0,0.0,Carre
31.0,31.0,1.0,0.7853981852531433,0.9365244507789612,1.0,120.0,900.0,4.0,4.0,4.0,0.9365244507789612,0.6366138458251953,0.054931640625,0.0,0.778151273727417,0.0,0.0,0.0,Carre
32.0,32.0,1.0,0.7853981852531433,0.9384765625,1.0,124.0,961.0,4.0,4.0,4.0,0.9384765625,0.6366139650344849,0.05865478515625,0.0,0.778151273727417,12.0,12.0,12.0,Carre
36.0,36.0,1.0,0.7853981852531433,0.9452160596847534,1.0,140.0,1225.0,4.0,4.0,4.0,0.9452160596847534,0.6366146802902222,0.07476806640625,0.0,0.778151273727417,0.0,12.0,12.0,Carre
45.0,45.0,1.0,0.7853981852531433,0.956049382686615,1.0,176.0,1936.0,4.0,4.0,4.0,0.956049382686615,0.6366157531738281,0.1181640625,0.0,0.778151273727417,0.0,12.0,12.0,Carre
29.0,29.0,1.0,0.7853981852531433,0.9322235584259033,1.0,112.0,784.0,4.0,4.0,4.0,0.9322235584259033,0.6366133689880371,0.0478515625,0.0,0.778151273727417,12.0,12.0,12.0,Carre
40.0,40.0,1.0,0.7853981852531433,0.9506250023841858,1.0,156.0,1521.0,4.0,4.0,4.0,0.9506250023841858,0.6366152167320251,0.09283447265625,0.0,0.778151273727417,0.0,0.0,0.0,Carre
42.0,42.0,1.0,0.7853981852531433,0.9529478549957275,1.0,164.0,1681.0,4.0,4.0,4.0,0.9529478549957275,0.6366153955459595,0.10260009765625,0.0,0.778151273727417,0.0,12.0,12.0,Carre
44.0,44.0,1.0,0.7853981852531433,0.9550619721412659,1.0,172.0,1849.0,4.0,4.0,4.0,0.9550619721412659,0.6366155743598938,0.11285400390625,0.0,0.778151273727417,12.0,12.0,12.0,Carre
31.0,31.0,1.0,0.7853981852531433,0.9365244507789612,1.0,120.0,900.0,4.0,4.0,4.0,0.9365244507789612,0.6366138458251953,0.054931640625,0.0,0.778151273727417,0.0,0.0,0.0,Carre
28.0,28.0,1.0,0.7853981852531433,0.9298469424247742,1.0,108.0,729.0,4.0,4.0,4.0,0.9298469424247742,0.6366131901741028,0.04449462890625,0.0,0.778151273727417,12.0,12.0,12.0,Carre
33.0,33.0,1.0,0.7853981852531433,0.9403122067451477,1.0,128.0,1024.0,4.0,4.0,4.0,0.9403122067451477,0.636614203453064,0.0625,0.0,0.778151273727417,0.0,12.0,12.0,Carre
45.0,45.0,1.0,0.7853981852531433,0.956049382686615,1.0,176.0,1936.0,4.0,4.0,4.0,0.956049382686615,0.6366157531738281,0.1181640625,0.0,0.778151273727417,0.0,12.0,12.0,Carre
26.0,26.0,1.0,0.7853981852531433,0.9245561957359314,1.0,100.0,625.0,4.0,4.0,4.0,0.9245561957359314,0.6366126537322998,0.03814697265625,0.0,0.778151273727417,0.0,12.0,12.0,Carre
38.0,38.0,1.0,0.7853981852531433,0.948060929775238,1.0,148.0,1369.0,4.0,4.0,4.0,0.948060929775238,0.636614978313446,0.08355712890625,0.0,0.778151273727417,0.0,12.0,12.0,Carre
43.0,43.0,1.0,0.7853981852531433,0.9540292024612427,1.0,168.0,1764.0,4.0,4.0,4.0,0.9540292024612427,0.636615514755249,0.107666015625,0.0,0.778151273727417,0.0,0.0,0.0,Carre
38.0,38.0,1.0,0.7853981852531433,0.948060929775238,1.0,148.0,1369.0,4.0,4.0,4.0,0.948060929775238,0.636614978313446,0.08355712890625,0.0,0.778151273727417,0.0,12.0,12.0,Carre
38.0,38.0,1.0,0.7853981852531433,0.948060929775238,1.0,148.0,1369.0,4.0,4.0,4.0,0.948060929775238,0.636614978313446,0.08355712890625,0.0,0.778151273727417,0.0,12.0,12.0,Carre
34.0,34.0,1.0,0.7853981852531433,0.9420415163040161,1.0,132.0,1089.0,4.0,4.0,4.0,0.9420415163040161,0.6366143226623535,0.06646728515625,0.0,0.778151273727417,0.0,0.0,0.0,Carre
29.0,29.0,1.0,0.7853981852531433,0.9322235584259033,1.0,112.0,784.0,4.0,4.0,4.0,0.9322235584259033,0.6366133689880371,0.0478515625,0.0,0.778151273727417,12.0,12.0,12.0,Carre
42.0,42.0,1.0,0.7853981852531433,0.9529478549957275,1.0,164.0,1681.0,4.0,4.0,4.0,0.9529478549957275,0.6366153955459595,0.10260009765625,0.0,0.778151273727417,0.0,12.0,12.0,Carre
39.0,39.0,1.0,0.7853981852531433,0.9493753910064697,1.0,152.0,1444.0,4.0,4.0,4.0,0.9493753910064697,0.6366150379180908,0.088134765625,0.0,0.778151273727417,0.0,12.0,12.0,Carre
36.0,36.0,1.0,0.7853981852531433,0.9452160596847534,1.0,140.0,1225.0,4.0,4.0,4.0,0.9452160596847534,0.6366146802902222,0.07476806640625,0.0,0.778151273727417,0.0,12.0,12.0,Carre
45.0,45.0,1.0,0.7853981852531433,0.956049382686615,1.0,176.0,1936.0,4.0,4.0,4.0,0.956049382686615,0.6366157531738281,0.1181640625,0.0,0.778151273727417,0.0,12.0,12.0,Carre
41.0,41.0,1.0,0.7853981852531433,0.9518144130706787,1.0,160.0,1600.0,4.0,4.0,4.0,0.9518144130706787,0.6366153359413147,0.09765625,0.0,0.778151273727417,0.0,12.0,12.0,Carre
44.0,44.0,1.0,0.7853981852531433,0.9550619721412659,1.0,172.0,1849.0,4.0,4.0,4.0,0.9550619721412659,0.6366155743598938,0.11285400390625,0.0,0.778151273727417,12.0,12.0,12.0,Carre
39.0,39.0,1.0,0.7853981852531433,0.9493753910064697,1.0,152.0,1444.0,4.0,4.0,4.0,0.9493753910064697,0.6366150379180908,0.088134765625,0.0,0.778151273727417,0.0,12.0,12.0,Carre
36.0,36.0,1.0,0.7853981852531433,0.9452160596847534,1.0,140.0,1225.0,4.0,4.0,4.0,0.9452160596847534,0.6366146802902222,0.07476806640625,0.0,0.778151273727417,0.0,12.0,12.0,Carre
33.0,33.0,1.0,0.7853981852531433,0.9403122067451477,1.0,128.0,1024.0,4.0,4.0,4.0,0.9403122067451477,0.636614203453064,0.0625,0.0,0.778151273727417,0.0,12.0,12.0,Carre
25.0,25.0,1.0,0.7853981852531433,0.9215999841690063,1.0,96.0,576.0,4.0,4.0,4.0,0.9215999841690063,0.6366124153137207,0.03515625,0.0,0.778151273727417,0.0,0.0,0.0,Carre
42.0,42.0,1.0,0.7853981852531433,0.9529478549957275,1.0,164.0,1681.0,4.0,4.0,4.0,0.9529478549957275,0.6366153955459595,0.10260009765625,0.0,0.778151273727417,0.0,12.0,12.0,Carre
45.0,45.0,1.0,0.7853981852531433,0.956049382686615,1.0,176.0,1936.0,4.0,4.0,4.0,0.956049382686615,0.6366157531738281,0.1181640625,0.0,0.778151273727417,0.0,12.0,12.0,Carre
40.0,40.0,1.0,0.7853981852531433,0.9506250023841858,1.0,156.0,1521.0,4.0,4.0,4.0,0.9506250023841858,0.6366152167320251,0.09283447265625,0.0,0.778151273727417,0.0,0.0,0.0,Carre
45.0,45.0,1.0,0.7853981852531433,0.956049382686615,1.0,176.0,1936.0,4.0,4.0,4.0,0.956049382686615,0.6366157531738281,0.1181640625,0.0,0.778151273727417,0.0,12.0,12.0,Carre
38.0,38.0,1.0,0.7853981852531433,0.948060929775238,1.0,148.0,1369.0,4.0,4.0,4.0,0.948060929775238,0.636614978313446,0.08355712890625,0.0,0.778151273727417,0.0,12.0,12.0,Carre
40.0,40.0,1.0,0.7853981852531433,0.9506250023841858,1.0,156.0,1521.0,4.0,4.0,4.0,0.9506250023841858,0.6366152167320251,0.09283447265625,0.0,0.778151273727417,0.0,0.0,0.0,Carre
36.0,36.0,1.0,0.7853981852531433,0.9452160596847534,1.0,140.0,1225.0,4.0,4.0,4.0,0.9452160596847534,0.6366146802902222,0.07476806640625,0.0,0.778151273727417,0.0,12.0,12.0,Carre
37.0,37.0,1.0,0.7853981852531433,0.9466764330863953,1.0,144.0,1296.0,4.0,4.0,4.0,0.9466764330863953,0.6366147994995117,0.0791015625,0.0,0.778151273727417,0.0,0.0,0.0,Carre
38.0,38.0,1.0,0.7853981852531433,0.948060929775238,1.0,148.0,1369.0,4.0,4.0,4.0,0.948060929775238,0.636614978313446,0.08355712890625,0.0,0.778151273727417,0.0,12.0,12.0,Carre
34.0,34.0,1.0,0.7853981852531433,0.9420415163040161,1.0,132.0,1089.0,4.0,4.0,4.0,0.9420415163040161,0.6366143226623535,0.06646728515625,0.0,0.778151273727417,0.0,0.0,0.0,Carre
45.0,45.0,1.0,0.7853981852531433,0.956049382686615,1.0,176.0,1936.0,4.0,4.0,4.0,0.956049382686615,0.6366157531738281,0.1181640625,0.0,0.778151273727417,0.0,12.0,12.0,Carre
45.0,45.0,1.0,0.7853981852531433,0.956049382686615,1.0,176.0,1936.0,4.0,4.0,4.0,0.956049382686615,0.6366157531738281,0.1181640625,0.0,0.778151273727417,0.0,12.0,12.0,Carre
29.0,29.0,1.0,0.7853981852531433,0.9322235584259033,1.0,112.0,784.0,4.0,4.0,4.0,0.9322235584259033,0.6366133689880371,0.0478515625,0.0,0.778151273727417,12.0,12.0,12.0,Carre
31.0,31.0,1.0,0.7853981852531433,0.9365244507789612,1.0,120.0,900.0,4.0,4.0,4.0,0.9365244507789612,0.6366138458251953,0.054931640625,0.0,0.778151273727417,0.0,0.0,0.0,Carre
39.0,39.0,1.0,0.7853981852531433,0.9493753910064697,1.0,152.0,1444.0,4.0,4.0,4.0,0.9493753910064697,0.6366150379180908,0.088134765625,0.0,0.778151273727417,0.0,12.0,12.0,Carre
32.0,32.0,1.0,0.7853981852531433,0.9384765625,1.0,124.0,961.0,4.0,4.0,4.0,0.9384765625,0.6366139650344849,0.05865478515625,0.0,0.778151273727417,12.0,12.0,12.0,Carre
28.0,28.0,1.0,0.7853981852531433,0.9298469424247742,1.0,108.0,729.0,4.0,4.0,4.0,0.9298469424247742,0.6366131901741028,0.04449462890625,0.0,0.778151273727417,12.0,12.0,12.0,Carre
32.0,32.0,1.0,0.7853981852531433,0.9384765625,1.0,124.0,961.0,4.0,4.0,4.0,0.9384765625,0.6366139650344849,0.05865478515625,0.0,0.778151273727417,12.0,12.0,12.0,Carre
28.0,28.0,1.0,0.7853981852531433,0.9298469424247742,1.0,108.0,729.0,4.0,4.0,4.0,0.9298469424247742,0.6366131901741028,0.04449462890625,0.0,0.778151273727417,12.0,12.0,12.0,Carre
29.0,29.0,1.0,0.7853981852531433,0.9322235584259033,1.0,112.0,784.0,4.0,4.0,4.0,0.9322235584259033,0.6366133689880371,0.0478515625,0.0,0.778151273727417,12.0,12.0,12.0,Carre
43.0,43.0,1.0,0.7853981852531433,0.9540292024612427,1.0,168.0,1764.0,4.0,4.0,4.0,0.9540292024612427,0.636615514755249,0.107666015625,0.0,0.778151273727417,0.0,0.0,0.0,Carre
34.0,34.0,1.0,0.7853981852531433,0.9420415163040161,1.0,132.0,1089.0,4.0,4.0,4.0,0.9420415163040161,0.6366143226623535,0.06646728515625,0.0,0.778151273727417,0.0,0.0,0.0,Carre
25.0,25.0,1.0,0.7853981852531433,0.9215999841690063,1.0,96.0,576.0,4.0,4.0,4.0,0.9215999841690063,0.6366124153137207,0.03515625,0.0,0.778151273727417,0.0,0.0,0.0,Carre
43.0,43.0,1.0,0.7853981852531433,0.9540292024612427,1.0,168.0,1764.0,4.0,4.0,4.0,0.9540292024612427,0.636615514755249,0.107666015625,0.0,0.778151273727417,0.0,0.0,0.0,Carre
44.0,44.0,1.0,0.7853981852531433,0.9550619721412659,1.0,172.0,1849.0,4.0,4.0,4.0,0.9550619721412659,0.6366155743598938,0.11285400390625,0.0,0.778151273727417,12.0,12.0,12.0,Carre
37.0,37.0,1.0,0.7853981852531433,0.9466764330863953,1.0,144.0,1296.0,4.0,4.0,4.0,0.9466764330863953,0.6366147994995117,0.0791015625,0.0,0.778151273727417,0.0,0.0,0.0,Carre
34.0,34.0,1.0,0.7853981852531433,0.9420415163040161,1.0,132.0,1089.0,4.0,4.0,4.0,0.9420415163040161,0.6366143226623535,0.06646728515625,0.0,0.778151273727417,0.0,0.0,0.0,Carre
29.0,29.0,1.0,0.7853981852531433,0.9322235584259033,1.0,112.0,784.0,4.0,4.0,4.0,0.9322235584259033,0.6366133689880371,0.0478515625,0.0,0.778151273727417,12.0,12.0,12.0,Carre
36.0,36.0,1.0,0.7853981852531433,0.9452160596847534,1.0,140.0,1225.0,4.0,4.0,4.0,0.9452160596847534,0.6366146802902222,0.07476806640625,0.0,0.778151273727417,0.0,12.0,12.0,Carre
30.0,30.0,1.0,0.7853981852531433,0.9344444274902344,1.0,116.0,841.0,4.0,4.0,4.0,0.9344444274902344,0.636613667011261,0.05133056640625,0.0,0.778151273727417,12.0,12.0,12.0,Carre
30.0,30.0,1.0,0.7853981852531433,0.9344444274902344,1.0,116.0,841.0,4.0,4.0,4.0,0.9344444274902344,0.636613667011261,0.05133056640625,0.0,0.778151273727417,12.0,12.0,12.0,Carre
35.0,35.0,1.0,0.7853981852531433,0.9436734914779663,1.0,136.0,1156.0,4.0,4.0,4.0,0.9436734914779663,0.6366145610809326,0.070556640625,0.0,0.778151273727417,0.0,12.0,12.0,Carre
29.0,29.0,1.0,0.7853981852531433,0.9322235584259033,1.0,112.0,784.0,4.0,4.0,4.0,0.9322235584259033,0.6366133689880371,0.0478515625,0.0,0.778151273727417,12.0,12.0,12.0,Carre
34.0,34.0,1.0,0.7853981852531433,0.9420415163040161,1.0,132.0,1089.0,4.0,4.0,4.0,0.9420415163040161,0.6366143226623535,0.06646728515625,0.0,0.778151273727417,0.0,0.0,0.0,Carre
30.0,30.0,1.0,0.7853981852531433,0.9344444274902344,1.0,116.0,841.0,4.0,4.0,4.0,0.9344444274902344,0.636613667011261,0.05133056640625,0.0,0.778151273727417,12.0,12.0,12.0,Carre
30.0,30.0,1.0,0.7853981852531433,0.9344444274902344,1.0,116.0,841.0,4.0,4.0,4.0,0.9344444274902344,0.636613667011261,0.05133056640625,0.0,0.778151273727417,12.0,12.0,12.0,Carre
28.0,28.0,1.0,0.7853981852531433,0.9298469424247742,1.0,108.0,729.0,4.0,4.0,4.0,0.9298469424247742,0.6366131901741028,0.04449462890625,0.0,0.778151273727417,12.0,12.0,12.0,Carre
42.0,42.0,1.0,0.7853981852531433,0.9529478549957275,1.0,164.0,1681.0,4.0,4.0,4.0,0.9529478549957275,0.6366153955459595,0.10260009765625,0.0,0.778151273727417,0.0,12.0,12.0,Carre
27.0,27.0,1.0,0.7853981852531433,0.9272976517677307,1.0,104.0,676.0,4.0,4.0,4.0,0.9272976517677307,0.6366128325462341,0.041259765625,0.0,0.778151273727417,0.0,12.0,12.0,Carre
40.0,40.0,1.0,0.7853981852531433,0.9506250023841858,1.0,156.0,1521.0,4.0,4.0,4.0,0.9506250023841858,0.6366152167320251,0.09283447265625,0.0,0.778151273727417,0.0,0.0,0.0,Carre
35.0,35.0,1.0,0.7853981852531433,0.9436734914779663,1.0,136.0,1156.0,4.0,4.0,4.0,0.9436734914779663,0.6366145610809326,0.070556640625,0.0,0.778151273727417,0.0,12.0,12.0,Carre
28.0,28.0,1.0,0.7853981852531433,0.9298469424247742,1.0,108.0,729.0,4.0,4.0,4.0,0.9298469424247742,0.6366131901741028,0.04449462890625,0.0,0.778151273727417,12.0,12.0,12.0,Carre
40.0,40.0,1.0,0.7853981852531433,0.9506250023841858,1.0,156.0,1521.0,4.0,4.0,4.0,0.9506250023841858,0.6366152167320251,0.09283447265625,0.0,0.778151273727417,0.0,0.0,0.0,Carre
29.0,29.0,1.0,0.7853981852531433,0.9322235584259033,1.0,112.0,784.0,4.0,4.0,4.0,0.9322235584259033,0.6366133689880371,0.0478515625,0.0,0.778151273727417,12.0,12.0,12.0,Carre
28.0,28.0,1.0,0.7853981852531433,0.9298469424247742,1.0,108.0,729.0,4.0,4.0,4.0,0.9298469424247742,0.6366131901741028,0.04449462890625,0.0,0.778151273727417,12.0,12.0,12.0,Carre
27.0,27.0,1.0,0.7853981852531433,0.9272976517677307,1.0,104.0,676.0,4.0,4.0,4.0,0.9272976517677307,0.6366128325462341,0.041259765625,0.0,0.778151273727417,0.0,12.0,12.0,Carre
41.0,41.0,1.0,0.7853981852531433,0.9518144130706787,1.0,160.0,1600.0,4.0,4.0,4.0,0.9518144130706787,0.6366153359413147,0.09765625,0.0,0.778151273727417,0.0,12.0,12.0,Carre
37.0,37.0,1.0,0.7853981852531433,0.9466764330863953,1.0,144.0,1296.0,4.0,4.0,4.0,0.9466764330863953,0.6366147994995117,0.0791015625,0.0,0.778151273727417,0.0,0.0,0.0,Carre
36.0,36.0,1.0,0.7853981852531433,0.9452160596847534,1.0,140.0,1225.0,4.0,4.0,4.0,0.9452160596847534,0.6366146802902222,0.07476806640625,0.0,0.778151273727417,0.0,12.0,12.0,Carre
25.0,25.0,1.0,0.7853981852531433,0.9215999841690063,1.0,96.0,576.0,4.0,4.0,4.0,0.9215999841690063,0.6366124153137207,0.03515625,0.0,0.778151273727417,0.0,0.0,0.0,Carre
45.0,45.0,1.0,0.7853981852531433,0.956049382686615,1.0,176.0,1936.0,4.0,4.0,4.0,0.956049382686615,0.6366157531738281,0.1181640625,0.0,0.778151273727417,0.0,12.0,12.0,Carre
43.0,43.0,1.0,0.7853981852531433,0.9540292024612427,1.0,168.0,1764.0,4.0,4.0,4.0,0.9540292024612427,0.636615514755249,0.107666015625,0.0,0.778151273727417,0.0,0.0,0.0,Carre
39.0,39.0,1.0,0.7853981852531433,0.9493753910064697,1.0,152.0,1444.0,4.0,4.0,4.0,0.9493753910064697,0.6366150379180908,0.088134765625,0.0,0.778151273727417,0.0,12.0,12.0,Carre
44.0,44.0,1.0,0.7853981852531433,0.9550619721412659,1.0,172.0,1849.0,4.0,4.0,4.0,0.9550619721412659,0.6366155743598938,0.11285400390625,0.0,0.778151273727417,12.0,12.0,12.0,Carre
29.0,29.0,1.0,0.7853981852531433,0.9322235584259033,1.0,112.0,784.0,4.0,4.0,4.0,0.9322235584259033,0.6366133689880371,0.0478515625,0.0,0.778151273727417,12.0,12.0,12.0,Carre
33.0,33.0,1.0,0.7853981852531433,0.9403122067451477,1.0,128.0,1024.0,4.0,4.0,4.0,0.9403122067451477,0.636614203453064,0.0625,0.0,0.778151273727417,0.0,12.0,12.0,Carre
31.0,31.0,1.0,0.7853981852531433,0.9365244507789612,1.0,120.0,900.0,4.0,4.0,4.0,0.9365244507789612,0.6366138458251953,0.054931640625,0.0,0.778151273727417,0.0,0.0,0.0,Carre
34.0,34.0,1.0,0.7853981852531433,0.9420415163040161,1.0,132.0,1089.0,4.0,4.0,4.0,0.9420415163040161,0.6366143226623535,0.06646728515625,0.0,0.778151273727417,0.0,0.0,0.0,Carre
27.0,27.0,1.0,0.7853981852531433,0.9272976517677307,1.0,104.0,676.0,4.0,4.0,4.0,0.9272976517677307,0.6366128325462341,0.041259765625,0.0,0.778151273727417,0.0,12.0,12.0,Carre
31.0,31.0,1.0,0.7853981852531433,0.9365244507789612,1.0,120.0,900.0,4.0,4.0,4.0,0.9365244507789612,0.6366138458251953,0.054931640625,0.0,0.778151273727417,0.0,0.0,0.0,Carre
33.0,33.0,1.0,0.7853981852531433,0.9403122067451477,1.0,128.0,1024.0,4.0,4.0,4.0,0.9403122067451477,0.636614203453064,0.0625,0.0,0.778151273727417,0.0,12.0,12.0,Carre
34.0,34.0,1.0,0.7853981852531433,0.9420415163040161,1.0,132.0,1089.0,4.0,4.0,4.0,0.9420415163040161,0.6366143226623535,0.06646728515625,0.0,0.778151273727417,0.0,0.0,0.0,Carre
36.0,36.0,1.0,0.7853981852531433,0.9452160596847534,1.0,140.0,1225.0,4.0,4.0,4.0,0.9452160596847534,0.6366146802902222,0.07476806640625,0.0,0.778151273727417,0.0,12.0,12.0,Carre
44.0,44.0,1.0,0.7853981852531433,0.9550619721412659,1.0,172.0,1849.0,4.0,4.0,4.0,0.9550619721412659,0.6366155743598938,0.11285400390625,0.0,0.778151273727417,12.0,12.0,12.0,Carre
37.0,37.0,1.0,0.7853981852531433,0.9466764330863953,1.0,144.0,1296.0,4.0,4.0,4.0,0.9466764330863953,0.6366147994995117,0.0791015625,0.0,0.778151273727417,0.0,0.0,0.0,Carre
40.0,40.0,1.0,0.7853981852531433,0.9506250023841858,1.0,156.0,1521.0,4.0,4.0,4.0,0.9506250023841858,0.6366152167320251,0.09283447265625,0.0,0.778151273727417,0.0,0.0,0.0,Carre
33.0,33.0,1.0,0.7853981852531433,0.9403122067451477,1.0,128.0,1024.0,4.0,4.0,4.0,0.9403122067451477,0.636614203453064,0.0625,0.0,0.778151273727417,0.0,12.0,12.0,Carre
32.0,32.0,1.0,0.7853981852531433,0.9384765625,1.0,124.0,961.0,4.0,4.0,4.0,0.9384765625,0.6366139650344849,0.05865478515625,0.0,0.778151273727417,12.0,12.0,12.0,Carre
28.0,28.0,1.0,0.7853981852531433,0.9298469424247742,1.0,108.0,729.0,4.0,4.0,4.0,0.9298469424247742,0.6366131901741028,0.04449462890625,0.0,0.778151273727417,12.0,12.0,12.0,Carre
44.0,44.0,1.0,0.7853981852531433,0.9550619721412659,1.0,172.0,1849.0,4.0,4.0,4.0,0.9550619721412659,0.6366155743598938,0.11285400390625,0.0,0.778151273727417,12.0,12.0,12.0,Carre
45.0,45.0,1.0,0.7853981852531433,0.956049382686615,1.0,176.0,1936.0,4.0,4.0,4.0,0.956049382686615,0.6366157531738281,0.1181640625,0.0,0.778151273727417,0.0,12.0,12.0,Carre
34.0,34.0,1.0,0.7853981852531433,0.9420415163040161,1.0,132.0,1089.0,4.0,4.0,4.0,0.9420415163040161,0.6366143226623535,0.06646728515625,0.0,0.778151273727417,0.0,0.0,0.0,Carre
45.0,45.0,1.0,0.7853981852531433,0.956049382686615,1.0,176.0,1936.0,4.0,4.0,4.0,0.956049382686615,0.6366157531738281,0.1181640625,0.0,0.778151273727417,0.0,12.0,12.0,Carre
39.0,39.0,1.0,0.7853981852531433,0.9493753910064697,1.0,152.0,1444.0,4.0,4.0,4.0,0.9493753910064697,0.6366150379180908,0.088134765625,0.0,0.778151273727417,0.0,12.0,12.0,Carre
38.0,38.0,1.0,0.7853981852531433,0.948060929775238,1.0,148.0,1369.0,4.0,4.0,4.0,0.948060929775238,0.636614978313446,0.08355712890625,0.0,0.778151273727417,0.0,12.0,12.0,Carre
29.0,29.0,1.0,0.7853981852531433,0.9322235584259033,1.0,112.0,784.0,4.0,4.0,4.0,0.9322235584259033,0.6366133689880371,0.0478515625,0.0,0.778151273727417,12.0,12.0,12.0,Carre
45.0,45.0,1.0,0.7853981852531433,0.956049382686615,1.0,176.0,1936.0,4.0,4.0,4.0,0.956049382686615,0.6366157531738281,0.1181640625,0.0,0.778151273727417,0.0,12.0,12.0,Carre
38.0,38.0,1.0,0.7853981852531433,0.948060929775238,1.0,148.0,1369.0,4.0,4.0,4.0,0.948060929775238,0.636614978313446,0.08355712890625,0.0,0.778151273727417,0.0,12.0,12.0,Carre
38.0,38.0,1.0,0.7853981852531433,0.948060929775238,1.0,148.0,1369.0,4.0,4.0,4.0,0.948060929775238,0.636614978313446,0.08355712890625,0.0,0.778151273727417,0.0,12.0,12.0,Carre
34.0,34.0,1.0,0.7853981852531433,0.9420415163040161,1.0,132.0,1089.0,4.0,4.0,4.0,0.9420415163040161,0.6366143226623535,0.06646728515625,0.0,0.778151273727417,0.0,0.0,0.0,Carre
30.0,30.0,1.0,0.7853981852531433,0.9344444274902344,1.0,116.0,841.0,4.0,4.0,4.0,0.9344444274902344,0.636613667011261,0.05133056640625,0.0,0.778151273727417,12.0,12.0,12.0,Carre
34.0,34.0,1.0,0.7853981852531433,0.9420415163040161,1.0,132.0,1089.0,4.0,4.0,4.0,0.9420415163040161,0.6366143226623535,0.06646728515625,0.0,0.778151273727417,0.0,0.0,0.0,Carre
43.0,43.0,1.0,0.7853981852531433,0.9540292024612427,1.0,168.0,1764.0,4.0,4.0,4.0,0.9540292024612427,0.636615514755249,0.107666015625,0.0,0.778151273727417,0.0,0.0,0.0,Carre
42.0,42.0,1.0,0.7853981852531433,0.9529478549957275,1.0,164.0,1681.0,4.0,4.0,4.0,0.9529478549957275,0.6366153955459595,0.10260009765625,0.0,0.778151273727417,0.0,12.0,12.0,Carre
28.0,28.0,1.0,0.7853981852531433,0.9298469424247742,1.0,108.0,729.0,4.0,4.0,4.0,0.9298469424247742,0.6366131901741028,0.04449462890625,0.0,0.778151273727417,12.0,12.0,12.0,Carre
40.0,40.0,1.0,0.7853981852531433,0.9506250023841858,1.0,156.0,1521.0,4.0,4.0,4.0,0.9506250023841858,0.6366152167320251,0.09283447265625,0.0,0.778151273727417,0.0,0.0,0.0,Carre
29.0,29.0,1.0,0.7853981852531433,0.9322235584259033,1.0,112.0,784.0,4.0,4.0,4.0,0.9322235584259033,0.6366133689880371,0.0478515625,0.0,0.778151273727417,12.0,12.0,12.0,Carre
29.0,29.0,1.0,0.7853981852531433,0.9322235584259033,1.0,112.0,784.0,4.0,4.0,4.0,0.9322235584259033,0.6366133689880371,0.0478515625,0.0,0.778151273727417,12.0,12.0,12.0,Carre
31.0,31.0,1.0,0.7853981852531433,0.9365244507789612,1.0,120.0,900.0,4.0,4.0,4.0,0.9365244507789612,0.6366138458251953,0.054931640625,0.0,0.778151273727417,0.0,0.0,0.0,Carre
30.0,30.0,1.0,0.7853981852531433,0.9344444274902344,1.0,116.0,841.0,4.0,4.0,4.0,0.9344444274902344,0.636613667011261,0.05133056640625,0.0,0.778151273727417,12.0,12.0,12.0,Carre
34.0,34.0,1.0,0.7853981852531433,0.9420415163040161,1.0,132.0,1089.0,4.0,4.0,4.0,0.9420415163040161,0.6366143226623535,0.06646728515625,0.0,0.778151273727417,0.0,0.0,0.0,Carre
37.0,37.0,1.0,0.7853981852531433,0.9466764330863953,1.0,144.0,1296.0,4.0,4.0,4.0,0.9466764330863953,0.6366147994995117,0.0791015625,0.0,0.778151273727417,0.0,0.0,0.0,Carre
44.0,44.0,1.0,0.7853981852531433,0.9550619721412659,1.0,172.0,1849.0,4.0,4.0,4.0,0.9550619721412659,0.6366155743598938,0.11285400390625,0.0,0.778151273727417,12.0,12.0,12.0,Carre
30.0,30.0,1.0,0.7853981852531433,0.9344444274902344,1.0,116.0,841.0,4.0,4.0,4.0,0.9344444274902344,0.636613667011261,0.05133056640625,0.0,0.778151273727417,12.0,12.0,12.0,Carre
42.0,42.0,1.0,0.7853981852531433,0.9529478549957275,1.0,164.0,1681.0,4.0,4.0,4.0,0.9529478549957275,0.6366153955459595,0.10260009765625,0.0,0.778151273727417,0.0,12.0,12.0,Carre
37.0,37.0,1.0,0.7853981852531433,0.9466764330863953,1.0,144.0,1296.0,4.0,4.0,4.0,0.9466764330863953,0.6366147994995117,0.0791015625,0.0,0.778151273727417,0.0,0.0,0.0,Carre
42.0,42.0,1.0,0.7853981852531433,0.9529478549957275,1.0,164.0,1681.0,4.0,4.0,4.0,0.9529478549957275,0.6366153955459595,0.10260009765625,0.0,0.778151273727417,0.0,12.0,12.0,Carre
42.0,42.0,1.0,0.7853981852531433,0.9529478549957275,1.0,164.0,1681.0,4.0,4.0,4.0,0.9529478549957275,0.6366153955459595,0.10260009765625,0.0,0.778151273727417,0.0,12.0,12.0,Carre
25.0,25.0,1.0,0.7853981852531433,0.9215999841690063,1.0,96.0,576.0,4.0,4.0,4.0,0.9215999841690063,0.6366124153137207,0.03515625,0.0,0.778151273727417,0.0,0.0,0.0,Carre
31.0,31.0,1.0,0.7853981852531433,0.9365244507789612,1.0,120.0,900.0,4.0,4.0,4.0,0.9365244507789612,0.6366138458251953,0.054931640625,0.0,0.778151273727417,0.0,0.0,0.0,Carre
45.0,45.0,1.0,0.7853981852531433,0.956049382686615,1.0,176.0,1936.0,4.0,4.0,4.0,0.956049382686615,0.6366157531738281,0.1181640625,0.0,0.778151273727417,0.0,12.0,12.0,Carre
27.0,27.0,1.0,0.7853981852531433,0.9272976517677307,1.0,104.0,676.0,4.0,4.0,4.0,0.9272976517677307,0.6366128325462341,0.041259765625,0.0,0.778151273727417,0.0,12.0,12.0,Carre
25.0,25.0,1.0,0.7853981852531433,0.9215999841690063,1.0,96.0,576.0,4.0,4.0,4.0,0.9215999841690063,0.6366124153137207,0.03515625,0.0,0.778151273727417,0.0,0.0,0.0,Carre
39.0,39.0,1.0,0.7853981852531433,0.9493753910064697,1.0,152.0,1444.0,4.0,4.0,4.0,0.9493753910064697,0.6366150379180908,0.088134765625,0.0,0.778151273727417,0.0,12.0,12.0,Carre
33.0,33.0,1.0,0.7853981852531433,0.9403122067451477,1.0,128.0,1024.0,4.0,4.0,4.0,0.9403122067451477,0.636614203453064,0.0625,0.0,0.778151273727417,0.0,12.0,12.0,Carre
36.0,36.0,1.0,0.7853981852531433,0.9452160596847534,1.0,140.0,1225.0,4.0,4.0,4.0,0.9452160596847534,0.6366146802902222,0.07476806640625,0.0,0.778151273727417,0.0,12.0,12.0,Carre
29.0,29.0,1.0,0.7853981852531433,0.9322235584259033,1.0,112.0,784.0,4.0,4.0,4.0,0.9322235584259033,0.6366133689880371,0.0478515625,0.0,0.778151273727417,12.0,12.0,12.0,Carre
39.0,39.0,1.0,0.7853981852531433,0.9493753910064697,1.0,152.0,1444.0,4.0,4.0,4.0,0.9493753910064697,0.6366150379180908,0.088134765625,0.0,0.778151273727417,0.0,12.0,12.0,Carre
32.0,32.0,1.0,0.7853981852531433,0.9384765625,1.0,124.0,961.0,4.0,4.0,4.0,0.9384765625,0.6366139650344849,0.05865478515625,0.0,0.778151273727417,12.0,12.0,12.0,Carre
41.0,41.0,1.0,0.7853981852531433,0.9518144130706787,1.0,160.0,1600.0,4.0,4.0,4.0,0.9518144130706787,0.6366153359413147,0.09765625,0.0,0.778151273727417,0.0,12.0,12.0,Carre
28.0,28.0,1.0,0.7853981852531433,0.9298469424247742,1.0,108.0,729.0,4.0,4.0,4.0,0.9298469424247742,0.6366131901741028,0.04449462890625,0.0,0.778151273727417,12.0,12.0,12.0,Carre
37.0,37.0,1.0,0.7853981852531433,0.9466764330863953,1.0,144.0,1296.0,4.0,4.0,4.0,0.9466764330863953,0.6366147994995117,0.0791015625,0.0,0.778151273727417,0.0,0.0,0.0,Carre
35.0,35.0,1.0,0.7853981852531433,0.9436734914779663,1.0,136.0,1156.0,4.0,4.0,4.0,0.9436734914779663,0.6366145610809326,0.070556640625,0.0,0.778151273727417,0.0,12.0,12.0,Carre
39.0,39.0,1.0,0.7853981852531433,0.9493753910064697,1.0,152.0,1444.0,4.0,4.0,4.0,0.9493753910064697,0.6366150379180908,0.088134765625,0.0,0.778151273727417,0.0,12.0,12.0,Carre
43.0,43.0,1.0,0.7853981852531433,0.9540292024612427,1.0,168.0,1764.0,4.0,4.0,4.0,0.9540292024612427,0.636615514755249,0.107666015625,0.0,0.778151273727417,0.0,0.0,0.0,Carre
29.0,29.0,1.0,0.7853981852531433,0.9322235584259033,1.0,112.0,784.0,4.0,4.0,4.0,0.9322235584259033,0.6366133689880371,0.0478515625,0.0,0.778151273727417,12.0,12.0,12.0,Carre
40.0,40.0,1.0,0.7853981852531433,0.9506250023841858,1.0,156.0,1521.0,4.0,4.0,4.0,0.9506250023841858,0.6366152167320251,0.09283447265625,0.0,0.778151273727417,0.0,0.0,0.0,Carre
39.0,39.0,1.0,0.7853981852531433,0.9493753910064697,1.0,152.0,1444.0,4.0,4.0,4.0,0.9493753910064697,0.6366150379180908,0.088134765625,0.0,0.778151273727417,0.0,12.0,12.0,Carre
36.0,36.0,1.0,0.7853981852531433,0.9452160596847534,1.0,140.0,1225.0,4.0,4.0,4.0,0.9452160596847534,0.6366146802902222,0.07476806640625,0.0,0.778151273727417,0.0,12.0,12.0,Carre
37.0,37.0,1.0,0.7853981852531433,0.9466764330863953,1.0,144.0,1296.0,4.0,4.0,4.0,0.9466764330863953,0.6366147994995117,0.0791015625,0.0,0.778151273727417,0.0,0.0,0.0,Carre
34.0,34.0,1.0,0.7853981852531433,0.9420415163040161,1.0,132.0,1089.0,4.0,4.0,4.0,0.9420415163040161,0.6366143226623535,0.06646728515625,0.0,0.778151273727417,0.0,0.0,0.0,Carre
28.0,28.0,1.0,0.7853981852531433,0.9298469424247742,1.0,108.0,729.0,4.0,4.0,4.0,0.9298469424247742,0.6366131901741028,0.04449462890625,0.0,0.778151273727417,12.0,12.0,12.0,Carre
27.0,27.0,1.0,0.7853981852531433,0.9272976517677307,1.0,104.0,676.0,4.0,4.0,4.0,0.9272976517677307,0.6366128325462341,0.041259765625,0.0,0.778151273727417,0.0,12.0,12.0,Carre
34.0,34.0,1.0,0.7853981852531433,0.9420415163040161,1.0,132.0,1089.0,4.0,4.0,4.0,0.9420415163040161,0.6366143226623535,0.06646728515625,0.0,0.778151273727417,0.0,0.0,0.0,Carre
43.0,43.0,1.0,0.7853981852531433,0.9540292024612427,1.0,168.0,1764.0,4.0,4.0,4.0,0.9540292024612427,0.636615514755249,0.107666015625,0.0,0.778151273727417,0.0,0.0,0.0,Carre
39.0,39.0,1.0,0.7853981852531433,0.9493753910064697,1.0,152.0,1444.0,4.0,4.0,4.0,0.9493753910064697,0.6366150379180908,0.088134765625,0.0,0.778151273727417,0.0,12.0,12.0,Carre
36.0,36.0,1.0,0.7853981852531433,0.9452160596847534,1.0,140.0,1225.0,4.0,4.0,4.0,0.9452160596847534,0.6366146802902222,0.07476806640625,0.0,0.778151273727417,0.0,12.0,12.0,Carre
44.0,44.0,1.0,0.7853981852531433,0.9550619721412659,1.0,172.0,1849.0,4.0,4.0,4.0,0.9550619721412659,0.6366155743598938,0.11285400390625,0.0,0.778151273727417,12.0,12.0,12.0,Carre
45.0,45.0,1.0,0.7853981852531433,0.956049382686615,1.0,176.0,1936.0,4.0,4.0,4.0,0.956049382686615,0.6366157531738281,0.1181640625,0.0,0.778151273727417,0.0,12.0,12.0,Carre
39.0,39.0,1.0,0.7853981852531433,0.9493753910064697,1.0,152.0,1444.0,4.0,4.0,4.0,0.9493753910064697,0.6366150379180908,0.088134765625,0.0,0.778151273727417,0.0,12.0,12.0,Carre
41.0,41.0,1.0,0.7853981852531433,0.9518144130706787,1.0,160.0,1600.0,4.0,4.0,4.0,0.9518144130706787,0.6366153359413147,0.09765625,0.0,0.778151273727417,0.0,12.0,12.0,Carre
35.0,35.0,1.0,0.7853981852531433,0.9436734914779663,1.0,136.0,1156.0,4.0,4.0,4.0,0.9436734914779663,0.6366145610809326,0.070556640625,0.0,0.778151273727417,0.0,12.0,12.0,Carre
40.0,40.0,1.0,0.7853981852531433,0.9506250023841858,1.0,156.0,1521.0,4.0,4.0,4.0,0.9506250023841858,0.6366152167320251,0.09283447265625,0.0,0.778151273727417,0.0,0.0,0.0,Carre
38.0,38.0,1.0,0.7853981852531433,0.948060929775238,1.0,148.0,1369.0,4.0,4.0,4.0,0.948060929775238,0.636614978313446,0.08355712890625,0.0,0.778151273727417,0.0,12.0,12.0,Carre
34.0,34.0,1.0,0.7853981852531433,0.9420415163040161,1.0,132.0,1089.0,4.0,4.0,4.0,0.9420415163040161,0.6366143226623535,0.06646728515625,0.0,0.778151273727417,0.0,0.0,0.0,Carre
41.0,41.0,1.0,0.7853981852531433,0.9518144130706787,1.0,160.0,1600.0,4.0,4.0,4.0,0.9518144130706787,0.6366153359413147,0.09765625,0.0,0.778151273727417,0.0,12.0,12.0,Carre
27.0,27.0,1.0,0.7853981852531433,0.9272976517677307,1.0,104.0,676.0,4.0,4.0,4.0,0.9272976517677307,0.6366128325462341,0.041259765625,0.0,0.778151273727417,0.0,12.0,12.0,Carre
42.0,42.0,1.0,0.7853981852531433,0.9529478549957275,1.0,164.0,1681.0,4.0,4.0,4.0,0.9529478549957275,0.6366153955459595,0.10260009765625,0.0,0.778151273727417,0.0,12.0,12.0,Carre
40.0,40.0,1.0,0.7853981852531433,0.9506250023841858,1.0,156.0,1521.0,4.0,4.0,4.0,0.9506250023841858,0.6366152167320251,0.09283447265625,0.0,0.778151273727417,0.0,0.0,0.0,Carre
43.0,43.0,1.0,0.7853981852531433,0.9540292024612427,1.0,168.0,1764.0,4.0,4.0,4.0,0.9540292024612427,0.636615514755249,0.107666015625,0.0,0.778151273727417,0.0,0.0,0.0,Carre
27.0,27.0,1.0,0.7853981852531433,0.9272976517677307,1.0,104.0,676.0,4.0,4.0,4.0,0.9272976517677307,0.6366128325462341,0.041259765625,0.0,0.778151273727417,0.0,12.0,12.0,Carre
42.0,42.0,1.0,0.7853981852531433,0.9529478549957275,1.0,164.0,1681.0,4.0,4.0,4.0,0.9529478549957275,0.6366153955459595,0.10260009765625,0.0,0.778151273727417,0.0,12.0,12.0,Carre
31.0,31.0,1.0,0.7853981852531433,0.9365244507789612,1.0,120.0,900.0,4.0,4.0,4.0,0.9365244507789612,0.6366138458251953,0.054931640625,0.0,0.778151273727417,0.0,0.0,0.0,Carre
28.0,28.0,1.0,0.7853981852531433,0.9298469424247742,1.0,108.0,729.0,4.0,4.0,4.0,0.9298469424247742,0.6366131901741028,0.04449462890625,0.0,0.778151273727417,12.0,12.0,12.0,Carre
25.0,25.0,1.0,0.7853981852531433,0.9215999841690063,1.0,96.0,576.0,4.0,4.0,4.0,0.9215999841690063,0.6366124153137207,0.03515625,0.0,0.778151273727417,0.0,0.0,0.0,Carre
30.0,30.0,1.0,0.7853981852531433,0.9344444274902344,1.0,116.0,841.0,4.0,4.0,4.0,0.9344444274902344,0.636613667011261,0.05133056640625,0.0,0.778151273727417,12.0,12.0,12.0,Carre
35.0,35.0,1.0,0.7853981852531433,0.9436734914779663,1.0,136.0,1156.0,4.0,4.0,4.0,0.9436734914779663,0.6366145610809326,0.070556640625,0.0,0.778151273727417,0.0,12.0,12.0,Carre
41.0,41.0,1.0,0.7853981852531433,0.9518144130706787,1.0,160.0,1600.0,4.0,4.0,4.0,0.9518144130706787,0.6366153359413147,0.09765625,0.0,0.778151273727417,0.0,12.0,12.0,Carre
33.0,33.0,1.0,0.7853981852531433,0.9403122067451477,1.0,128.0,1024.0,4.0,4.0,4.0,0.9403122067451477,0.636614203453064,0.0625,0.0,0.778151273727417,0.0,12.0,12.0,Carre
25.0,25.0,1.0,0.7853981852531433,0.9215999841690063,1.0,96.0,576.0,4.0,4.0,4.0,0.9215999841690063,0.6366124153137207,0.03515625,0.0,0.778151273727417,0.0,0.0,0.0,Carre
29.0,29.0,1.0,0.7853981852531433,0.9322235584259033,1.0,112.0,784.0,4.0,4.0,4.0,0.9322235584259033,0.6366133689880371,0.0478515625,0.0,0.778151273727417,12.0,12.0,12.0,Carre
36.0,36.0,1.0,0.7853981852531433,0.9452160596847534,1.0,140.0,1225.0,4.0,4.0,4.0,0.9452160596847534,0.6366146802902222,0.07476806640625,0.0,0.778151273727417,0.0,12.0,12.0,Carre
39.0,39.0,1.0,0.7853981852531433,0.9493753910064697,1.0,152.0,1444.0,4.0,4.0,4.0,0.9493753910064697,0.6366150379180908,0.088134765625,0.0,0.778151273727417,0.0,12.0,12.0,Carre
37.0,37.0,1.0,0.7853981852531433,0.9466764330863953,1.0,144.0,1296.0,4.0,4.0,4.0,0.9466764330863953,0.6366147994995117,0.0791015625,0.0,0.778151273727417,0.0,0.0,0.0,Carre
44.0,44.0,1.0,0.7853981852531433,0.9550619721412659,1.0,172.0,1849.0,4.0,4.0,4.0,0.9550619721412659,0.6366155743598938,0.11285400390625,0.0,0.778151273727417,12.0,12.0,12.0,Carre
42.0,42.0,1.0,0.7853981852531433,0.9529478549957275,1.0,164.0,1681.0,4.0,4.0,4.0,0.9529478549957275,0.6366153955459595,0.10260009765625,0.0,0.778151273727417,0.0,12.0,12.0,Carre
42.0,42.0,1.0,0.7853981852531433,0.9529478549957275,1.0,164.0,1681.0,4.0,4.0,4.0,0.9529478549957275,0.6366153955459595,0.10260009765625,0.0,0.778151273727417,0.0,12.0,12.0,Carre
27.0,27.0,1.0,0.7853981852531433,0.9272976517677307,1.0,104.0,676.0,4.0,4.0,4.0,0.9272976517677307,0.6366128325462341,0.041259765625,0.0,0.778151273727417,0.0,12.0,12.0,Carre
26.0,26.0,1.0,0.7853981852531433,0.9245561957359314,1.0,100.0,625.0,4.0,4.0,4.0,0.9245561957359314,0.6366126537322998,0.03814697265625,0.0,0.778151273727417,0.0,12.0,12.0,Carre
42.0,42.0,1.0,0.7853981852531433,0.9529478549957275,1.0,164.0,1681.0,4.0,4.0,4.0,0.9529478549957275,0.6366153955459595,0.10260009765625,0.0,0.778151273727417,0.0,12.0,12.0,Carre
39.0,39.0,1.0,0.7853981852531433,0.9493753910064697,1.0,152.0,1444.0,4.0,4.0,4.0,0.9493753910064697,0.6366150379180908,0.088134765625,0.0,0.778151273727417,0.0,12.0,12.0,Carre
45.0,45.0,1.0,0.7853981852531433,0.956049382686615,1.0,176.0,1936.0,4.0,4.0,4.0,0.956049382686615,0.6366157531738281,0.1181640625,0.0,0.778151273727417,0.0,12.0,12.0,Carre
40.0,40.0,1.0,0.7853981852531433,0.9506250023841858,1.0,156.0,1521.0,4.0,4.0,4.0,0.9506250023841858,0.6366152167320251,0.09283447265625,0.0,0.778151273727417,0.0,0.0,0.0,Carre
41.0,41.0,1.0,0.7853981852531433,0.9518144130706787,1.0,160.0,1600.0,4.0,4.0,4.0,0.9518144130706787,0.6366153359413147,0.09765625,0.0,0.778151273727417,0.0,12.0,12.0,Carre
42.0,42.0,1.0,0.7853981852531433,0.9529478549957275,1.0,164.0,1681.0,4.0,4.0,4.0,0.9529478549957275,0.6366153955459595,0.10260009765625,0.0,0.778151273727417,0.0,12.0,12.0,Carre
44.0,44.0,1.0,0.7853981852531433,0.9550619721412659,1.0,172.0,1849.0,4.0,4.0,4.0,0.9550619721412659,0.6366155743598938,0.11285400390625,0.0,0.778151273727417,12.0,12.0,12.0,Carre
44.0,44.0,1.0,0.7853981852531433,0.9550619721412659,1.0,172.0,1849.0,4.0,4.0,4.0,0.9550619721412659,0.6366155743598938,0.11285400390625,0.0,0.778151273727417,12.0,12.0,12.0,Carre
40.0,40.0,1.0,0.7853981852531433,0.9506250023841858,1.0,156.0,1521.0,4.0,4.0,4.0,0.9506250023841858,0.6366152167320251,0.09283447265625,0.0,0.778151273727417,0.0,0.0,0.0,Carre
43.0,43.0,1.0,0.7853981852531433,0.9540292024612427,1.0,168.0,1764.0,4.0,4.0,4.0,0.9540292024612427,0.636615514755249,0.107666015625,0.0,0.778151273727417,0.0,0.0,0.0,Carre
26.0,26.0,1.0,0.7853981852531433,0.9245561957359314,1.0,100.0,625.0,4.0,4.0,4.0,0.9245561957359314,0.6366126537322998,0.03814697265625,0.0,0.778151273727417,0.0,12.0,12.0,Carre
39.0,39.0,1.0,0.7853981852531433,0.9493753910064697,1.0,152.0,1444.0,4.0,4.0,4.0,0.9493753910064697,0.6366150379180908,0.088134765625,0.0,0.778151273727417,0.0,12.0,12.0,Carre
41.0,41.0,1.0,0.7853981852531433,0.9518144130706787,1.0,160.0,1600.0,4.0,4.0,4.0,0.9518144130706787,0.6366153359413147,0.09765625,0.0,0.778151273727417,0.0,12.0,12.0,Carre
35.0,35.0,1.0,0.7853981852531433,0.9436734914779663,1.0,136.0,1156.0,4.0,4.0,4.0,0.9436734914779663,0.6366145610809326,0.070556640625,0.0,0.778151273727417,0.0,12.0,12.0,Carre
36.0,36.0,1.0,0.7853981852531433,0.9452160596847534,1.0,140.0,1225.0,4.0,4.0,4.0,0.9452160596847534,0.6366146802902222,0.07476806640625,0.0,0.778151273727417,0.0,12.0,12.0,Carre
28.0,28.0,1.0,0.7853981852531433,0.9298469424247742,1.0,108.0,729.0,4.0,4.0,4.0,0.9298469424247742,0.6366131901741028,0.04449462890625,0.0,0.778151273727417,12.0,12.0,12.0,Carre
26.0,26.0,1.0,0.7853981852531433,0.9245561957359314,1.0,100.0,625.0,4.0,4.0,4.0,0.9245561957359314,0.6366126537322998,0.03814697265625,0.0,0.778151273727417,0.0,12.0,12.0,Carre
40.0,40.0,1.0,0.7853981852531433,0.9506250023841858,1.0,156.0,1521.0,4.0,4.0,4.0,0.9506250023841858,0.6366152167320251,0.09283447265625,0.0,0.778151273727417,0.0,0.0,0.0,Carre
42.0,42.0,1.0,0.7853981852531433,0.9529478549957275,1.0,164.0,1681.0,4.0,4.0,4.0,0.9529478549957275,0.6366153955459595,0.10260009765625,0.0,0.778151273727417,0.0,12.0,12.0,Carre
25.0,25.0,1.0,0.7853981852531433,0.9215999841690063,1.0,96.0,576.0,4.0,4.0,4.0,0.9215999841690063,0.6366124153137207,0.03515625,0.0,0.778151273727417,0.0,0.0,0.0,Carre
28.0,28.0,1.0,0.7853981852531433,0.9298469424247742,1.0,108.0,729.0,4.0,4.0,4.0,0.9298469424247742,0.6366131901741028,0.04449462890625,0.0,0.778151273727417,12.0,12.0,12.0,Carre
41.0,41.0,1.0,0.7853981852531433,0.9518144130706787,1.0,160.0,1600.0,4.0,4.0,4.0,0.9518144130706787,0.6366153359413147,0.09765625,0.0,0.778151273727417,0.0,12.0,12.0,Carre
43.0,43.0,1.0,0.7853981852531433,0.9540292024612427,1.0,168.0,1764.0,4.0,4.0,4.0,0.9540292024612427,0.636615514755249,0.107666015625,0.0,0.778151273727417,0.0,0.0,0.0,Carre
31.0,31.0,1.0,0.7853981852531433,0.9365244507789612,1.0,120.0,900.0,4.0,4.0,4.0,0.9365244507789612,0.6366138458251953,0.054931640625,0.0,0.778151273727417,0.0,0.0,0.0,Carre
37.0,37.0,1.0,0.7853981852531433,0.9466764330863953,1.0,144.0,1296.0,4.0,4.0,4.0,0.9466764330863953,0.6366147994995117,0.0791015625,0.0,0.778151273727417,0.0,0.0,0.0,Carre
27.0,27.0,1.0,0.7853981852531433,0.9272976517677307,1.0,104.0,676.0,4.0,4.0,4.0,0.9272976517677307,0.6366128325462341,0.041259765625,0.0,0.778151273727417,0.0,12.0,12.0,Carre
35.0,35.0,1.0,0.7853981852531433,0.9436734914779663,1.0,136.0,1156.0,4.0,4.0,4.0,0.9436734914779663,0.6366145610809326,0.070556640625,0.0,0.778151273727417,0.0,12.0,12.0,Carre
43.0,43.0,1.0,0.7853981852531433,0.9540292024612427,1.0,168.0,1764.0,4.0,4.0,4.0,0.9540292024612427,0.636615514755249,0.107666015625,0.0,0.778151273727417,0.0,0.0,0.0,Carre
25.0,25.0,1.0,0.7853981852531433,0.9215999841690063,1.0,96.0,576.0,4.0,4.0,4.0,0.9215999841690063,0.6366124153137207,0.03515625,0.0,0.778151273727417,0.0,0.0,0.0,Carre
29.0,29.0,1.0,0.7853981852531433,0.9322235584259033,1.0,112.0,784.0,4.0,4.0,4.0,0.9322235584259033,0.6366133689880371,0.0478515625,0.0,0.778151273727417,12.0,12.0,12.0,Carre
42.0,42.0,1.0,0.7853981852531433,0.9529478549957275,1.0,164.0,1681.0,4.0,4.0,4.0,0.9529478549957275,0.6366153955459595,0.10260009765625,0.0,0.778151273727417,0.0,12.0,12.0,Carre
36.0,36.0,1.0,0.7853981852531433,0.9452160596847534,1.0,140.0,1225.0,4.0,4.0,4.0,0.9452160596847534,0.6366146802902222,0.07476806640625,0.0,0.778151273727417,0.0,12.0,12.0,Carre
40.0,40.0,1.0,0.7853981852531433,0.9506250023841858,1.0,156.0,1521.0,4.0,4.0,4.0,0.9506250023841858,0.6366152167320251,0.09283447265625,0.0,0.778151273727417,0.0,0.0,0.0,Carre
38.0,38.0,1.0,0.7853981852531433,0.948060929775238,1.0,148.0,1369.0,4.0,4.0,4.0,0.948060929775238,0.636614978313446,0.08355712890625,0.0,0.778151273727417,0.0,12.0,12.0,Carre
39.0,39.0,1.0,0.7853981852531433,0.9493753910064697,1.0,152.0,1444.0,4.0,4.0,4.0,0.9493753910064697,0.6366150379180908,0.088134765625,0.0,0.778151273727417,0.0,12.0,12.0,Carre
42.0,42.0,1.0,0.7853981852531433,0.9529478549957275,1.0,164.0,1681.0,4.0,4.0,4.0,0.9529478549957275,0.6366153955459595,0.10260009765625,0.0,0.778151273727417,0.0,12.0,12.0,Carre
37.0,37.0,1.0,0.7853981852531433,0.9466764330863953,1.0,144.0,1296.0,4.0,4.0,4.0,0.9466764330863953,0.6366147994995117,0.0791015625,0.0,0.778151273727417,0.0,0.0,0.0,Carre
41.0,41.0,1.0,0.7853981852531433,0.9518144130706787,1.0,160.0,1600.0,4.0,4.0,4.0,0.9518144130706787,0.6366153359413147,0.09765625,0.0,0.778151273727417,0.0,12.0,12.0,Carre
40.0,40.0,1.0,0.7853981852531433,0.9506250023841858,1.0,156.0,1521.0,4.0,4.0,4.0,0.9506250023841858,0.6366152167320251,0.09283447265625,0.0,0.778151273727417,0.0,0.0,0.0,Carre
25.0,25.0,1.0,0.7853981852531433,0.9215999841690063,1.0,96.0,576.0,4.0,4.0,4.0,0.9215999841690063,0.6366124153137207,0.03515625,0.0,0.778151273727417,0.0,0.0,0.0,Carre
38.0,38.0,1.0,0.7853981852531433,0.948060929775238,1.0,148.0,1369.0,4.0,4.0,4.0,0.948060929775238,0.636614978313446,0.08355712890625,0.0,0.778151273727417,0.0,12.0,12.0,Carre
40.0,40.0,1.0,0.7853981852531433,0.9506250023841858,1.0,156.0,1521.0,4.0,4.0,4.0,0.9506250023841858,0.6366152167320251,0.09283447265625,0.0,0.778151273727417,0.0,0.0,0.0,Carre
43.0,43.0,1.0,0.7853981852531433,0.9540292024612427,1.0,168.0,1764.0,4.0,4.0,4.0,0.9540292024612427,0.636615514755249,0.107666015625,0.0,0.778151273727417,0.0,0.0,0.0,Carre
28.0,28.0,1.0,0.7853981852531433,0.9298469424247742,1.0,108.0,729.0,4.0,4.0,4.0,0.9298469424247742,0.6366131901741028,0.04449462890625,0.0,0.778151273727417,12.0,12.0,12.0,Carre
37.0,37.0,1.0,0.7853981852531433,0.9466764330863953,1.0,144.0,1296.0,4.0,4.0,4.0,0.9466764330863953,0.6366147994995117,0.0791015625,0.0,0.778151273727417,0.0,0.0,0.0,Carre
44.0,44.0,1.0,0.7853981852531433,0.9550619721412659,1.0,172.0,1849.0,4.0,4.0,4.0,0.9550619721412659,0.6366155743598938,0.11285400390625,0.0,0.778151273727417,12.0,12.0,12.0,Carre
39.0,39.0,1.0,0.7853981852531433,0.9493753910064697,1.0,152.0,1444.0,4.0,4.0,4.0,0.9493753910064697,0.6366150379180908,0.088134765625,0.0,0.778151273727417,0.0,12.0,12.0,Carre
27.0,27.0,1.0,0.7853981852531433,0.9272976517677307,1.0,104.0,676.0,4.0,4.0,4.0,0.9272976517677307,0.6366128325462341,0.041259765625,0.0,0.778151273727417,0.0,12.0,12.0,Carre
34.0,34.0,1.0,0.7853981852531433,0.9420415163040161,1.0,132.0,1089.0,4.0,4.0,4.0,0.9420415163040161,0.6366143226623535,0.06646728515625,0.0,0.778151273727417,0.0,0.0,0.0,Carre
27.0,27.0,1.0,0.7853981852531433,0.9272976517677307,1.0,104.0,676.0,4.0,4.0,4.0,0.9272976517677307,0.6366128325462341,0.041259765625,0.0,0.778151273727417,0.0,12.0,12.0,Carre
32.0,32.0,1.0,0.7853981852531433,0.9384765625,1.0,124.0,961.0,4.0,4.0,4.0,0.9384765625,0.6366139650344849,0.05865478515625,0.0,0.778151273727417,12.0,12.0,12.0,Carre
41.0,41.0,1.0,0.7853981852531433,0.9518144130706787,1.0,160.0,1600.0,4.0,4.0,4.0,0.9518144130706787,0.6366153359413147,0.09765625,0.0,0.778151273727417,0.0,12.0,12.0,Carre
29.0,29.0,1.0,0.7853981852531433,0.9322235584259033,1.0,112.0,784.0,4.0,4.0,4.0,0.9322235584259033,0.6366133689880371,0.0478515625,0.0,0.778151273727417,12.0,12.0,12.0,Carre
35.0,35.0,1.0,0.7853981852531433,0.9436734914779663,1.0,136.0,1156.0,4.0,4.0,4.0,0.9436734914779663,0.6366145610809326,0.070556640625,0.0,0.778151273727417,0.0,12.0,12.0,Carre
44.0,44.0,1.0,0.7853981852531433,0.9550619721412659,1.0,172.0,1849.0,4.0,4.0,4.0,0.9550619721412659,0.6366155743598938,0.11285400390625,0.0,0.778151273727417,12.0,12.0,12.0,Carre
26.0,26.0,1.0,0.7853981852531433,0.9245561957359314,1.0,100.0,625.0,4.0,4.0,4.0,0.9245561957359314,0.6366126537322998,0.03814697265625,0.0,0.778151273727417,0.0,12.0,12.0,Carre
30.0,30.0,1.0,0.7853981852531433,0.9344444274902344,1.0,116.0,841.0,4.0,4.0,4.0,0.9344444274902344,0.636613667011261,0.05133056640625,0.0,0.778151273727417,12.0,12.0,12.0,Carre
33.0,33.0,1.0,0.7853981852531433,0.9403122067451477,1.0,128.0,1024.0,4.0,4.0,4.0,0.9403122067451477,0.636614203453064,0.0625,0.0,0.778151273727417,0.0,12.0,12.0,Carre
29.0,29.0,1.0,0.7853981852531433,0.9322235584259033,1.0,112.0,784.0,4.0,4.0,4.0,0.9322235584259033,0.6366133689880371,0.0478515625,0.0,0.778151273727417,12.0,12.0,12.0,Carre
39.0,39.0,1.0,0.7853981852531433,0.9493753910064697,1.0,152.0,1444.0,4.0,4.0,4.0,0.9493753910064697,0.6366150379180908,0.088134765625,0.0,0.778151273727417,0.0,12.0,12.0,Carre
32.0,32.0,1.0,0.7853981852531433,0.9384765625,1.0,124.0,961.0,4.0,4.0,4.0,0.9384765625,0.6366139650344849,0.05865478515625,0.0,0.778151273727417,12.0,12.0,12.0,Carre
44.0,44.0,1.0,0.7853981852531433,0.9550619721412659,1.0,172.0,1849.0,4.0,4.0,4.0,0.9550619721412659,0.6366155743598938,0.11285400390625,0.0,0.778151273727417,12.0,12.0,12.0,Carre
25.0,25.0,1.0,0.7853981852531433,0.9215999841690063,1.0,96.0,576.0,4.0,4.0,4.0,0.9215999841690063,0.6366124153137207,0.03515625,0.0,0.778151273727417,0.0,0.0,0.0,Carre
32.0,32.0,1.0,0.7853981852531433,0.9384765625,1.0,124.0,961.0,4.0,4.0,4.0,0.9384765625,0.6366139650344849,0.05865478515625,0.0,0.778151273727417,12.0,12.0,12.0,Carre
36.0,36.0,1.0,0.7853981852531433,0.9452160596847534,1.0,140.0,1225.0,4.0,4.0,4.0,0.9452160596847534,0.6366146802902222,0.07476806640625,0.0,0.778151273727417,0.0,12.0,12.0,Carre
32.0,32.0,1.0,0.7853981852531433,0.9384765625,1.0,124.0,961.0,4.0,4.0,4.0,0.9384765625,0.6366139650344849,0.05865478515625,0.0,0.778151273727417,12.0,12.0,12.0,Carre
34.0,34.0,1.0,0.7853981852531433,0.9420415163040161,1.0,132.0,1089.0,4.0,4.0,4.0,0.9420415163040161,0.6366143226623535,0.06646728515625,0.0,0.778151273727417,0.0,0.0,0.0,Carre
36.0,36.0,1.0,0.7853981852531433,0.9452160596847534,1.0,140.0,1225.0,4.0,4.0,4.0,0.9452160596847534,0.6366146802902222,0.07476806640625,0.0,0.778151273727417,0.0,12.0,12.0,Carre
37.0,37.0,1.0,0.7853981852531433,0.9466764330863953,1.0,144.0,1296.0,4.0,4.0,4.0,0.9466764330863953,0.6366147994995117,0.0791015625,0.0,0.778151273727417,0.0,0.0,0.0,Carre
31.0,31.0,1.0,0.7853981852531433,0.9365244507789612,1.0,120.0,900.0,4.0,4.0,4.0,0.9365244507789612,0.6366138458251953,0.054931640625,0.0,0.778151273727417,0.0,0.0,0.0,Carre
26.0,26.0,1.0,0.7853981852531433,0.9245561957359314,1.0,100.0,625.0,4.0,4.0,4.0,0.9245561957359314,0.6366126537322998,0.03814697265625,0.0,0.778151273727417,0.0,12.0,12.0,Carre
35.0,35.0,1.0,0.7853981852531433,0.9436734914779663,1.0,136.0,1156.0,4.0,4.0,4.0,0.9436734914779663,0.6366145610809326,0.070556640625,0.0,0.778151273727417,0.0,12.0,12.0,Carre
39.0,39.0,1.0,0.7853981852531433,0.9493753910064697,1.0,152.0,1444.0,4.0,4.0,4.0,0.9493753910064697,0.6366150379180908,0.088134765625,0.0,0.778151273727417,0.0,12.0,12.0,Carre
30.0,30.0,1.0,0.7853981852531433,0.9344444274902344,1.0,116.0,841.0,4.0,4.0,4.0,0.9344444274902344,0.636613667011261,0.05133056640625,0.0,0.778151273727417,12.0,12.0,12.0,Carre
33.0,33.0,1.0,0.7853981852531433,0.9403122067451477,1.0,128.0,1024.0,4.0,4.0,4.0,0.9403122067451477,0.636614203453064,0.0625,0.0,0.778151273727417,0.0,12.0,12.0,Carre
45.0,45.0,1.0,0.7853981852531433,0.956049382686615,1.0,176.0,1936.0,4.0,4.0,4.0,0.956049382686615,0.6366157531738281,0.1181640625,0.0,0.778151273727417,0.0,12.0,12.0,Carre
41.0,41.0,1.0,0.7853981852531433,0.9518144130706787,1.0,160.0,1600.0,4.0,4.0,4.0,0.9518144130706787,0.6366153359413147,0.09765625,0.0,0.778151273727417,0.0,12.0,12.0,Carre
30.0,30.0,1.0,0.7853981852531433,0.9344444274902344,1.0,116.0,841.0,4.0,4.0,4.0,0.9344444274902344,0.636613667011261,0.05133056640625,0.0,0.778151273727417,12.0,12.0,12.0,Carre
32.0,32.0,1.0,0.7853981852531433,0.9384765625,1.0,124.0,961.0,4.0,4.0,4.0,0.9384765625,0.6366139650344849,0.05865478515625,0.0,0.778151273727417,12.0,12.0,12.0,Carre
38.0,38.0,1.0,0.7853981852531433,0.948060929775238,1.0,148.0,1369.0,4.0,4.0,4.0,0.948060929775238,0.636614978313446,0.08355712890625,0.0,0.778151273727417,0.0,12.0,12.0,Carre
28.0,28.0,1.0,0.7853981852531433,0.9298469424247742,1.0,108.0,729.0,4.0,4.0,4.0,0.9298469424247742,0.6366131901741028,0.04449462890625,0.0,0.778151273727417,12.0,12.0,12.0,Carre
28.0,28.0,1.0,0.7853981852531433,0.9298469424247742,1.0,108.0,729.0,4.0,4.0,4.0,0.9298469424247742,0.6366131901741028,0.04449462890625,0.0,0.778151273727417,12.0,12.0,12.0,Carre
35.0,35.0,1.0,0.7853981852531433,0.9436734914779663,1.0,136.0,1156.0,4.0,4.0,4.0,0.9436734914779663,0.6366145610809326,0.070556640625,0.0,0.778151273727417,0.0,12.0,12.0,Carre
30.0,30.0,1.0,0.7853981852531433,0.9344444274902344,1.0,116.0,841.0,4.0,4.0,4.0,0.9344444274902344,0.636613667011261,0.05133056640625,0.0,0.778151273727417,12.0,12.0,12.0,Carre
36.0,36.0,1.0,0.7853981852531433,0.9452160596847534,1.0,140.0,1225.0,4.0,4.0,4.0,0.9452160596847534,0.6366146802902222,0.07476806640625,0.0,0.778151273727417,0.0,12.0,12.0,Carre
39.0,39.0,1.0,0.7853981852531433,0.9493753910064697,1.0,152.0,1444.0,4.0,4.0,4.0,0.9493753910064697,0.6366150379180908,0.088134765625,0.0,0.778151273727417,0.0,12.0,12.0,Carre
35.0,35.0,1.0,0.7853981852531433,0.9436734914779663,1.0,136.0,1156.0,4.0,4.0,4.0,0.9436734914779663,0.6366145610809326,0.070556640625,0.0,0.778151273727417,0.0,12.0,12.0,Carre
41.0,41.0,1.0,0.7853981852531433,0.9518144130706787,1.0,160.0,1600.0,4.0,4.0,4.0,0.9518144130706787,0.6366153359413147,0.09765625,0.0,0.778151273727417,0.0,12.0,12.0,Carre
26.0,26.0,1.0,0.7853981852531433,0.9245561957359314,1.0,100.0,625.0,4.0,4.0,4.0,0.9245561957359314,0.6366126537322998,0.03814697265625,0.0,0.778151273727417,0.0,12.0,12.0,Carre
44.0,44.0,1.0,0.7853981852531433,0.9550619721412659,1.0,172.0,1849.0,4.0,4.0,4.0,0.9550619721412659,0.6366155743598938,0.11285400390625,0.0,0.778151273727417,12.0,12.0,12.0,Carre
28.0,28.0,1.0,0.7853981852531433,0.9298469424247742,1.0,108.0,729.0,4.0,4.0,4.0,0.9298469424247742,0.6366131901741028,0.04449462890625,0.0,0.778151273727417,12.0,12.0,12.0,Carre
34.0,34.0,1.0,0.7853981852531433,0.9420415163040161,1.0,132.0,1089.0,4.0,4.0,4.0,0.9420415163040161,0.6366143226623535,0.06646728515625,0.0,0.778151273727417,0.0,0.0,0.0,Carre
34.0,34.0,1.0,0.7853981852531433,0.9420415163040161,1.0,132.0,1089.0,4.0,4.0,4.0,0.9420415163040161,0.6366143226623535,0.06646728515625,0.0,0.778151273727417,0.0,0.0,0.0,Carre
30.0,30.0,1.0,0.7853981852531433,0.9344444274902344,1.0,116.0,841.0,4.0,4.0,4.0,0.9344444274902344,0.636613667011261,0.05133056640625,0.0,0.778151273727417,12.0,12.0,12.0,Carre
34.0,34.0,1.0,0.7853981852531433,0.9420415163040161,1.0,132.0,1089.0,4.0,4.0,4.0,0.9420415163040161,0.6366143226623535,0.06646728515625,0.0,0.778151273727417,0.0,0.0,0.0,Carre
31.0,31.0,1.0,0.7853981852531433,0.9365244507789612,1.0,120.0,900.0,4.0,4.0,4.0,0.9365244507789612,0.6366138458251953,0.054931640625,0.0,0.778151273727417,0.0,0.0,0.0,Carre
39.0,39.0,1.0,0.7853981852531433,0.9493753910064697,1.0,152.0,1444.0,4.0,4.0,4.0,0.9493753910064697,0.6366150379180908,0.088134765625,0.0,0.778151273727417,0.0,12.0,12.0,Carre
44.0,44.0,1.0,0.7853981852531433,0.9550619721412659,1.0,172.0,1849.0,4.0,4.0,4.0,0.9550619721412659,0.6366155743598938,0.11285400390625,0.0,0.778151273727417,12.0,12.0,12.0,Carre
36.0,36.0,1.0,0.7853981852531433,0.9452160596847534,1.0,140.0,1225.0,4.0,4.0,4.0,0.9452160596847534,0.6366146802902222,0.07476806640625,0.0,0.778151273727417,0.0,12.0,12.0,Carre
29.0,29.0,1.0,0.7853981852531433,0.9322235584259033,1.0,112.0,784.0,4.0,4.0,4.0,0.9322235584259033,0.6366133689880371,0.0478515625,0.0,0.778151273727417,12.0,12.0,12.0,Carre
42.0,42.0,1.0,0.7853981852531433,0.9529478549957275,1.0,164.0,1681.0,4.0,4.0,4.0,0.9529478549957275,0.6366153955459595,0.10260009765625,0.0,0.778151273727417,0.0,12.0,12.0,Carre
25.0,25.0,1.0,0.7853981852531433,0.9215999841690063,1.0,96.0,576.0,4.0,4.0,4.0,0.9215999841690063,0.6366124153137207,0.03515625,0.0,0.778151273727417,0.0,0.0,0.0,Carre
30.0,30.0,1.0,0.7853981852531433,0.9344444274902344,1.0,116.0,841.0,4.0,4.0,4.0,0.9344444274902344,0.636613667011261,0.05133056640625,0.0,0.778151273727417,12.0,12.0,12.0,Carre
45.0,45.0,1.0,0.7853981852531433,0.956049382686615,1.0,176.0,1936.0,4.0,4.0,4.0,0.956049382686615,0.6366157531738281,0.1181640625,0.0,0.778151273727417,0.0,12.0,12.0,Carre
35.0,35.0,1.0,0.7853981852531433,0.9436734914779663,1.0,136.0,1156.0,4.0,4.0,4.0,0.9436734914779663,0.6366145610809326,0.070556640625,0.0,0.778151273727417,0.0,12.0,12.0,Carre
26.0,26.0,1.0,0.7853981852531433,0.9245561957359314,1.0,100.0,625.0,4.0,4.0,4.0,0.9245561957359314,0.6366126537322998,0.03814697265625,0.0,0.778151273727417,0.0,12.0,12.0,Carre
42.0,42.0,1.0,0.7853981852531433,0.9529478549957275,1.0,164.0,1681.0,4.0,4.0,4.0,0.9529478549957275,0.6366153955459595,0.10260009765625,0.0,0.778151273727417,0.0,12.0,12.0,Carre
28.0,28.0,1.0,0.7853981852531433,0.9298469424247742,1.0,108.0,729.0,4.0,4.0,4.0,0.9298469424247742,0.6366131901741028,0.04449462890625,0.0,0.778151273727417,12.0,12.0,12.0,Carre
29.0,29.0,1.0,0.7853981852531433,0.9322235584259033,1.0,112.0,784.0,4.0,4.0,4.0,0.9322235584259033,0.6366133689880371,0.0478515625,0.0,0.778151273727417,12.0,12.0,12.0,Carre
41.0,41.0,1.0,0.7853981852531433,0.9518144130706787,1.0,160.0,1600.0,4.0,4.0,4.0,0.9518144130706787,0.6366153359413147,0.09765625,0.0,0.778151273727417,0.0,12.0,12.0,Carre
45.0,45.0,1.0,0.7853981852531433,0.956049382686615,1.0,176.0,1936.0,4.0,4.0,4.0,0.956049382686615,0.6366157531738281,0.1181640625,0.0,0.778151273727417,0.0,12.0,12.0,Carre
41.0,41.0,1.0,0.7853981852531433,0.9518144130706787,1.0,160.0,1600.0,4.0,4.0,4.0,0.9518144130706787,0.6366153359413147,0.09765625,0.0,0.778151273727417,0.0,12.0,12.0,Carre
37.0,37.0,1.0,0.7853981852531433,0.9466764330863953,1.0,144.0,1296.0,4.0,4.0,4.0,0.9466764330863953,0.6366147994995117,0.0791015625,0.0,0.778151273727417,0.0,0.0,0.0,Carre
37.0,37.0,1.0,0.7853981852531433,0.9466764330863953,1.0,144.0,1296.0,4.0,4.0,4.0,0.9466764330863953,0.6366147994995117,0.0791015625,0.0,0.778151273727417,0.0,0.0,0.0,Carre
27.0,27.0,1.0,0.7853981852531433,0.9272976517677307,1.0,104.0,676.0,4.0,4.0,4.0,0.9272976517677307,0.6366128325462341,0.041259765625,0.0,0.778151273727417,0.0,12.0,12.0,Carre
35.0,35.0,1.0,0.7853981852531433,0.9436734914779663,1.0,136.0,1156.0,4.0,4.0,4.0,0.9436734914779663,0.6366145610809326,0.070556640625,0.0,0.778151273727417,0.0,12.0,12.0,Carre
40.0,40.0,1.0,0.7853981852531433,0.9506250023841858,1.0,156.0,1521.0,4.0,4.0,4.0,0.9506250023841858,0.6366152167320251,0.09283447265625,0.0,0.778151273727417,0.0,0.0,0.0,Carre
27.0,27.0,1.0,0.7853981852531433,0.9272976517677307,1.0,104.0,676.0,4.0,4.0,4.0,0.9272976517677307,0.6366128325462341,0.041259765625,0.0,0.778151273727417,0.0,12.0,12.0,Carre
28.0,28.0,1.0,0.7853981852531433,0.9298469424247742,1.0,108.0,729.0,4.0,4.0,4.0,0.9298469424247742,0.6366131901741028,0.04449462890625,0.0,0.778151273727417,12.0,12.0,12.0,Carre
45.0,45.0,1.0,0.7853981852531433,0.956049382686615,1.0,176.0,1936.0,4.0,4.0,4.0,0.956049382686615,0.6366157531738281,0.1181640625,0.0,0.778151273727417,0.0,12.0,12.0,Carre
40.0,40.0,1.0,0.7853981852531433,0.9506250023841858,1.0,156.0,1521.0,4.0,4.0,4.0,0.9506250023841858,0.6366152167320251,0.09283447265625,0.0,0.778151273727417,0.0,0.0,0.0,Carre
34.0,34.0,1.0,0.7853981852531433,0.9420415163040161,1.0,132.0,1089.0,4.0,4.0,4.0,0.9420415163040161,0.6366143226623535,0.06646728515625,0.0,0.778151273727417,0.0,0.0,0.0,Carre
39.0,39.0,1.0,0.7853981852531433,0.9493753910064697,1.0,152.0,1444.0,4.0,4.0,4.0,0.9493753910064697,0.6366150379180908,0.088134765625,0.0,0.778151273727417,0.0,12.0,12.0,Carre
32.0,32.0,1.0,0.7853981852531433,0.9384765625,1.0,124.0,961.0,4.0,4.0,4.0,0.9384765625,0.6366139650344849,0.05865478515625,0.0,0.778151273727417,12.0,12.0,12.0,Carre
43.0,43.0,1.0,0.7853981852531433,0.9540292024612427,1.0,168.0,1764.0,4.0,4.0,4.0,0.9540292024612427,0.636615514755249,0.107666015625,0.0,0.778151273727417,0.0,0.0,0.0,Carre
44.0,44.0,1.0,0.7853981852531433,0.9550619721412659,1.0,172.0,1849.0,4.0,4.0,4.0,0.9550619721412659,0.6366155743598938,0.11285400390625,0.0,0.778151273727417,12.0,12.0,12.0,Carre
43.0,43.0,1.0,0.7853981852531433,0.9540292024612427,1.0,168.0,1764.0,4.0,4.0,4.0,0.9540292024612427,0.636615514755249,0.107666015625,0.0,0.778151273727417,0.0,0.0,0.0,Carre
36.0,36.0,1.0,0.7853981852531433,0.9452160596847534,1.0,140.0,1225.0,4.0,4.0,4.0,0.9452160596847534,0.6366146802902222,0.07476806640625,0.0,0.778151273727417,0.0,12.0,12.0,Carre
36.0,36.0,1.0,0.7853981852531433,0.9452160596847534,1.0,140.0,1225.0,4.0,4.0,4.0,0.9452160596847534,0.6366146802902222,0.07476806640625,0.0,0.778151273727417,0.0,12.0,12.0,Carre
39.0,39.0,1.0,0.7853981852531433,0.9493753910064697,1.0,152.0,1444.0,4.0,4.0,4.0,0.9493753910064697,0.6366150379180908,0.088134765625,0.0,0.778151273727417,0.0,12.0,12.0,Carre
33.0,33.0,1.0,0.7853981852531433,0.9403122067451477,1.0,128.0,1024.0,4.0,4.0,4.0,0.9403122067451477,0.636614203453064,0.0625,0.0,0.778151273727417,0.0,12.0,12.0,Carre
37.0,37.0,1.0,0.7853981852531433,0.9466764330863953,1.0,144.0,1296.0,4.0,4.0,4.0,0.9466764330863953,0.6366147994995117,0.0791015625,0.0,0.778151273727417,0.0,0.0,0.0,Carre
27.0,27.0,1.0,0.7853981852531433,0.9272976517677307,1.0,104.0,676.0,4.0,4.0,4.0,0.9272976517677307,0.6366128325462341,0.041259765625,0.0,0.778151273727417,0.0,12.0,12.0,Carre
43.0,43.0,1.0,0.7853981852531433,0.9540292024612427,1.0,168.0,1764.0,4.0,4.0,4.0,0.9540292024612427,0.636615514755249,0.107666015625,0.0,0.778151273727417,0.0,0.0,0.0,Carre
28.0,28.0,1.0,0.7853981852531433,0.9298469424247742,1.0,108.0,729.0,4.0,4.0,4.0,0.9298469424247742,0.6366131901741028,0.04449462890625,0.0,0.778151273727417,12.0,12.0,12.0,Carre
39.0,39.0,1.0,0.7853981852531433,0.9493753910064697,1.0,152.0,1444.0,4.0,4.0,4.0,0.9493753910064697,0.6366150379180908,0.088134765625,0.0,0.778151273727417,0.0,12.0,12.0,Carre
26.0,26.0,1.0,0.7853981852531433,0.9245561957359314,1.0,100.0,625.0,4.0,4.0,4.0,0.9245561957359314,0.6366126537322998,0.03814697265625,0.0,0.778151273727417,0.0,12.0,12.0,Carre
25.0,25.0,1.0,0.7853981852531433,0.9215999841690063,1.0,96.0,576.0,4.0,4.0,4.0,0.9215999841690063,0.6366124153137207,0.03515625,0.0,0.778151273727417,0.0,0.0,0.0,Carre
44.0,44.0,1.0,0.7853981852531433,0.9550619721412659,1.0,172.0,1849.0,4.0,4.0,4.0,0.9550619721412659,0.6366155743598938,0.11285400390625,0.0,0.778151273727417,12.0,12.0,12.0,Carre
29.0,29.0,1.0,0.7853981852531433,0.9322235584259033,1.0,112.0,784.0,4.0,4.0,4.0,0.9322235584259033,0.6366133689880371,0.0478515625,0.0,0.778151273727417,12.0,12.0,12.0,Carre
30.0,30.0,1.0,0.7853981852531433,0.9344444274902344,1.0,116.0,841.0,4.0,4.0,4.0,0.9344444274902344,0.636613667011261,0.05133056640625,0.0,0.778151273727417,12.0,12.0,12.0,Carre
43.0,43.0,1.0,0.7853981852531433,0.9540292024612427,1.0,168.0,1764.0,4.0,4.0,4.0,0.9540292024612427,0.636615514755249,0.107666015625,0.0,0.778151273727417,0.0,0.0,0.0,Carre
37.0,37.0,1.0,0.7853981852531433,0.9466764330863953,1.0,144.0,1296.0,4.0,4.0,4.0,0.9466764330863953,0.6366147994995117,0.0791015625,0.0,0.778151273727417,0.0,0.0,0.0,Carre
36.0,36.0,1.0,0.7853981852531433,0.9452160596847534,1.0,140.0,1225.0,4.0,4.0,4.0,0.9452160596847534,0.6366146802902222,0.07476806640625,0.0,0.778151273727417,0.0,12.0,12.0,Carre
28.0,28.0,1.0,0.7853981852531433,0.9298469424247742,1.0,108.0,729.0,4.0,4.0,4.0,0.9298469424247742,0.6366131901741028,0.04449462890625,0.0,0.778151273727417,12.0,12.0,12.0,Carre
27.0,27.0,1.0,0.7853981852531433,0.9272976517677307,1.0,104.0,676.0,4.0,4.0,4.0,0.9272976517677307,0.6366128325462341,0.041259765625,0.0,0.778151273727417,0.0,12.0,12.0,Carre
43.0,43.0,1.0,0.7853981852531433,0.9540292024612427,1.0,168.0,1764.0,4.0,4.0,4.0,0.9540292024612427,0.636615514755249,0.107666015625,0.0,0.778151273727417,0.0,0.0,0.0,Carre
26.0,26.0,1.0,0.7853981852531433,0.9245561957359314,1.0,100.0,625.0,4.0,4.0,4.0,0.9245561957359314,0.6366126537322998,0.03814697265625,0.0,0.778151273727417,0.0,12.0,12.0,Carre
36.0,36.0,1.0,0.7853981852531433,0.9452160596847534,1.0,140.0,1225.0,4.0,4.0,4.0,0.9452160596847534,0.6366146802902222,0.07476806640625,0.0,0.778151273727417,0.0,12.0,12.0,Carre
33.0,33.0,1.0,0.7853981852531433,0.9403122067451477,1.0,128.0,1024.0,4.0,4.0,4.0,0.9403122067451477,0.636614203453064,0.0625,0.0,0.778151273727417,0.0,12.0,12.0,Carre
37.0,37.0,1.0,0.7853981852531433,0.9466764330863953,1.0,144.0,1296.0,4.0,4.0,4.0,0.9466764330863953,0.6366147994995117,0.0791015625,0.0,0.778151273727417,0.0,0.0,0.0,Carre
35.0,35.0,1.0,0.7853981852531433,0.9436734914779663,1.0,136.0,1156.0,4.0,4.0,4.0,0.9436734914779663,0.6366145610809326,0.070556640625,0.0,0.778151273727417,0.0,12.0,12.0,Carre
41.0,41.0,1.0,0.7853981852531433,0.9518144130706787,1.0,160.0,1600.0,4.0,4.0,4.0,0.9518144130706787,0.6366153359413147,0.09765625,0.0,0.778151273727417,0.0,12.0,12.0,Carre
35.0,35.0,1.0,0.7853981852531433,0.9436734914779663,1.0,136.0,1156.0,4.0,4.0,4.0,0.9436734914779663,0.6366145610809326,0.070556640625,0.0,0.778151273727417,0.0,12.0,12.0,Carre
44.0,44.0,1.0,0.7853981852531433,0.9550619721412659,1.0,172.0,1849.0,4.0,4.0,4.0,0.9550619721412659,0.6366155743598938,0.11285400390625,0.0,0.778151273727417,12.0,12.0,12.0,Carre
45.0,45.0,1.0,0.7853981852531433,0.956049382686615,1.0,176.0,1936.0,4.0,4.0,4.0,0.956049382686615,0.6366157531738281,0.1181640625,0.0,0.778151273727417,0.0,12.0,12.0,Carre
28.0,28.0,1.0,0.7853981852531433,0.9298469424247742,1.0,108.0,729.0,4.0,4.0,4.0,0.9298469424247742,0.6366131901741028,0.04449462890625,0.0,0.778151273727417,12.0,12.0,12.0,Carre
39.0,39.0,1.0,0.7853981852531433,0.9493753910064697,1.0,152.0,1444.0,4.0,4.0,4.0,0.9493753910064697,0.6366150379180908,0.088134765625,0.0,0.778151273727417,0.0,12.0,12.0,Carre
41.0,41.0,1.0,0.7853981852531433,0.9518144130706787,1.0,160.0,1600.0,4.0,4.0,4.0,0.9518144130706787,0.6366153359413147,0.09765625,0.0,0.778151273727417,0.0,12.0,12.0,Carre
32.0,32.0,1.0,0.7853981852531433,0.9384765625,1.0,124.0,961.0,4.0,4.0,4.0,0.9384765625,0.6366139650344849,0.05865478515625,0.0,0.778151273727417,12.0,12.0,12.0,Carre
34.0,34.0,1.0,0.7853981852531433,0.9420415163040161,1.0,132.0,1089.0,4.0,4.0,4.0,0.9420415163040161,0.6366143226623535,0.06646728515625,0.0,0.778151273727417,0.0,0.0,0.0,Carre
40.0,40.0,1.0,0.7853981852531433,0.9506250023841858,1.0,156.0,1521.0,4.0,4.0,4.0,0.9506250023841858,0.6366152167320251,0.09283447265625,0.0,0.778151273727417,0.0,0.0,0.0,Carre
36.0,36.0,1.0,0.7853981852531433,0.9452160596847534,1.0,140.0,1225.0,4.0,4.0,4.0,0.9452160596847534,0.6366146802902222,0.07476806640625,0.0,0.778151273727417,0.0,12.0,12.0,Carre
26.0,26.0,1.0,0.7853981852531433,0.9245561957359314,1.0,100.0,625.0,4.0,4.0,4.0,0.9245561957359314,0.6366126537322998,0.03814697265625,0.0,0.778151273727417,0.0,12.0,12.0,Carre
28.0,28.0,1.0,0.7853981852531433,0.9298469424247742,1.0,108.0,729.0,4.0,4.0,4.0,0.9298469424247742,0.6366131901741028,0.04449462890625,0.0,0.778151273727417,12.0,12.0,12.0,Carre
44.0,44.0,1.0,0.7853981852531433,0.9550619721412659,1.0,172.0,1849.0,4.0,4.0,4.0,0.9550619721412659,0.6366155743598938,0.11285400390625,0.0,0.778151273727417,12.0,12.0,12.0,Carre
40.0,40.0,1.0,0.7853981852531433,0.9506250023841858,1.0,156.0,1521.0,4.0,4.0,4.0,0.9506250023841858,0.6366152167320251,0.09283447265625,0.0,0.778151273727417,0.0,0.0,0.0,Carre
36.0,36.0,1.0,0.7853981852531433,0.9452160596847534,1.0,140.0,1225.0,4.0,4.0,4.0,0.9452160596847534,0.6366146802902222,0.07476806640625,0.0,0.778151273727417,0.0,12.0,12.0,Carre
40.0,40.0,1.0,0.7853981852531433,0.9506250023841858,1.0,156.0,1521.0,4.0,4.0,4.0,0.9506250023841858,0.6366152167320251,0.09283447265625,0.0,0.778151273727417,0.0,0.0,0.0,Carre
39.0,39.0,1.0,0.7853981852531433,0.9493753910064697,1.0,152.0,1444.0,4.0,4.0,4.0,0.9493753910064697,0.6366150379180908,0.088134765625,0.0,0.778151273727417,0.0,12.0,12.0,Carre
36.0,36.0,1.0,0.7853981852531433,0.9452160596847534,1.0,140.0,1225.0,4.0,4.0,4.0,0.9452160596847534,0.6366146802902222,0.07476806640625,0.0,0.778151273727417,0.0,12.0,12.0,Carre
35.0,35.0,1.0,0.7853981852531433,0.9436734914779663,1.0,136.0,1156.0,4.0,4.0,4.0,0.9436734914779663,0.6366145610809326,0.070556640625,0.0,0.778151273727417,0.0,12.0,12.0,Carre
38.0,38.0,1.0,0.7853981852531433,0.948060929775238,1.0,148.0,1369.0,4.0,4.0,4.0,0.948060929775238,0.636614978313446,0.08355712890625,0.0,0.778151273727417,0.0,12.0,12.0,Carre
31.0,31.0,1.0,0.7853981852531433,0.9365244507789612,1.0,120.0,900.0,4.0,4.0,4.0,0.9365244507789612,0.6366138458251953,0.054931640625,0.0,0.778151273727417,0.0,0.0,0.0,Carre
45.0,45.0,1.0,0.7853981852531433,0.956049382686615,1.0,176.0,1936.0,4.0,4.0,4.0,0.956049382686615,0.6366157531738281,0.1181640625,0.0,0.778151273727417,0.0,12.0,12.0,Carre
44.0,44.0,1.0,0.7853981852531433,0.9550619721412659,1.0,172.0,1849.0,4.0,4.0,4.0,0.9550619721412659,0.6366155743598938,0.11285400390625,0.0,0.778151273727417,12.0,12.0,12.0,Carre
40.0,40.0,1.0,0.7853981852531433,0.9506250023841858,1.0,156.0,1521.0,4.0,4.0,4.0,0.9506250023841858,0.6366152167320251,0.09283447265625,0.0,0.778151273727417,0.0,0.0,0.0,Carre
31.0,31.0,1.0,0.7853981852531433,0.9365244507789612,1.0,120.0,900.0,4.0,4.0,4.0,0.9365244507789612,0.6366138458251953,0.054931640625,0.0,0.778151273727417,0.0,0.0,0.0,Carre
37.0,37.0,1.0,0.7853981852531433,0.9466764330863953,1.0,144.0,1296.0,4.0,4.0,4.0,0.9466764330863953,0.6366147994995117,0.0791015625,0.0,0.778151273727417,0.0,0.0,0.0,Carre
28.0,28.0,1.0,0.7853981852531433,0.9298469424247742,1.0,108.0,729.0,4.0,4.0,4.0,0.9298469424247742,0.6366131901741028,0.04449462890625,0.0,0.778151273727417,12.0,12.0,12.0,Carre
40.0,40.0,1.0,0.7853981852531433,0.9506250023841858,1.0,156.0,1521.0,4.0,4.0,4.0,0.9506250023841858,0.6366152167320251,0.09283447265625,0.0,0.778151273727417,0.0,0.0,0.0,Carre
35.0,35.0,1.0,0.7853981852531433,0.9436734914779663,1.0,136.0,1156.0,4.0,4.0,4.0,0.9436734914779663,0.6366145610809326,0.070556640625,0.0,0.778151273727417,0.0,12.0,12.0,Carre
29.0,29.0,1.0,0.7853981852531433,0.9322235584259033,1.0,112.0,784.0,4.0,4.0,4.0,0.9322235584259033,0.6366133689880371,0.0478515625,0.0,0.778151273727417,12.0,12.0,12.0,Carre
37.0,37.0,1.0,0.7853981852531433,0.9466764330863953,1.0,144.0,1296.0,4.0,4.0,4.0,0.9466764330863953,0.6366147994995117,0.0791015625,0.0,0.778151273727417,0.0,0.0,0.0,Carre
30.0,30.0,1.0,0.7853981852531433,0.9344444274902344,1.0,116.0,841.0,4.0,4.0,4.0,0.9344444274902344,0.636613667011261,0.05133056640625,0.0,0.778151273727417,12.0,12.0,12.0,Carre
30.0,30.0,1.0,0.7853981852531433,0.9344444274902344,1.0,116.0,841.0,4.0,4.0,4.0,0.9344444274902344,0.636613667011261,0.05133056640625,0.0,0.778151273727417,12.0,12.0,12.0,Carre
28.0,28.0,1.0,0.7853981852531433,0.9298469424247742,1.0,108.0,729.0,4.0,4.0,4.0,0.9298469424247742,0.6366131901741028,0.04449462890625,0.0,0.778151273727417,12.0,12.0,12.0,Carre
37.0,37.0,1.0,0.7853981852531433,0.9466764330863953,1.0,144.0,1296.0,4.0,4.0,4.0,0.9466764330863953,0.6366147994995117,0.0791015625,0.0,0.778151273727417,0.0,0.0,0.0,Carre
32.0,32.0,1.0,0.7853981852531433,0.9384765625,1.0,124.0,961.0,4.0,4.0,4.0,0.9384765625,0.6366139650344849,0.05865478515625,0.0,0.778151273727417,12.0,12.0,12.0,Carre
45.0,45.0,1.0,0.7853981852531433,0.956049382686615,1.0,176.0,1936.0,4.0,4.0,4.0,0.956049382686615,0.6366157531738281,0.1181640625,0.0,0.778151273727417,0.0,12.0,12.0,Carre
39.0,39.0,1.0,0.7853981852531433,0.9493753910064697,1.0,152.0,1444.0,4.0,4.0,4.0,0.9493753910064697,0.6366150379180908,0.088134765625,0.0,0.778151273727417,0.0,12.0,12.0,Carre
27.0,27.0,1.0,0.7853981852531433,0.9272976517677307,1.0,104.0,676.0,4.0,4.0,4.0,0.9272976517677307,0.6366128325462341,0.041259765625,0.0,0.778151273727417,0.0,12.0,12.0,Carre
33.0,33.0,1.0,0.7853981852531433,0.9403122067451477,1.0,128.0,1024.0,4.0,4.0,4.0,0.9403122067451477,0.636614203453064,0.0625,0.0,0.778151273727417,0.0,12.0,12.0,Carre
37.0,37.0,1.0,0.7853981852531433,0.9466764330863953,1.0,144.0,1296.0,4.0,4.0,4.0,0.9466764330863953,0.6366147994995117,0.0791015625,0.0,0.778151273727417,0.0,0.0,0.0,Carre
37.0,37.0,1.0,0.7853981852531433,0.9466764330863953,1.0,144.0,1296.0,4.0,4.0,4.0,0.9466764330863953,0.6366147994995117,0.0791015625,0.0,0.778151273727417,0.0,0.0,0.0,Carre
37.0,37.0,1.0,0.7853981852531433,0.9466764330863953,1.0,144.0,1296.0,4.0,4.0,4.0,0.9466764330863953,0.6366147994995117,0.0791015625,0.0,0.778151273727417,0.0,0.0,0.0,Carre
30.0,30.0,1.0,0.7853981852531433,0.9344444274902344,1.0,116.0,841.0,4.0,4.0,4.0,0.9344444274902344,0.636613667011261,0.05133056640625,0.0,0.778151273727417,12.0,12.0,12.0,Carre
41.0,41.0,1.0,0.7853981852531433,0.9518144130706787,1.0,160.0,1600.0,4.0,4.0,4.0,0.9518144130706787,0.6366153359413147,0.09765625,0.0,0.778151273727417,0.0,12.0,12.0,Carre
27.0,27.0,1.0,0.7853981852531433,0.9272976517677307,1.0,104.0,676.0,4.0,4.0,4.0,0.9272976517677307,0.6366128325462341,0.041259765625,0.0,0.778151273727417,0.0,12.0,12.0,Carre
33.0,33.0,1.0,0.7853981852531433,0.9403122067451477,1.0,128.0,1024.0,4.0,4.0,4.0,0.9403122067451477,0.636614203453064,0.0625,0.0,0.778151273727417,0.0,12.0,12.0,Carre
39.0,39.0,1.0,0.7853981852531433,0.9493753910064697,1.0,152.0,1444.0,4.0,4.0,4.0,0.9493753910064697,0.6366150379180908,0.088134765625,0.0,0.778151273727417,0.0,12.0,12.0,Carre
45.0,45.0,1.0,0.7853981852531433,0.956049382686615,1.0,176.0,1936.0,4.0,4.0,4.0,0.956049382686615,0.6366157531738281,0.1181640625,0.0,0.778151273727417,0.0,12.0,12.0,Carre
43.0,43.0,1.0,0.7853981852531433,0.9540292024612427,1.0,168.0,1764.0,4.0,4.0,4.0,0.9540292024612427,0.636615514755249,0.107666015625,0.0,0.778151273727417,0.0,0.0,0.0,Carre
31.0,31.0,1.0,0.7853981852531433,0.9365244507789612,1.0,120.0,900.0,4.0,4.0,4.0,0.9365244507789612,0.6366138458251953,0.054931640625,0.0,0.778151273727417,0.0,0.0,0.0,Carre
45.0,45.0,1.0,0.7853981852531433,0.956049382686615,1.0,176.0,1936.0,4.0,4.0,4.0,0.956049382686615,0.6366157531738281,0.1181640625,0.0,0.778151273727417,0.0,12.0,12.0,Carre
34.0,34.0,1.0,0.7853981852531433,0.9420415163040161,1.0,132.0,1089.0,4.0,4.0,4.0,0.9420415163040161,0.6366143226623535,0.06646728515625,0.0,0.778151273727417,0.0,0.0,0.0,Carre
36.0,36.0,1.0,0.7853981852531433,0.9452160596847534,1.0,140.0,1225.0,4.0,4.0,4.0,0.9452160596847534,0.6366146802902222,0.07476806640625,0.0,0.778151273727417,0.0,12.0,12.0,Carre
28.0,28.0,1.0,0.7853981852531433,0.9298469424247742,1.0,108.0,729.0,4.0,4.0,4.0,0.9298469424247742,0.6366131901741028,0.04449462890625,0.0,0.778151273727417,12.0,12.0,12.0,Carre
31.0,31.0,1.0,0.7853981852531433,0.9365244507789612,1.0,120.0,900.0,4.0,4.0,4.0,0.9365244507789612,0.6366138458251953,0.054931640625,0.0,0.778151273727417,0.0,0.0,0.0,Carre
29.0,29.0,1.0,0.7853981852531433,0.9322235584259033,1.0,112.0,784.0,4.0,4.0,4.0,0.9322235584259033,0.6366133689880371,0.0478515625,0.0,0.778151273727417,12.0,12.0,12.0,Carre
26.0,26.0,1.0,0.7853981852531433,0.9245561957359314,1.0,100.0,625.0,4.0,4.0,4.0,0.9245561957359314,0.6366126537322998,0.03814697265625,0.0,0.778151273727417,0.0,12.0,12.0,Carre
39.0,39.0,1.0,0.7853981852531433,0.9493753910064697,1.0,152.0,1444.0,4.0,4.0,4.0,0.9493753910064697,0.6366150379180908,0.088134765625,0.0,0.778151273727417,0.0,12.0,12.0,Carre
30.0,30.0,1.0,0.7853981852531433,0.9344444274902344,1.0,116.0,841.0,4.0,4.0,4.0,0.9344444274902344,0.636613667011261,0.05133056640625,0.0,0.778151273727417,12.0,12.0,12.0,Carre
33.0,33.0,1.0,0.7853981852531433,0.9403122067451477,1.0,128.0,1024.0,4.0,4.0,4.0,0.9403122067451477,0.636614203453064,0.0625,0.0,0.778151273727417,0.0,12.0,12.0,Carre
40.0,40.0,1.0,0.7853981852531433,0.9506250023841858,1.0,156.0,1521.0,4.0,4.0,4.0,0.9506250023841858,0.6366152167320251,0.09283447265625,0.0,0.778151273727417,0.0,0.0,0.0,Carre
30.0,30.0,1.0,0.7853981852531433,0.9344444274902344,1.0,116.0,841.0,4.0,4.0,4.0,0.9344444274902344,0.636613667011261,0.05133056640625,0.0,0.778151273727417,12.0,12.0,12.0,Carre
45.0,45.0,1.0,0.7853981852531433,0.956049382686615,1.0,176.0,1936.0,4.0,4.0,4.0,0.956049382686615,0.6366157531738281,0.1181640625,0.0,0.778151273727417,0.0,12.0,12.0,Carre
32.0,32.0,1.0,0.7853981852531433,0.9384765625,1.0,124.0,961.0,4.0,4.0,4.0,0.9384765625,0.6366139650344849,0.05865478515625,0.0,0.778151273727417,12.0,12.0,12.0,Carre
34.0,34.0,1.0,0.7853981852531433,0.9420415163040161,1.0,132.0,1089.0,4.0,4.0,4.0,0.9420415163040161,0.6366143226623535,0.06646728515625,0.0,0.778151273727417,0.0,0.0,0.0,Carre
37.0,37.0,1.0,0.7853981852531433,0.9466764330863953,1.0,144.0,1296.0,4.0,4.0,4.0,0.9466764330863953,0.6366147994995117,0.0791015625,0.0,0.778151273727417,0.0,0.0,0.0,Carre
43.0,43.0,1.0,0.7853981852531433,0.9540292024612427,1.0,168.0,1764.0,4.0,4.0,4.0,0.9540292024612427,0.636615514755249,0.107666015625,0.0,0.778151273727417,0.0,0.0,0.0,Carre
29.0,29.0,1.0,0.7853981852531433,0.9322235584259033,1.0,112.0,784.0,4.0,4.0,4.0,0.9322235584259033,0.6366133689880371,0.0478515625,0.0,0.778151273727417,12.0,12.0,12.0,Carre
45.0,45.0,1.0,0.7853981852531433,0.956049382686615,1.0,176.0,1936.0,4.0,4.0,4.0,0.956049382686615,0.6366157531738281,0.1181640625,0.0,0.778151273727417,0.0,12.0,12.0,Carre
36.0,36.0,1.0,0.7853981852531433,0.9452160596847534,1.0,140.0,1225.0,4.0,4.0,4.0,0.9452160596847534,0.6366146802902222,0.07476806640625,0.0,0.778151273727417,0.0,12.0,12.0,Carre
31.0,31.0,1.0,0.7853981852531433,0.9365244507789612,1.0,120.0,900.0,4.0,4.0,4.0,0.9365244507789612,0.6366138458251953,0.054931640625,0.0,0.778151273727417,0.0,0.0,0.0,Carre
37.0,37.0,1.0,0.7853981852531433,0.9466764330863953,1.0,144.0,1296.0,4.0,4.0,4.0,0.9466764330863953,0.6366147994995117,0.0791015625,0.0,0.778151273727417,0.0,0.0,0.0,Carre
26.0,26.0,1.0,0.7853981852531433,0.9245561957359314,1.0,100.0,625.0,4.0,4.0,4.0,0.9245561957359314,0.6366126537322998,0.03814697265625,0.0,0.778151273727417,0.0,12.0,12.0,Carre
30.0,30.0,1.0,0.7853981852531433,0.9344444274902344,1.0,116.0,841.0,4.0,4.0,4.0,0.9344444274902344,0.636613667011261,0.05133056640625,0.0,0.778151273727417,12.0,12.0,12.0,Carre
29.0,29.0,1.0,0.7853981852531433,0.9322235584259033,1.0,112.0,784.0,4.0,4.0,4.0,0.9322235584259033,0.6366133689880371,0.0478515625,0.0,0.778151273727417,12.0,12.0,12.0,Carre
29.0,29.0,1.0,0.7853981852531433,0.9322235584259033,1.0,112.0,784.0,4.0,4.0,4.0,0.9322235584259033,0.6366133689880371,0.0478515625,0.0,0.778151273727417,12.0,12.0,12.0,Carre
28.0,28.0,1.0,0.7853981852531433,0.9298469424247742,1.0,108.0,729.0,4.0,4.0,4.0,0.9298469424247742,0.6366131901741028,0.04449462890625,0.0,0.778151273727417,12.0,12.0,12.0,Carre
27.0,27.0,1.0,0.7853981852531433,0.9272976517677307,1.0,104.0,676.0,4.0,4.0,4.0,0.9272976517677307,0.6366128325462341,0.041259765625,0.0,0.778151273727417,0.0,12.0,12.0,Carre
41.0,41.0,1.0,0.7853981852531433,0.9518144130706787,1.0,160.0,1600.0,4.0,4.0,4.0,0.9518144130706787,0.6366153359413147,0.09765625,0.0,0.778151273727417,0.0,12.0,12.0,Carre
39.0,39.0,1.0,0.7853981852531433,0.9493753910064697,1.0,152.0,1444.0,4.0,4.0,4.0,0.9493753910064697,0.6366150379180908,0.088134765625,0.0,0.778151273727417,0.0,12.0,12.0,Carre
33.0,33.0,1.0,0.7853981852531433,0.9403122067451477,1.0,128.0,1024.0,4.0,4.0,4.0,0.9403122067451477,0.636614203453064,0.0625,0.0,0.778151273727417,0.0,12.0,12.0,Carre
26.0,26.0,1.0,0.7853981852531433,0.9245561957359314,1.0,100.0,625.0,4.0,4.0,4.0,0.9245561957359314,0.6366126537322998,0.03814697265625,0.0,0.778151273727417,0.0,12.0,12.0,Carre
39.0,39.0,1.0,0.7853981852531433,0.9493753910064697,1.0,152.0,1444.0,4.0,4.0,4.0,0.9493753910064697,0.6366150379180908,0.088134765625,0.0,0.778151273727417,0.0,12.0,12.0,Carre
40.0,40.0,1.0,0.7853981852531433,0.9506250023841858,1.0,156.0,1521.0,4.0,4.0,4.0,0.9506250023841858,0.6366152167320251,0.09283447265625,0.0,0.778151273727417,0.0,0.0,0.0,Carre
40.0,40.0,1.0,0.7853981852531433,0.9506250023841858,1.0,156.0,1521.0,4.0,4.0,4.0,0.9506250023841858,0.6366152167320251,0.09283447265625,0.0,0.778151273727417,0.0,0.0,0.0,Carre
35.0,35.0,1.0,0.7853981852531433,0.9436734914779663,1.0,136.0,1156.0,4.0,4.0,4.0,0.9436734914779663,0.6366145610809326,0.070556640625,0.0,0.778151273727417,0.0,12.0,12.0,Carre
26.0,26.0,1.0,0.7853981852531433,0.9245561957359314,1.0,100.0,625.0,4.0,4.0,4.0,0.9245561957359314,0.6366126537322998,0.03814697265625,0.0,0.778151273727417,0.0,12.0,12.0,Carre
28.0,28.0,1.0,0.7853981852531433,0.9298469424247742,1.0,108.0,729.0,4.0,4.0,4.0,0.9298469424247742,0.6366131901741028,0.04449462890625,0.0,0.778151273727417,12.0,12.0,12.0,Carre
29.0,29.0,1.0,0.7853981852531433,0.9322235584259033,1.0,112.0,784.0,4.0,4.0,4.0,0.9322235584259033,0.6366133689880371,0.0478515625,0.0,0.778151273727417,12.0,12.0,12.0,Carre
31.0,31.0,1.0,0.7853981852531433,0.9365244507789612,1.0,120.0,900.0,4.0,4.0,4.0,0.9365244507789612,0.6366138458251953,0.054931640625,0.0,0.778151273727417,0.0,0.0,0.0,Carre
36.0,36.0,1.0,0.7853981852531433,0.9452160596847534,1.0,140.0,1225.0,4.0,4.0,4.0,0.9452160596847534,0.6366146802902222,0.07476806640625,0.0,0.778151273727417,0.0,12.0,12.0,Carre
40.0,40.0,1.0,0.7853981852531433,0.9506250023841858,1.0,156.0,1521.0,4.0,4.0,4.0,0.9506250023841858,0.6366152167320251,0.09283447265625,0.0,0.778151273727417,0.0,0.0,0.0,Carre
42.0,42.0,1.0,0.7853981852531433,0.9529478549957275,1.0,164.0,1681.0,4.0,4.0,4.0,0.9529478549957275,0.6366153955459595,0.10260009765625,0.0,0.778151273727417,0.0,12.0,12.0,Carre
43.0,43.0,1.0,0.7853981852531433,0.9540292024612427,1.0,168.0,1764.0,4.0,4.0,4.0,0.9540292024612427,0.636615514755249,0.107666015625,0.0,0.778151273727417,0.0,0.0,0.0,Carre
25.0,25.0,1.0,0.7853981852531433,0.9215999841690063,1.0,96.0,576.0,4.0,4.0,4.0,0.9215999841690063,0.6366124153137207,0.03515625,0.0,0.778151273727417,0.0,0.0,0.0,Carre
34.0,34.0,1.0,0.7853981852531433,0.9420415163040161,1.0,132.0,1089.0,4.0,4.0,4.0,0.9420415163040161,0.6366143226623535,0.06646728515625,0.0,0.778151273727417,0.0,0.0,0.0,Carre
34.0,34.0,1.0,0.7853981852531433,0.9420415163040161,1.0,132.0,1089.0,4.0,4.0,4.0,0.9420415163040161,0.6366143226623535,0.06646728515625,0.0,0.778151273727417,0.0,0.0,0.0,Carre
33.0,33.0,1.0,0.7853981852531433,0.9403122067451477,1.0,128.0,1024.0,4.0,4.0,4.0,0.9403122067451477,0.636614203453064,0.0625,0.0,0.778151273727417,0.0,12.0,12.0,Carre
32.0,32.0,1.0,0.7853981852531433,0.9384765625,1.0,124.0,961.0,4.0,4.0,4.0,0.9384765625,0.6366139650344849,0.05865478515625,0.0,0.778151273727417,12.0,12.0,12.0,Carre
44.0,44.0,1.0,0.7853981852531433,0.9550619721412659,1.0,172.0,1849.0,4.0,4.0,4.0,0.9550619721412659,0.6366155743598938,0.11285400390625,0.0,0.778151273727417,12.0,12.0,12.0,Carre
32.0,32.0,1.0,0.7853981852531433,0.9384765625,1.0,124.0,961.0,4.0,4.0,4.0,0.9384765625,0.6366139650344849,0.05865478515625,0.0,0.778151273727417,12.0,12.0,12.0,Carre
44.0,44.0,1.0,0.7853981852531433,0.9550619721412659,1.0,172.0,1849.0,4.0,4.0,4.0,0.9550619721412659,0.6366155743598938,0.11285400390625,0.0,0.778151273727417,12.0,12.0,12.0,Carre
37.0,37.0,1.0,0.7853981852531433,0.9466764330863953,1.0,144.0,1296.0,4.0,4.0,4.0,0.9466764330863953,0.6366147994995117,0.0791015625,0.0,0.778151273727417,0.0,0.0,0.0,Carre
26.0,26.0,1.0,0.7853981852531433,0.9245561957359314,1.0,100.0,625.0,4.0,4.0,4.0,0.9245561957359314,0.6366126537322998,0.03814697265625,0.0,0.778151273727417,0.0,12.0,12.0,Carre
34.0,34.0,1.0,0.7853981852531433,0.9420415163040161,1.0,132.0,1089.0,4.0,4.0,4.0,0.9420415163040161,0.6366143226623535,0.06646728515625,0.0,0.778151273727417,0.0,0.0,0.0,Carre
41.0,41.0,1.0,0.7853981852531433,0.9518144130706787,1.0,160.0,1600.0,4.0,4.0,4.0,0.9518144130706787,0.6366153359413147,0.09765625,0.0,0.778151273727417,0.0,12.0,12.0,Carre
38.0,38.0,1.0,0.7853981852531433,0.948060929775238,1.0,148.0,1369.0,4.0,4.0,4.0,0.948060929775238,0.636614978313446,0.08355712890625,0.0,0.778151273727417,0.0,12.0,12.0,Carre
36.0,36.0,1.0,0.7853981852531433,0.9452160596847534,1.0,140.0,1225.0,4.0,4.0,4.0,0.9452160596847534,0.6366146802902222,0.07476806640625,0.0,0.778151273727417,0.0,12.0,12.0,Carre
39.0,39.0,1.0,0.7853981852531433,0.9493753910064697,1.0,152.0,1444.0,4.0,4.0,4.0,0.9493753910064697,0.6366150379180908,0.088134765625,0.0,0.778151273727417,0.0,12.0,12.0,Carre
30.0,30.0,1.0,0.7853981852531433,0.9344444274902344,1.0,116.0,841.0,4.0,4.0,4.0,0.9344444274902344,0.636613667011261,0.05133056640625,0.0,0.778151273727417,12.0,12.0,12.0,Carre
27.0,27.0,1.0,0.7853981852531433,0.9272976517677307,1.0,104.0,676.0,4.0,4.0,4.0,0.9272976517677307,0.6366128325462341,0.041259765625,0.0,0.778151273727417,0.0,12.0,12.0,Carre
40.0,40.0,1.0,0.7853981852531433,0.9506250023841858,1.0,156.0,1521.0,4.0,4.0,4.0,0.9506250023841858,0.6366152167320251,0.09283447265625,0.0,0.778151273727417,0.0,0.0,0.0,Carre
36.0,36.0,1.0,0.7853981852531433,0.9452160596847534,1.0,140.0,1225.0,4.0,4.0,4.0,0.9452160596847534,0.6366146802902222,0.07476806640625,0.0,0.778151273727417,0.0,12.0,12.0,Carre
43.0,43.0,1.0,0.7853981852531433,0.9540292024612427,1.0,168.0,1764.0,4.0,4.0,4.0,0.9540292024612427,0.636615514755249,0.107666015625,0.0,0.778151273727417,0.0,0.0,0.0,Carre
44.0,44.0,1.0,0.7853981852531433,0.9550619721412659,1.0,172.0,1849.0,4.0,4.0,4.0,0.9550619721412659,0.6366155743598938,0.11285400390625,0.0,0.778151273727417,12.0,12.0,12.0,Carre
38.0,38.0,1.0,0.7853981852531433,0.948060929775238,1.0,148.0,1369.0,4.0,4.0,4.0,0.948060929775238,0.636614978313446,0.08355712890625,0.0,0.778151273727417,0.0,12.0,12.0,Carre
33.0,33.0,1.0,0.7853981852531433,0.9403122067451477,1.0,128.0,1024.0,4.0,4.0,4.0,0.9403122067451477,0.636614203453064,0.0625,0.0,0.778151273727417,0.0,12.0,12.0,Carre
25.0,25.0,1.0,0.7853981852531433,0.9215999841690063,1.0,96.0,576.0,4.0,4.0,4.0,0.9215999841690063,0.6366124153137207,0.03515625,0.0,0.778151273727417,0.0,0.0,0.0,Carre
33.0,33.0,1.0,0.7853981852531433,0.9403122067451477,1.0,128.0,1024.0,4.0,4.0,4.0,0.9403122067451477,0.636614203453064,0.0625,0.0,0.778151273727417,0.0,12.0,12.0,Carre
31.0,31.0,1.0,0.7853981852531433,0.9365244507789612,1.0,120.0,900.0,4.0,4.0,4.0,0.9365244507789612,0.6366138458251953,0.054931640625,0.0,0.778151273727417,0.0,0.0,0.0,Carre
32.0,32.0,1.0,0.7853981852531433,0.9384765625,1.0,124.0,961.0,4.0,4.0,4.0,0.9384765625,0.6366139650344849,0.05865478515625,0.0,0.778151273727417,12.0,12.0,12.0,Carre
40.0,40.0,1.0,0.7853981852531433,0.9506250023841858,1.0,156.0,1521.0,4.0,4.0,4.0,0.9506250023841858,0.6366152167320251,0.09283447265625,0.0,0.778151273727417,0.0,0.0,0.0,Carre
33.0,33.0,1.0,0.7853981852531433,0.9403122067451477,1.0,128.0,1024.0,4.0,4.0,4.0,0.9403122067451477,0.636614203453064,0.0625,0.0,0.778151273727417,0.0,12.0,12.0,Carre
40.0,40.0,1.0,0.7853981852531433,0.9506250023841858,1.0,156.0,1521.0,4.0,4.0,4.0,0.9506250023841858,0.6366152167320251,0.09283447265625,0.0,0.778151273727417,0.0,0.0,0.0,Carre
45.0,45.0,1.0,0.7853981852531433,0.956049382686615,1.0,176.0,1936.0,4.0,4.0,4.0,0.956049382686615,0.6366157531738281,0.1181640625,0.0,0.778151273727417,0.0,12.0,12.0,Carre
43.0,43.0,1.0,0.7853981852531433,0.9540292024612427,1.0,168.0,1764.0,4.0,4.0,4.0,0.9540292024612427,0.636615514755249,0.107666015625,0.0,0.778151273727417,0.0,0.0,0.0,Carre
42.0,42.0,1.0,0.7853981852531433,0.9529478549957275,1.0,164.0,1681.0,4.0,4.0,4.0,0.9529478549957275,0.6366153955459595,0.10260009765625,0.0,0.778151273727417,0.0,12.0,12.0,Carre
37.0,37.0,1.0,0.7853981852531433,0.9466764330863953,1.0,144.0,1296.0,4.0,4.0,4.0,0.9466764330863953,0.6366147994995117,0.0791015625,0.0,0.778151273727417,0.0,0.0,0.0,Carre
34.0,34.0,1.0,0.7853981852531433,0.9420415163040161,1.0,132.0,1089.0,4.0,4.0,4.0,0.9420415163040161,0.6366143226623535,0.06646728515625,0.0,0.778151273727417,0.0,0.0,0.0,Carre
37.0,37.0,1.0,0.7853981852531433,0.9466764330863953,1.0,144.0,1296.0,4.0,4.0,4.0,0.9466764330863953,0.6366147994995117,0.0791015625,0.0,0.778151273727417,0.0,0.0,0.0,Carre
43.0,43.0,1.0,0.7853981852531433,0.9540292024612427,1.0,168.0,1764.0,4.0,4.0,4.0,0.9540292024612427,0.636615514755249,0.107666015625,0.0,0.778151273727417,0.0,0.0,0.0,Carre
32.0,32.0,1.0,0.7853981852531433,0.9384765625,1.0,124.0,961.0,4.0,4.0,4.0,0.9384765625,0.6366139650344849,0.05865478515625,0.0,0.778151273727417,12.0,12.0,12.0,Carre
28.0,28.0,1.0,0.7853981852531433,0.9298469424247742,1.0,108.0,729.0,4.0,4.0,4.0,0.9298469424247742,0.6366131901741028,0.04449462890625,0.0,0.778151273727417,12.0,12.0,12.0,Carre
24.0,62.0,0.3870967626571655,0.6246675848960876,0.9428763389587402,1.0,168.0,1403.0,4.0,4.0,4.0,0.9428763389587402,0.42031627893447876,0.08563232421875,0.0,0.59784996509552,1.4443520307540894,12.0,12.0,Rectangle
52.0,22.0,0.42307692766189575,0.6490443348884583,0.936188817024231,1.0,144.0,1071.0,4.0,4.0,4.0,0.936188817024231,0.44826751947402954,0.06536865234375,0.0,0.6258115172386169,1.5490338802337646,0.0,0.0,Rectangle
17.0,48.0,0.3541666567325592,0.5952324867248535,0.9215686321258545,1.0,126.0,752.0,4.0,4.0,4.0,0.9215686321258545,0.388425350189209,0.0458984375,0.0,0.563582181930542,1.329393744468689,12.0,12.0,Rectangle
46.0,18.0,0.3913043439388275,0.6252129077911377,0.9239130616188049,1.0,124.0,765.0,4.0,4.0,4.0,0.9239130616188049,0.4209249019622803,0.04669189453125,0.0,0.5984793305397034,1.4465858936309814,12.0,12.0,Rectangle
49.0,15.0,0.30612245202064514,0.5492066144943237,0.9142857193946838,1.0,124.0,672.0,4.0,4.0,4.0,0.9142857193946838,0.34224408864974976,0.041015625,0.0,0.5086104869842529,1.1653598546981812,0.0,0.0,Rectangle
47.0,24.0,0.5106382966041565,0.6981316804885864,0.9379432797431946,1.0,138.0,1058.0,4.0,4.0,4.0,0.9379432797431946,0.50929194688797,0.0645751953125,0.0,0.6812412142753601,1.8061800003051758,12.0,12.0,Rectangle
18.0,52.0,0.3461538553237915,0.5890486240386963,0.9262820482254028,1.0,136.0,867.0,4.0,4.0,4.0,0.9262820482254028,0.38196903467178345,0.05291748046875,0.0,0.5563024878501892,1.3064249753952026,0.0,0.0,Rectangle
56.0,18.0,0.3214285671710968,0.5666260123252869,0.9275793433189392,1.0,144.0,935.0,4.0,4.0,4.0,0.9275793433189392,0.35922473669052124,0.05706787109375,0.0,0.5296403765678406,1.2257535457611084,12.0,12.0,Rectangle
56.0,15.0,0.2678571343421936,0.5080920457839966,0.9166666865348816,1.0,138.0,770.0,4.0,4.0,4.0,0.9166666865348816,0.30437368154525757,0.0469970703125,0.0,0.45768123865127563,1.0280780792236328,12.0,12.0,Rectangle
61.0,19.0,0.31147539615631104,0.5576791763305664,0.931837797164917,1.0,156.0,1080.0,4.0,4.0,4.0,0.931837797164917,0.3504306972026825,0.06591796875,0.0,0.5188760161399841,1.1945222616195679,0.0,0.0,Rectangle
15.0,56.0,0.2678571343421936,0.5080920457839966,0.9166666865348816,1.0,138.0,770.0,4.0,4.0,4.0,0.9166666865348816,0.30437368154525757,0.0469970703125,0.0,0.45768123865127563,1.0280780792236328,12.0,12.0,Rectangle
19.0,48.0,0.3958333432674408,0.6290621161460876,0.9276315569877625,1.0,130.0,846.0,4.0,4.0,4.0,0.9276315569877625,0.42524757981300354,0.0516357421875,0.0,0.602916419506073,1.4624805450439453,0.0,0.0,Rectangle
25.0,50.0,0.5,0.6932844519615173,0.9408000111579895,1.0,146.0,1176.0,4.0,4.0,4.0,0.9408000111579895,0.5029623508453369,0.07177734375,0.0,0.6758097410202026,1.776651382446289,0.0,0.0,Rectangle
25.0,45.0,0.5555555820465088,0.7174571752548218,0.9386666417121887,1.0,136.0,1056.0,4.0,4.0,4.0,0.9386666417121887,0.5352429151535034,0.064453125,0.0,0.7028255462646484,1.938612461090088,0.0,0.0,Rectangle
24.0,50.0,0.47999998927116394,0.6829812526702881,0.9391666650772095,1.0,144.0,1127.0,4.0,4.0,4.0,0.9391666650772095,0.4897373616695404,0.06878662109375,0.0,0.6642375588417053,1.7175986766815186,12.0,12.0,Rectangle
22.0,61.0,0.3606557250022888,0.6033236980438232,0.9388971924781799,1.0,162.0,1260.0,4.0,4.0,4.0,0.9388971924781799,0.39699873328208923,0.076904296875,0.0,0.5730629563331604,1.3600043058395386,0.0,0.0,Rectangle
51.0,22.0,0.4313725531101227,0.6543686389923096,0.9358288645744324,1.0,142.0,1050.0,4.0,4.0,4.0,0.9358288645744324,0.454570472240448,0.0640869140625,0.0,0.6318755149841309,1.5734283924102783,0.0,0.0,Rectangle
56.0,24.0,0.4285714328289032,0.653207540512085,0.941220223903656,1.0,156.0,1265.0,4.0,4.0,4.0,0.941220223903656,0.45319002866744995,0.07720947265625,0.0,0.6305543184280396,1.568054437637329,12.0,12.0,Rectangle
24.0,43.0,0.5581395626068115,0.7182907462120056,0.9360465407371521,1.0,130.0,966.0,4.0,4.0,4.0,0.9360465407371521,0.536388635635376,0.0589599609375,0.0,0.7037543058395386,1.944982886314392,12.0,12.0,Rectangle
24.0,56.0,0.4285714328289032,0.653207540512085,0.941220223903656,1.0,156.0,1265.0,4.0,4.0,4.0,0.941220223903656,0.45319002866744995,0.07720947265625,0.0,0.6305543184280396,1.568054437637329,12.0,12.0,Rectangle
55.0,22.0,0.4000000059604645,0.6333450675010681,0.937190055847168,1.0,150.0,1134.0,4.0,4.0,4.0,0.937190055847168,0.43009939789772034,0.0692138671875,0.0,0.6078429818153381,1.480438232421875,0.0,0.0,Rectangle
17.0,60.0,0.28333333134651184,0.5272290706634521,0.9254902005195618,1.0,150.0,944.0,4.0,4.0,4.0,0.9254902005195618,0.32162973284721375,0.0576171875,0.0,0.4816301465034485,1.0912470817565918,12.0,12.0,Rectangle
56.0,24.0,0.4285714328289032,0.653207540512085,0.941220223903656,1.0,156.0,1265.0,4.0,4.0,4.0,0.941220223903656,0.45319002866744995,0.07720947265625,0.0,0.6305543184280396,1.568054437637329,12.0,12.0,Rectangle
17.0,58.0,0.2931034564971924,0.5376491546630859,0.9249492883682251,1.0,146.0,912.0,4.0,4.0,4.0,0.9249492883682251,0.33129432797431946,0.0556640625,0.0,0.49448806047439575,1.126138687133789,0.0,0.0,Rectangle
23.0,57.0,0.4035087823867798,0.6361673474311829,0.9397406578063965,1.0,156.0,1232.0,4.0,4.0,4.0,0.9397406578063965,0.43332067131996155,0.0751953125,0.0,0.6110833883285522,1.4924368858337402,12.0,12.0,Rectangle
20.0,53.0,0.37735849618911743,0.6157297492027283,0.9320755004882812,1.0,142.0,988.0,4.0,4.0,4.0,0.9320755004882812,0.41042467951774597,0.060302734375,0.0,0.5875077247619629,1.4083317518234253,12.0,12.0,Rectangle
51.0,17.0,0.3333333432674408,0.5769683718681335,0.9227220416069031,1.0,132.0,800.0,4.0,4.0,4.0,0.9227220416069031,0.369587779045105,0.048828125,0.0,0.5419920086860657,1.2624967098236084,12.0,12.0,Rectangle
21.0,50.0,0.41999998688697815,0.6466626524925232,0.9333333373069763,1.0,138.0,980.0,4.0,4.0,4.0,0.9333333373069763,0.4454714357852936,0.059814453125,0.0,0.6230942010879517,1.5383204221725464,12.0,12.0,Rectangle
16.0,54.0,0.29629629850387573,0.5401310920715332,0.9201388955116272,1.0,136.0,795.0,4.0,4.0,4.0,0.9201388955116272,0.3336249887943268,0.04852294921875,0.0,0.49753278493881226,1.1345117092132568,0.0,0.0,Rectangle
47.0,24.0,0.5106382966041565,0.6981316804885864,0.9379432797431946,1.0,138.0,1058.0,4.0,4.0,4.0,0.9379432797431946,0.50929194688797,0.0645751953125,0.0,0.6812412142753601,1.8061800003051758,12.0,12.0,Rectangle
46.0,17.0,0.3695652186870575,0.607886791229248,0.9207161068916321,1.0,122.0,720.0,4.0,4.0,4.0,0.9207161068916321,0.40189602971076965,0.0439453125,0.0,0.5783884525299072,1.3775718212127686,0.0,0.0,Rectangle
49.0,25.0,0.5102040767669678,0.6981316804885864,0.9404081702232361,1.0,144.0,1152.0,4.0,4.0,4.0,0.9404081702232361,0.5092920660972595,0.0703125,0.0,0.6812412142753601,1.8061800003051758,0.0,0.0,Rectangle
52.0,18.0,0.3461538553237915,0.5890486240386963,0.9262820482254028,1.0,136.0,867.0,4.0,4.0,4.0,0.9262820482254028,0.38196903467178345,0.05291748046875,0.0,0.5563024878501892,1.3064249753952026,0.0,0.0,Rectangle
58.0,24.0,0.4137931168079376,0.6435356140136719,0.9418103694915771,1.0,160.0,1311.0,4.0,4.0,4.0,0.9418103694915771,0.44182270765304565,0.08001708984375,0.0,0.619521975517273,1.5244300365447998,0.0,0.0,Rectangle
53.0,25.0,0.4716981053352356,0.6787928938865662,0.9418867826461792,1.0,152.0,1248.0,4.0,4.0,4.0,0.9418867826461792,0.48444873094558716,0.076171875,0.0,0.6595219969749451,1.6948484182357788,0.0,0.0,Rectangle
48.0,19.0,0.3958333432674408,0.6290621161460876,0.9276315569877625,1.0,130.0,846.0,4.0,4.0,4.0,0.9276315569877625,0.42524757981300354,0.0516357421875,0.0,0.602916419506073,1.4624805450439453,0.0,0.0,Rectangle
46.0,22.0,0.47826087474823,0.6815438866615295,0.9337944388389587,1.0,132.0,945.0,4.0,4.0,4.0,0.9337944388389587,0.48791635036468506,0.05767822265625,0.0,0.6626200079917908,1.709715723991394,12.0,12.0,Rectangle
47.0,24.0,0.5106382966041565,0.6981316804885864,0.9379432797431946,1.0,138.0,1058.0,4.0,4.0,4.0,0.9379432797431946,0.50929194688797,0.0645751953125,0.0,0.6812412142753601,1.8061800003051758,12.0,12.0,Rectangle
50.0,20.0,0.4000000059604645,0.6325308680534363,0.9309999942779541,1.0,136.0,931.0,4.0,4.0,4.0,0.9309999942779541,0.42917343974113464,0.05682373046875,0.0,0.6069072484970093,1.4770015478134155,12.0,12.0,Rectangle
20.0,51.0,0.3921568691730499,0.6268668174743652,0.9313725233078003,1.0,138.0,950.0,4.0,4.0,4.0,0.9313725233078003,0.42277827858924866,0.0579833984375,0.0,0.6003869771957397,1.4533880949020386,12.0,12.0,Rectangle
43.0,17.0,0.39534884691238403,0.6275714039802551,0.9192886352539062,1.0,116.0,672.0,4.0,4.0,4.0,0.9192886352539062,0.42356905341148376,0.041015625,0.0,0.6011991500854492,1.4562983512878418,0.0,0.0,Rectangle
46.0,19.0,0.41304346919059753,0.6411413550376892,0.9267734289169312,1.0,126.0,810.0,4.0,4.0,4.0,0.9267734289169312,0.4390445053577423,0.0494384765625,0.0,0.6167832612991333,1.5139238834381104,0.0,0.0,Rectangle
44.0,23.0,0.5227272510528564,0.7034193277359009,0.9347826242446899,1.0,130.0,946.0,4.0,4.0,4.0,0.9347826242446899,0.5162771940231323,0.0577392578125,0.0,0.6871576309204102,1.8398795127868652,12.0,12.0,Rectangle
24.0,60.0,0.4000000059604645,0.63401859998703,0.9423611164093018,1.0,164.0,1357.0,4.0,4.0,4.0,0.9423611164093018,0.43086662888526917,0.08282470703125,0.0,0.6086167097091675,1.4832894802093506,12.0,12.0,Rectangle
63.0,21.0,0.3333333432674408,0.5793538093566895,0.9372637867927551,1.0,164.0,1240.0,4.0,4.0,4.0,0.9372637867927551,0.3720093071460724,0.07568359375,0.0,0.5448275804519653,1.2710795402526855,12.0,12.0,Rectangle
50.0,18.0,0.36000001430511475,0.6007682681083679,0.9255555272102356,1.0,132.0,833.0,4.0,4.0,4.0,0.9255555272102356,0.3942752182483673,0.05084228515625,0.0,0.5700739622116089,1.3502646684646606,12.0,12.0,Rectangle
25.0,61.0,0.4098360538482666,0.6411413550376892,0.9442622661590576,1.0,168.0,1440.0,4.0,4.0,4.0,0.9442622661590576,0.43904539942741394,0.087890625,0.0,0.6167832612991333,1.5139238834381104,0.0,0.0,Rectangle
23.0,49.0,0.4693877696990967,0.6770452857017517,0.9370008707046509,1.0,140.0,1056.0,4.0,4.0,4.0,0.9370008707046509,0.4822564423084259,0.064453125,0.0,0.6575524210929871,1.6855475902557373,0.0,0.0,Rectangle
19.0,54.0,0.35185185074806213,0.5945406556129456,0.9298245906829834,1.0,142.0,954.0,4.0,4.0,4.0,0.9298245906829834,0.38769927620887756,0.0582275390625,0.0,0.5627692341804504,1.3268064260482788,0.0,0.0,Rectangle
19.0,58.0,0.32758620381355286,0.5730264782905579,0.931034505367279,1.0,150.0,1026.0,4.0,4.0,4.0,0.931034505367279,0.3656129539012909,0.0626220703125,0.0,0.5372955799102783,1.2484054565429688,0.0,0.0,Rectangle
22.0,45.0,0.4888888895511627,0.6870607137680054,0.9333333373069763,1.0,130.0,924.0,4.0,4.0,4.0,0.9333333373069763,0.49493640661239624,0.056396484375,0.0,0.6688240170478821,1.7404240369796753,0.0,0.0,Rectangle
19.0,61.0,0.31147539615631104,0.5576791763305664,0.931837797164917,1.0,156.0,1080.0,4.0,4.0,4.0,0.931837797164917,0.3504306972026825,0.06591796875,0.0,0.5188760161399841,1.1945222616195679,0.0,0.0,Rectangle
15.0,45.0,0.3333333432674408,0.5752738118171692,0.9125925898551941,1.0,116.0,616.0,4.0,4.0,4.0,0.9125925898551941,0.36787471175193787,0.03759765625,0.0,0.5399747490882874,1.256425380706787,12.0,12.0,Rectangle
20.0,53.0,0.37735849618911743,0.6157297492027283,0.9320755004882812,1.0,142.0,988.0,4.0,4.0,4.0,0.9320755004882812,0.41042467951774597,0.060302734375,0.0,0.5875077247619629,1.4083317518234253,12.0,12.0,Rectangle
24.0,57.0,0.42105263471603394,0.6483530402183533,0.9415204524993896,1.0,158.0,1288.0,4.0,4.0,4.0,0.9415204524993896,0.4474548101425171,0.07861328125,0.0,0.6250231266021729,1.5459121465682983,12.0,12.0,Rectangle
20.0,61.0,0.32786884903907776,0.5738528370857239,0.9344262480735779,1.0,158.0,1140.0,4.0,4.0,4.0,0.9344262480735779,0.36644378304481506,0.069580078125,0.0,0.538281261920929,1.2513502836227417,0.0,0.0,Rectangle
18.0,52.0,0.3461538553237915,0.5890486240386963,0.9262820482254028,1.0,136.0,867.0,4.0,4.0,4.0,0.9262820482254028,0.38196903467178345,0.05291748046875,0.0,0.5563024878501892,1.3064249753952026,0.0,0.0,Rectangle
55.0,22.0,0.4000000059604645,0.6333450675010681,0.937190055847168,1.0,150.0,1134.0,4.0,4.0,4.0,0.937190055847168,0.43009939789772034,0.0692138671875,0.0,0.6078429818153381,1.480438232421875,0.0,0.0,Rectangle
51.0,22.0,0.4313725531101227,0.6543686389923096,0.9358288645744324,1.0,142.0,1050.0,4.0,4.0,4.0,0.9358288645744324,0.454570472240448,0.0640869140625,0.0,0.6318755149841309,1.5734283924102783,0.0,0.0,Rectangle
15.0,63.0,0.2380952388048172,0.4721091389656067,0.9185185432434082,1.0,152.0,868.0,4.0,4.0,4.0,0.9185185432434082,0.2735556960105896,0.052978515625,0.0,0.4113196134567261,0.9112922549247742,12.0,12.0,Rectangle
48.0,17.0,0.3541666567325592,0.5952324867248535,0.9215686321258545,1.0,126.0,752.0,4.0,4.0,4.0,0.9215686321258545,0.388425350189209,0.0458984375,0.0,0.563582181930542,1.329393744468689,12.0,12.0,Rectangle
52.0,19.0,0.36538460850715637,0.6057513356208801,0.9291498064994812,1.0,138.0,918.0,4.0,4.0,4.0,0.9291498064994812,0.3995983600616455,0.0560302734375,0.0,0.5758980512619019,1.3693218231201172,12.0,12.0,Rectangle
59.0,18.0,0.3050847351551056,0.5506862998008728,0.9284369349479675,1.0,150.0,986.0,4.0,4.0,4.0,0.9284369349479675,0.34366437792778015,0.0601806640625,0.0,0.5104084610939026,1.1704261302947998,12.0,12.0,Rectangle
63.0,25.0,0.3968254029750824,0.632056474685669,0.9447619318962097,1.0,172.0,1488.0,4.0,4.0,4.0,0.9447619318962097,0.4286355972290039,0.0908203125,0.0,0.6063619256019592,1.4750043153762817,12.0,12.0,Rectangle
56.0,21.0,0.375,0.6143559217453003,0.9353741407394409,1.0,150.0,1100.0,4.0,4.0,4.0,0.9353741407394409,0.40892088413238525,0.067138671875,0.0,0.585913360118866,1.4028892517089844,12.0,12.0,Rectangle
48.0,21.0,0.4375,0.6578518748283386,0.932539701461792,1.0,134.0,940.0,4.0,4.0,4.0,0.932539701461792,0.45873352885246277,0.057373046875,0.0,0.6358349919319153,1.5897411108016968,12.0,12.0,Rectangle
57.0,24.0,0.42105263471603394,0.6483530402183533,0.9415204524993896,1.0,158.0,1288.0,4.0,4.0,4.0,0.9415204524993896,0.4474548101425171,0.07861328125,0.0,0.6250231266021729,1.5459121465682983,12.0,12.0,Rectangle
16.0,56.0,0.2857142984867096,0.5289416313171387,0.9207589030265808,1.0,140.0,825.0,4.0,4.0,4.0,0.9207589030265808,0.32320472598075867,0.05035400390625,0.0,0.4837518334388733,1.096954345703125,0.0,0.0,Rectangle
15.0,60.0,0.25,0.4869498014450073,0.9177777767181396,1.0,146.0,826.0,4.0,4.0,4.0,0.9177777767181396,0.2860182225704193,0.0504150390625,0.0,0.4306676685810089,0.9592518210411072,12.0,12.0,Rectangle
25.0,46.0,0.54347825050354,0.7126486301422119,0.939130425453186,1.0,138.0,1080.0,4.0,4.0,4.0,0.939130425453186,0.5286766886711121,0.06591796875,0.0,0.697464644908905,1.9030731916427612,0.0,0.0,Rectangle
18.0,56.0,0.3214285671710968,0.5666260123252869,0.9275793433189392,1.0,144.0,935.0,4.0,4.0,4.0,0.9275793433189392,0.35922473669052124,0.05706787109375,0.0,0.5296403765678406,1.2257535457611084,12.0,12.0,Rectangle
47.0,18.0,0.38297873735427856,0.6189784407615662,0.9243499040603638,1.0,126.0,782.0,4.0,4.0,4.0,0.9243499040603638,0.4139980375766754,0.0477294921875,0.0,0.5912728905677795,1.421298861503601,12.0,12.0,Rectangle
59.0,24.0,0.4067796468734741,0.6387569904327393,0.9420903921127319,1.0,162.0,1334.0,4.0,4.0,4.0,0.9420903921127319,0.4362935423851013,0.0814208984375,0.0,0.6140526533126831,1.5035680532455444,12.0,12.0,Rectangle
19.0,52.0,0.36538460850715637,0.6057513356208801,0.9291498064994812,1.0,138.0,918.0,4.0,4.0,4.0,0.9291498064994812,0.3995983600616455,0.0560302734375,0.0,0.5758980512619019,1.3693218231201172,12.0,12.0,Rectangle
50.0,16.0,0.3199999928474426,0.5637379288673401,0.918749988079071,1.0,128.0,735.0,4.0,4.0,4.0,0.918749988079071,0.3563685715198517,0.04486083984375,0.0,0.5261738896369934,1.215619444847107,12.0,12.0,Rectangle
20.0,43.0,0.4651162922382355,0.6737411618232727,0.9279069900512695,1.0,122.0,798.0,4.0,4.0,4.0,0.9279069900512695,0.47813481092453003,0.0487060546875,0.0,0.6538252234458923,1.668252944946289,0.0,0.0,Rectangle
44.0,16.0,0.3636363744735718,0.602356493473053,0.9161931872367859,1.0,116.0,645.0,4.0,4.0,4.0,0.9161931872367859,0.39596542716026306,0.03936767578125,0.0,0.5719321966171265,1.3563098907470703,0.0,0.0,Rectangle
46.0,17.0,0.3695652186870575,0.607886791229248,0.9207161068916321,1.0,122.0,720.0,4.0,4.0,4.0,0.9207161068916321,0.40189602971076965,0.0439453125,0.0,0.5783884525299072,1.3775718212127686,0.0,0.0,Rectangle
22.0,53.0,0.4150943458080292,0.6437641382217407,0.9365351796150208,1.0,146.0,1092.0,4.0,4.0,4.0,0.9365351796150208,0.4420883059501648,0.066650390625,0.0,0.6197832226753235,1.525438666343689,0.0,0.0,Rectangle
50.0,25.0,0.5,0.6932844519615173,0.9408000111579895,1.0,146.0,1176.0,4.0,4.0,4.0,0.9408000111579895,0.5029623508453369,0.07177734375,0.0,0.6758097410202026,1.776651382446289,0.0,0.0,Rectangle
43.0,16.0,0.3720930218696594,0.6091731190681458,0.9156976938247681,1.0,114.0,630.0,4.0,4.0,4.0,0.9156976938247681,0.4032849669456482,0.0384521484375,0.0,0.5798870325088501,1.3825663328170776,0.0,0.0,Rectangle
15.0,49.0,0.30612245202064514,0.5492066144943237,0.9142857193946838,1.0,124.0,672.0,4.0,4.0,4.0,0.9142857193946838,0.34224408864974976,0.041015625,0.0,0.5086104869842529,1.1653598546981812,0.0,0.0,Rectangle
25.0,55.0,0.4545454680919647,0.6692150235176086,0.942545473575592,1.0,156.0,1296.0,4.0,4.0,4.0,0.942545473575592,0.47253933548927307,0.0791015625,0.0,0.6487120389938354,1.6451407670974731,0.0,0.0,Rectangle
63.0,17.0,0.2698412835597992,0.512238621711731,0.926237165927887,1.0,156.0,992.0,4.0,4.0,4.0,0.926237165927887,0.308059960603714,0.060546875,0.0,0.462909072637558,1.041680932044983,12.0,12.0,Rectangle
51.0,21.0,0.4117647111415863,0.6411413550376892,0.9337068200111389,1.0,140.0,1000.0,4.0,4.0,4.0,0.9337068200111389,0.43904492259025574,0.06103515625,0.0,0.6167832612991333,1.5139238834381104,12.0,12.0,Rectangle
58.0,19.0,0.32758620381355286,0.5730264782905579,0.931034505367279,1.0,150.0,1026.0,4.0,4.0,4.0,0.931034505367279,0.3656129539012909,0.0626220703125,0.0,0.5372955799102783,1.2484054565429688,0.0,0.0,Rectangle
17.0,50.0,0.3400000035762787,0.5829606056213379,0.9223529696464539,1.0,130.0,784.0,4.0,4.0,4.0,0.9223529696464539,0.37569141387939453,0.0478515625,0.0,0.5491057634353638,1.2841399908065796,12.0,12.0,Rectangle
56.0,17.0,0.3035714328289032,0.5484232306480408,0.924369752407074,1.0,142.0,880.0,4.0,4.0,4.0,0.924369752407074,0.3414943814277649,0.0537109375,0.0,0.5076577067375183,1.1626819372177124,12.0,12.0,Rectangle
47.0,21.0,0.44680851697921753,0.6635136008262634,0.9321175217628479,1.0,132.0,920.0,4.0,4.0,4.0,0.9321175217628479,0.46556881070137024,0.05615234375,0.0,0.6422584652900696,1.61690354347229,12.0,12.0,Rectangle
21.0,63.0,0.3333333432674408,0.5793538093566895,0.9372637867927551,1.0,164.0,1240.0,4.0,4.0,4.0,0.9372637867927551,0.3720093071460724,0.07568359375,0.0,0.5448275804519653,1.2710795402526855,12.0,12.0,Rectangle
19.0,46.0,0.41304346919059753,0.6411413550376892,0.9267734289169312,1.0,126.0,810.0,4.0,4.0,4.0,0.9267734289169312,0.4390445053577423,0.0494384765625,0.0,0.6167832612991333,1.5139238834381104,0.0,0.0,Rectangle
22.0,46.0,0.47826087474823,0.6815438866615295,0.9337944388389587,1.0,132.0,945.0,4.0,4.0,4.0,0.9337944388389587,0.48791635036468506,0.05767822265625,0.0,0.6626200079917908,1.709715723991394,12.0,12.0,Rectangle
18.0,61.0,0.2950819730758667,0.5404662489891052,0.9289617538452148,1.0,154.0,1020.0,4.0,4.0,4.0,0.9289617538452148,0.33394089341163635,0.062255859375,0.0,0.4979434609413147,1.1356444358825684,0.0,0.0,Rectangle
25.0,61.0,0.4098360538482666,0.6411413550376892,0.9442622661590576,1.0,168.0,1440.0,4.0,4.0,4.0,0.9442622661590576,0.43904539942741394,0.087890625,0.0,0.6167832612991333,1.5139238834381104,0.0,0.0,Rectangle
43.0,20.0,0.4651162922382355,0.6737411618232727,0.9279069900512695,1.0,122.0,798.0,4.0,4.0,4.0,0.9279069900512695,0.47813481092453003,0.0487060546875,0.0,0.6538252234458923,1.668252944946289,0.0,0.0,Rectangle
47.0,19.0,0.40425533056259155,0.6350680589675903,0.9272116422653198,1.0,128.0,828.0,4.0,4.0,4.0,0.9272116422653198,0.43206310272216797,0.050537109375,0.0,0.6098217368125916,1.4877471923828125,0.0,0.0,Rectangle
53.0,20.0,0.37735849618911743,0.6157297492027283,0.9320755004882812,1.0,142.0,988.0,4.0,4.0,4.0,0.9320755004882812,0.41042467951774597,0.060302734375,0.0,0.5875077247619629,1.4083317518234253,12.0,12.0,Rectangle
20.0,46.0,0.43478259444236755,0.6557767987251282,0.929347813129425,1.0,128.0,855.0,4.0,4.0,4.0,0.929347813129425,0.4562493562698364,0.05218505859375,0.0,0.6334769129753113,1.5799881219863892,0.0,0.0,Rectangle
23.0,57.0,0.4035087823867798,0.6361673474311829,0.9397406578063965,1.0,156.0,1232.0,4.0,4.0,4.0,0.9397406578063965,0.43332067131996155,0.0751953125,0.0,0.6110833883285522,1.4924368858337402,12.0,12.0,Rectangle
17.0,46.0,0.3695652186870575,0.607886791229248,0.9207161068916321,1.0,122.0,720.0,4.0,4.0,4.0,0.9207161068916321,0.40189602971076965,0.0439453125,0.0,0.5783884525299072,1.3775718212127686,0.0,0.0,Rectangle
21.0,57.0,0.3684210479259491,0.6091731190681458,0.9356725215911865,1.0,152.0,1120.0,4.0,4.0,4.0,0.9356725215911865,0.4032858610153198,0.068359375,0.0,0.5798870325088501,1.3825663328170776,12.0,12.0,Rectangle
25.0,63.0,0.3968254029750824,0.632056474685669,0.9447619318962097,1.0,172.0,1488.0,4.0,4.0,4.0,0.9447619318962097,0.4286355972290039,0.0908203125,0.0,0.6063619256019592,1.4750043153762817,12.0,12.0,Rectangle
50.0,22.0,0.4399999976158142,0.6597344279289246,0.9354545474052429,1.0,140.0,1029.0,4.0,4.0,4.0,0.9354545474052429,0.460997074842453,0.06280517578125,0.0,0.6379725337028503,1.598681092262268,0.0,0.0,Rectangle
25.0,47.0,0.5319148898124695,0.7078200578689575,0.9395744800567627,1.0,140.0,1104.0,4.0,4.0,4.0,0.9395744800567627,0.5221566557884216,0.0673828125,0.0,0.692075252532959,1.869259238243103,0.0,0.0,Rectangle
48.0,22.0,0.4583333432674408,0.6705778241157532,0.9346590638160706,1.0,136.0,987.0,4.0,4.0,4.0,0.9346590638160706,0.4742180407047272,0.06024169921875,0.0,0.6502525210380554,1.6520322561264038,12.0,12.0,Rectangle
55.0,18.0,0.3272727131843567,0.5721051692962646,0.9272727370262146,1.0,142.0,918.0,4.0,4.0,4.0,0.9272727370262146,0.3646881878376007,0.0560302734375,0.0,0.5361958742141724,1.2451276779174805,12.0,12.0,Rectangle
55.0,16.0,0.290909081697464,0.5344864726066589,0.9204545617103577,1.0,138.0,810.0,4.0,4.0,4.0,0.9204545617103577,0.3283402621746063,0.0494384765625,0.0,0.49059832096099854,1.1155050992965698,0.0,0.0,Rectangle
24.0,52.0,0.4615384638309479,0.6729525327682495,0.9399038553237915,1.0,148.0,1173.0,4.0,4.0,4.0,0.9399038553237915,0.4771563410758972,0.07159423828125,0.0,0.6529349088668823,1.6641789674758911,0.0,0.0,Rectangle
43.0,19.0,0.44186046719551086,0.6597344279289246,0.9253365993499756,1.0,120.0,756.0,4.0,4.0,4.0,0.9253365993499756,0.46099653840065,0.046142578125,0.0,0.6379725337028503,1.598681092262268,0.0,0.0,Rectangle
48.0,25.0,0.5208333134651184,0.7029788494110107,0.9399999976158142,1.0,142.0,1128.0,4.0,4.0,4.0,0.9399999976158142,0.5156924724578857,0.06884765625,0.0,0.6866651177406311,1.8370083570480347,0.0,0.0,Rectangle
22.0,59.0,0.37288135290145874,0.613116443157196,0.938366711139679,1.0,158.0,1218.0,4.0,4.0,4.0,0.938366711139679,0.4075678884983063,0.0743408203125,0.0,0.5844738483428955,1.3979994058609009,0.0,0.0,Rectangle
24.0,49.0,0.4897959232330322,0.6880218982696533,0.9387755393981934,1.0,142.0,1104.0,4.0,4.0,4.0,0.9387755393981934,0.49616873264312744,0.0673828125,0.0,0.6699037551879883,1.7459039688110352,0.0,0.0,Rectangle
61.0,16.0,0.26229506731033325,0.5026548504829407,0.9221311211585999,1.0,150.0,900.0,4.0,4.0,4.0,0.9221311211585999,0.2995838522911072,0.054931640625,0.0,0.4507923126220703,1.0102999210357666,0.0,0.0,Rectangle
25.0,55.0,0.4545454680919647,0.6692150235176086,0.942545473575592,1.0,156.0,1296.0,4.0,4.0,4.0,0.942545473575592,0.47253933548927307,0.0791015625,0.0,0.6487120389938354,1.6451407670974731,0.0,0.0,Rectangle
53.0,20.0,0.37735849618911743,0.6157297492027283,0.9320755004882812,1.0,142.0,988.0,4.0,4.0,4.0,0.9320755004882812,0.41042467951774597,0.060302734375,0.0,0.5875077247619629,1.4083317518234253,12.0,12.0,Rectangle
15.0,49.0,0.30612245202064514,0.5492066144943237,0.9142857193946838,1.0,124.0,672.0,4.0,4.0,4.0,0.9142857193946838,0.34224408864974976,0.041015625,0.0,0.5086104869842529,1.1653598546981812,0.0,0.0,Rectangle
19.0,48.0,0.3958333432674408,0.6290621161460876,0.9276315569877625,1.0,130.0,846.0,4.0,4.0,4.0,0.9276315569877625,0.42524757981300354,0.0516357421875,0.0,0.602916419506073,1.4624805450439453,0.0,0.0,Rectangle
60.0,22.0,0.36666667461395264,0.6081926822662354,0.9386363625526428,1.0,160.0,1239.0,4.0,4.0,4.0,0.9386363625526428,0.40222686529159546,0.07562255859375,0.0,0.5787449479103088,1.3787579536437988,0.0,0.0,Rectangle
43.0,21.0,0.4883720874786377,0.686508297920227,0.930232584476471,1.0,124.0,840.0,4.0,4.0,4.0,0.930232584476471,0.4942292273044586,0.05126953125,0.0,0.6682032942771912,1.7372922897338867,12.0,12.0,Rectangle
44.0,21.0,0.47727271914482117,0.6807180047035217,0.9307359457015991,1.0,126.0,860.0,4.0,4.0,4.0,0.9307359457015991,0.4868727922439575,0.052490234375,0.0,0.6616902351379395,1.7052226066589355,12.0,12.0,Rectangle
22.0,54.0,0.40740740299224854,0.638530433177948,0.9368686676025391,1.0,148.0,1113.0,4.0,4.0,4.0,0.9368686676025391,0.43603256344795227,0.06793212890625,0.0,0.6137930750846863,1.502589464187622,0.0,0.0,Rectangle
19.0,49.0,0.3877550959587097,0.6231257915496826,0.9280343651771545,1.0,132.0,864.0,4.0,4.0,4.0,0.9280343651771545,0.4185960590839386,0.052734375,0.0,0.5960696339607239,1.4380595684051514,0.0,0.0,Rectangle
59.0,15.0,0.2542372941970825,0.49208587408065796,0.9175141453742981,1.0,144.0,812.0,4.0,4.0,4.0,0.9175141453742981,0.290411114692688,0.049560546875,0.0,0.43728727102279663,0.9759042263031006,12.0,12.0,Rectangle
22.0,58.0,0.37931033968925476,0.6180943846702576,0.9380877614021301,1.0,156.0,1197.0,4.0,4.0,4.0,0.9380877614021301,0.41302379965782166,0.07305908203125,0.0,0.5902490019798279,1.4177565574645996,0.0,0.0,Rectangle
56.0,24.0,0.4285714328289032,0.653207540512085,0.941220223903656,1.0,156.0,1265.0,4.0,4.0,4.0,0.941220223903656,0.45319002866744995,0.07720947265625,0.0,0.6305543184280396,1.568054437637329,12.0,12.0,Rectangle
63.0,15.0,0.2380952388048172,0.4721091389656067,0.9185185432434082,1.0,152.0,868.0,4.0,4.0,4.0,0.9185185432434082,0.2735556960105896,0.052978515625,0.0,0.4113196134567261,0.9112922549247742,12.0,12.0,Rectangle
15.0,60.0,0.25,0.4869498014450073,0.9177777767181396,1.0,146.0,826.0,4.0,4.0,4.0,0.9177777767181396,0.2860182225704193,0.0504150390625,0.0,0.4306676685810089,0.9592518210411072,12.0,12.0,Rectangle
47.0,24.0,0.5106382966041565,0.6981316804885864,0.9379432797431946,1.0,138.0,1058.0,4.0,4.0,4.0,0.9379432797431946,0.50929194688797,0.0645751953125,0.0,0.6812412142753601,1.8061800003051758,12.0,12.0,Rectangle
44.0,19.0,0.4318181872367859,0.6534782648086548,0.9258373379707336,1.0,122.0,774.0,4.0,4.0,4.0,0.9258373379707336,0.4535108208656311,0.0472412109375,0.0,0.6308624744415283,1.5693047046661377,0.0,0.0,Rectangle
51.0,22.0,0.4313725531101227,0.6543686389923096,0.9358288645744324,1.0,142.0,1050.0,4.0,4.0,4.0,0.9358288645744324,0.454570472240448,0.0640869140625,0.0,0.6318755149841309,1.5734283924102783,0.0,0.0,Rectangle
58.0,21.0,0.36206895112991333,0.6040505170822144,0.935960590839386,1.0,154.0,1140.0,4.0,4.0,4.0,0.935960590839386,0.39777570962905884,0.069580078125,0.0,0.5739122629165649,1.3627872467041016,0.0,0.0,Rectangle
61.0,19.0,0.31147539615631104,0.5576791763305664,0.931837797164917,1.0,156.0,1080.0,4.0,4.0,4.0,0.931837797164917,0.3504306972026825,0.06591796875,0.0,0.5188760161399841,1.1945222616195679,0.0,0.0,Rectangle
49.0,15.0,0.30612245202064514,0.5492066144943237,0.9142857193946838,1.0,124.0,672.0,4.0,4.0,4.0,0.9142857193946838,0.34224408864974976,0.041015625,0.0,0.5086104869842529,1.1653598546981812,0.0,0.0,Rectangle
21.0,46.0,0.45652174949645996,0.6692150235176086,0.9316770434379578,1.0,130.0,900.0,4.0,4.0,4.0,0.9316770434379578,0.47253870964050293,0.054931640625,0.0,0.6487120389938354,1.6451407670974731,0.0,0.0,Rectangle
51.0,22.0,0.4313725531101227,0.6543686389923096,0.9358288645744324,1.0,142.0,1050.0,4.0,4.0,4.0,0.9358288645744324,0.454570472240448,0.0640869140625,0.0,0.6318755149841309,1.5734283924102783,0.0,0.0,Rectangle
23.0,57.0,0.4035087823867798,0.6361673474311829,0.9397406578063965,1.0,156.0,1232.0,4.0,4.0,4.0,0.9397406578063965,0.43332067131996155,0.0751953125,0.0,0.6110833883285522,1.4924368858337402,12.0,12.0,Rectangle
21.0,55.0,0.38181817531585693,0.6195982694625854,0.9350649118423462,1.0,148.0,1080.0,4.0,4.0,4.0,0.9350649118423462,0.41468310356140137,0.06591796875,0.0,0.5919904708862305,1.4237887859344482,0.0,0.0,Rectangle
51.0,21.0,0.4117647111415863,0.6411413550376892,0.9337068200111389,1.0,140.0,1000.0,4.0,4.0,4.0,0.9337068200111389,0.43904492259025574,0.06103515625,0.0,0.6167832612991333,1.5139238834381104,12.0,12.0,Rectangle
45.0,23.0,0.5111111402511597,0.6981316804885864,0.9352657198905945,1.0,132.0,968.0,4.0,4.0,4.0,0.9352657198905945,0.5092917084693909,0.05908203125,0.0,0.6812412142753601,1.8061800003051758,12.0,12.0,Rectangle
61.0,23.0,0.37704917788505554,0.6167314648628235,0.9408410787582397,1.0,164.0,1320.0,4.0,4.0,4.0,0.9408410787582397,0.4115244150161743,0.08056640625,0.0,0.5886694192886353,1.4123154878616333,0.0,0.0,Rectangle
45.0,20.0,0.4444444477558136,0.6617212295532227,0.9288889169692993,1.0,126.0,836.0,4.0,4.0,4.0,0.9288889169692993,0.46339547634124756,0.051025390625,0.0,0.6402265429496765,1.6082139015197754,12.0,12.0,Rectangle
56.0,21.0,0.375,0.6143559217453003,0.9353741407394409,1.0,150.0,1100.0,4.0,4.0,4.0,0.9353741407394409,0.40892088413238525,0.067138671875,0.0,0.585913360118866,1.4028892517089844,12.0,12.0,Rectangle
18.0,51.0,0.3529411852359772,0.5948660373687744,0.9259259104728699,1.0,134.0,850.0,4.0,4.0,4.0,0.9259259104728699,0.3880406618118286,0.0518798828125,0.0,0.5631516575813293,1.328022837638855,12.0,12.0,Rectangle
21.0,48.0,0.4375,0.6578518748283386,0.932539701461792,1.0,134.0,940.0,4.0,4.0,4.0,0.932539701461792,0.45873352885246277,0.057373046875,0.0,0.6358349919319153,1.5897411108016968,12.0,12.0,Rectangle
55.0,20.0,0.3636363744735718,0.6048553586006165,0.9327272772789001,1.0,146.0,1026.0,4.0,4.0,4.0,0.9327272772789001,0.3986373841762543,0.0626220703125,0.0,0.5748521685600281,1.3658753633499146,0.0,0.0,Rectangle
18.0,56.0,0.3214285671710968,0.5666260123252869,0.9275793433189392,1.0,144.0,935.0,4.0,4.0,4.0,0.9275793433189392,0.35922473669052124,0.05706787109375,0.0,0.5296403765678406,1.2257535457611084,12.0,12.0,Rectangle
61.0,24.0,0.39344263076782227,0.629321813583374,0.9426229596138,1.0,166.0,1380.0,4.0,4.0,4.0,0.9426229596138,0.4255412518978119,0.084228515625,0.0,0.6032154560089111,1.4635610580444336,0.0,0.0,Rectangle
53.0,25.0,0.4716981053352356,0.6787928938865662,0.9418867826461792,1.0,152.0,1248.0,4.0,4.0,4.0,0.9418867826461792,0.48444873094558716,0.076171875,0.0,0.6595219969749451,1.6948484182357788,0.0,0.0,Rectangle
21.0,59.0,0.35593220591545105,0.5989887118339539,0.9362388849258423,1.0,156.0,1160.0,4.0,4.0,4.0,0.9362388849258423,0.3923879563808441,0.07080078125,0.0,0.5679896473884583,1.343522071838379,12.0,12.0,Rectangle
51.0,16.0,0.3137255012989044,0.5576791763305664,0.9191176295280457,1.0,130.0,750.0,4.0,4.0,4.0,0.9191176295280457,0.3504302203655243,0.0457763671875,0.0,0.5188760161399841,1.1945222616195679,0.0,0.0,Rectangle
61.0,25.0,0.4098360538482666,0.6411413550376892,0.9442622661590576,1.0,168.0,1440.0,4.0,4.0,4.0,0.9442622661590576,0.43904539942741394,0.087890625,0.0,0.6167832612991333,1.5139238834381104,0.0,0.0,Rectangle
53.0,23.0,0.43396225571632385,0.6563152074813843,0.938474178314209,1.0,148.0,1144.0,4.0,4.0,4.0,0.938474178314209,0.45689329504966736,0.06982421875,0.0,0.634088933467865,1.5825085639953613,12.0,12.0,Rectangle
63.0,19.0,0.30158731341362,0.547815203666687,0.932330846786499,1.0,160.0,1116.0,4.0,4.0,4.0,0.932330846786499,0.3409132659435272,0.068115234375,0.0,0.5069177150726318,1.160605549812317,0.0,0.0,Rectangle
21.0,52.0,0.4038461446762085,0.635672390460968,0.9340659379959106,1.0,142.0,1020.0,4.0,4.0,4.0,0.9340659379959106,0.4327540695667267,0.062255859375,0.0,0.6105154156684875,1.4903227090835571,0.0,0.0,Rectangle
50.0,16.0,0.3199999928474426,0.5637379288673401,0.918749988079071,1.0,128.0,735.0,4.0,4.0,4.0,0.918749988079071,0.3563685715198517,0.04486083984375,0.0,0.5261738896369934,1.215619444847107,12.0,12.0,Rectangle
15.0,46.0,0.32608696818351746,0.5685732364654541,0.9130434989929199,1.0,118.0,630.0,4.0,4.0,4.0,0.9130434989929199,0.36115899682044983,0.0384521484375,0.0,0.5319732427597046,1.2326161861419678,0.0,0.0,Rectangle
51.0,20.0,0.3921568691730499,0.6268668174743652,0.9313725233078003,1.0,138.0,950.0,4.0,4.0,4.0,0.9313725233078003,0.42277827858924866,0.0579833984375,0.0,0.6003869771957397,1.4533880949020386,12.0,12.0,Rectangle
24.0,55.0,0.4363636374473572,0.6580971479415894,0.9409090876579285,1.0,154.0,1242.0,4.0,4.0,4.0,0.9409090876579285,0.4590283930301666,0.0758056640625,0.0,0.6361136436462402,1.5909008979797363,0.0,0.0,Rectangle
49.0,17.0,0.3469387888908386,0.5890486240386963,0.9219687581062317,1.0,128.0,768.0,4.0,4.0,4.0,0.9219687581062317,0.3819688558578491,0.046875,0.0,0.5563024878501892,1.3064249753952026,0.0,0.0,Rectangle
15.0,59.0,0.2542372941970825,0.49208587408065796,0.9175141453742981,1.0,144.0,812.0,4.0,4.0,4.0,0.9175141453742981,0.290411114692688,0.049560546875,0.0,0.43728727102279663,0.9759042263031006,12.0,12.0,Rectangle
49.0,22.0,0.44897958636283875,0.6651387214660645,0.9350649118423462,1.0,138.0,1008.0,4.0,4.0,4.0,0.9350649118423462,0.4675467610359192,0.0615234375,0.0,0.6440994143486023,1.6248579025268555,0.0,0.0,Rectangle
54.0,19.0,0.35185185074806213,0.5945406556129456,0.9298245906829834,1.0,142.0,954.0,4.0,4.0,4.0,0.9298245906829834,0.38769927620887756,0.0582275390625,0.0,0.5627692341804504,1.3268064260482788,0.0,0.0,Rectangle
22.0,45.0,0.4888888895511627,0.6870607137680054,0.9333333373069763,1.0,130.0,924.0,4.0,4.0,4.0,0.9333333373069763,0.49493640661239624,0.056396484375,0.0,0.6688240170478821,1.7404240369796753,0.0,0.0,Rectangle
59.0,18.0,0.3050847351551056,0.5506862998008728,0.9284369349479675,1.0,150.0,986.0,4.0,4.0,4.0,0.9284369349479675,0.34366437792778015,0.0601806640625,0.0,0.5104084610939026,1.1704261302947998,12.0,12.0,Rectangle
19.0,44.0,0.4318181872367859,0.6534782648086548,0.9258373379707336,1.0,122.0,774.0,4.0,4.0,4.0,0.9258373379707336,0.4535108208656311,0.0472412109375,0.0,0.6308624744415283,1.5693047046661377,0.0,0.0,Rectangle
45.0,23.0,0.5111111402511597,0.6981316804885864,0.9352657198905945,1.0,132.0,968.0,4.0,4.0,4.0,0.9352657198905945,0.5092917084693909,0.05908203125,0.0,0.6812412142753601,1.8061800003051758,12.0,12.0,Rectangle
23.0,62.0,0.3709677457809448,0.6119926571846008,0.9410939812660217,1.0,166.0,1342.0,4.0,4.0,4.0,0.9410939812660217,0.40634414553642273,0.0819091796875,0.0,0.5831677913665771,1.3935821056365967,12.0,12.0,Rectangle
53.0,16.0,0.30188679695129395,0.5458770990371704,0.9198113083839417,1.0,134.0,780.0,4.0,4.0,4.0,0.9198113083839417,0.3390643894672394,0.047607421875,0.0,0.5045564770698547,1.153998613357544,0.0,0.0,Rectangle
58.0,19.0,0.32758620381355286,0.5730264782905579,0.931034505367279,1.0,150.0,1026.0,4.0,4.0,4.0,0.931034505367279,0.3656129539012909,0.0626220703125,0.0,0.5372955799102783,1.2484054565429688,0.0,0.0,Rectangle
15.0,45.0,0.3333333432674408,0.5752738118171692,0.9125925898551941,1.0,116.0,616.0,4.0,4.0,4.0,0.9125925898551941,0.36787471175193787,0.03759765625,0.0,0.5399747490882874,1.256425380706787,12.0,12.0,Rectangle
17.0,58.0,0.2931034564971924,0.5376491546630859,0.9249492883682251,1.0,146.0,912.0,4.0,4.0,4.0,0.9249492883682251,0.33129432797431946,0.0556640625,0.0,0.49448806047439575,1.126138687133789,0.0,0.0,Rectangle
25.0,46.0,0.54347825050354,0.7126486301422119,0.939130425453186,1.0,138.0,1080.0,4.0,4.0,4.0,0.939130425453186,0.5286766886711121,0.06591796875,0.0,0.697464644908905,1.9030731916427612,0.0,0.0,Rectangle
19.0,47.0,0.40425533056259155,0.6350680589675903,0.9272116422653198,1.0,128.0,828.0,4.0,4.0,4.0,0.9272116422653198,0.43206310272216797,0.050537109375,0.0,0.6098217368125916,1.4877471923828125,0.0,0.0,Rectangle
45.0,17.0,0.3777777850627899,0.6143559217453003,0.9202614426612854,1.0,120.0,704.0,4.0,4.0,4.0,0.9202614426612854,0.40892019867897034,0.04296875,0.0,0.585913360118866,1.4028892517089844,12.0,12.0,Rectangle
56.0,25.0,0.4464285671710968,0.6644611954689026,0.9428571462631226,1.0,158.0,1320.0,4.0,4.0,4.0,0.9428571462631226,0.4667218029499054,0.08056640625,0.0,0.6433320641517639,1.6215327978134155,0.0,0.0,Rectangle
50.0,18.0,0.36000001430511475,0.6007682681083679,0.9255555272102356,1.0,132.0,833.0,4.0,4.0,4.0,0.9255555272102356,0.3942752182483673,0.05084228515625,0.0,0.5700739622116089,1.3502646684646606,12.0,12.0,Rectangle
55.0,25.0,0.4545454680919647,0.6692150235176086,0.942545473575592,1.0,156.0,1296.0,4.0,4.0,4.0,0.942545473575592,0.47253933548927307,0.0791015625,0.0,0.6487120389938354,1.6451407670974731,0.0,0.0,Rectangle
53.0,24.0,0.4528301954269409,0.6679723858833313,0.9402515888214111,1.0,150.0,1196.0,4.0,4.0,4.0,0.9402515888214111,0.471012681722641,0.072998046875,0.0,0.6473067402839661,1.6389063596725464,12.0,12.0,Rectangle
46.0,19.0,0.41304346919059753,0.6411413550376892,0.9267734289169312,1.0,126.0,810.0,4.0,4.0,4.0,0.9267734289169312,0.4390445053577423,0.0494384765625,0.0,0.6167832612991333,1.5139238834381104,0.0,0.0,Rectangle
54.0,18.0,0.3333333432674408,0.5776683688163757,0.9269547462463379,1.0,140.0,901.0,4.0,4.0,4.0,0.9269547462463379,0.3702971935272217,0.05499267578125,0.0,0.5428246259689331,1.265010952949524,12.0,12.0,Rectangle
62.0,24.0,0.3870967626571655,0.6246675848960876,0.9428763389587402,1.0,168.0,1403.0,4.0,4.0,4.0,0.9428763389587402,0.42031627893447876,0.08563232421875,0.0,0.59784996509552,1.4443520307540894,12.0,12.0,Rectangle
25.0,54.0,0.46296295523643494,0.6739932298660278,0.9422222375869751,1.0,154.0,1272.0,4.0,4.0,4.0,0.9422222375869751,0.4784489572048187,0.07763671875,0.0,0.6541096568107605,1.6695592403411865,0.0,0.0,Rectangle
25.0,62.0,0.4032258093357086,0.6365801692008972,0.944516122341156,1.0,170.0,1464.0,4.0,4.0,4.0,0.944516122341156,0.43379366397857666,0.08935546875,0.0,0.6115569472312927,1.4942033290863037,0.0,0.0,Rectangle
20.0,58.0,0.3448275923728943,0.5890486240386963,0.9336206912994385,1.0,152.0,1083.0,4.0,4.0,4.0,0.9336206912994385,0.3819693624973297,0.06610107421875,0.0,0.5563024878501892,1.3064249753952026,0.0,0.0,Rectangle
18.0,57.0,0.31578946113586426,0.5612303018569946,0.9278752207756042,1.0,146.0,952.0,4.0,4.0,4.0,0.9278752207756042,0.3539024591445923,0.05810546875,0.0,0.5231575965881348,1.2068614959716797,12.0,12.0,Rectangle
16.0,48.0,0.3333333432674408,0.5761765837669373,0.91796875,1.0,124.0,705.0,4.0,4.0,4.0,0.91796875,0.36878660321235657,0.04302978515625,0.0,0.5410497784614563,1.259657382965088,12.0,12.0,Rectangle
61.0,17.0,0.2786885201931,0.5221483707427979,0.9257473349571228,1.0,152.0,960.0,4.0,4.0,4.0,0.9257473349571228,0.3169870674610138,0.05859375,0.0,0.4753154516220093,1.074372410774231,0.0,0.0,Rectangle
23.0,49.0,0.4693877696990967,0.6770452857017517,0.9370008707046509,1.0,140.0,1056.0,4.0,4.0,4.0,0.9370008707046509,0.4822564423084259,0.064453125,0.0,0.6575524210929871,1.6855475902557373,0.0,0.0,Rectangle
19.0,48.0,0.3958333432674408,0.6290621161460876,0.9276315569877625,1.0,130.0,846.0,4.0,4.0,4.0,0.9276315569877625,0.42524757981300354,0.0516357421875,0.0,0.602916419506073,1.4624805450439453,0.0,0.0,Rectangle
16.0,62.0,0.25806450843811035,0.4976726472377777,0.9223790168762207,1.0,152.0,915.0,4.0,4.0,4.0,0.9223790168762207,0.29523739218711853,0.05584716796875,0.0,0.44444525241851807,0.9940618276596069,0.0,0.0,Rectangle
17.0,45.0,0.3777777850627899,0.6143559217453003,0.9202614426612854,1.0,120.0,704.0,4.0,4.0,4.0,0.9202614426612854,0.40892019867897034,0.04296875,0.0,0.585913360118866,1.4028892517089844,12.0,12.0,Rectangle
61.0,19.0,0.31147539615631104,0.5576791763305664,0.931837797164917,1.0,156.0,1080.0,4.0,4.0,4.0,0.931837797164917,0.3504306972026825,0.06591796875,0.0,0.5188760161399841,1.1945222616195679,0.0,0.0,Rectangle
18.0,51.0,0.3529411852359772,0.5948660373687744,0.9259259104728699,1.0,134.0,850.0,4.0,4.0,4.0,0.9259259104728699,0.3880406618118286,0.0518798828125,0.0,0.5631516575813293,1.328022837638855,12.0,12.0,Rectangle
25.0,58.0,0.43103447556495667,0.6550371646881104,0.9434483051300049,1.0,162.0,1368.0,4.0,4.0,4.0,0.9434483051300049,0.45536744594573975,0.08349609375,0.0,0.6326358914375305,1.576536774635315,0.0,0.0,Rectangle
62.0,25.0,0.4032258093357086,0.6365801692008972,0.944516122341156,1.0,170.0,1464.0,4.0,4.0,4.0,0.944516122341156,0.43379366397857666,0.08935546875,0.0,0.6115569472312927,1.4942033290863037,0.0,0.0,Rectangle
20.0,53.0,0.37735849618911743,0.6157297492027283,0.9320755004882812,1.0,142.0,988.0,4.0,4.0,4.0,0.9320755004882812,0.41042467951774597,0.060302734375,0.0,0.5875077247619629,1.4083317518234253,12.0,12.0,Rectangle
63.0,23.0,0.3650793731212616,0.6073033213615417,0.941338837146759,1.0,168.0,1364.0,4.0,4.0,4.0,0.941338837146759,0.4012680947780609,0.083251953125,0.0,0.57770836353302,1.3753126859664917,12.0,12.0,Rectangle
56.0,18.0,0.3214285671710968,0.5666260123252869,0.9275793433189392,1.0,144.0,935.0,4.0,4.0,4.0,0.9275793433189392,0.35922473669052124,0.05706787109375,0.0,0.5296403765678406,1.2257535457611084,12.0,12.0,Rectangle
48.0,21.0,0.4375,0.6578518748283386,0.932539701461792,1.0,134.0,940.0,4.0,4.0,4.0,0.932539701461792,0.45873352885246277,0.057373046875,0.0,0.6358349919319153,1.5897411108016968,12.0,12.0,Rectangle
55.0,22.0,0.4000000059604645,0.6333450675010681,0.937190055847168,1.0,150.0,1134.0,4.0,4.0,4.0,0.937190055847168,0.43009939789772034,0.0692138671875,0.0,0.6078429818153381,1.480438232421875,0.0,0.0,Rectangle
61.0,17.0,0.2786885201931,0.5221483707427979,0.9257473349571228,1.0,152.0,960.0,4.0,4.0,4.0,0.9257473349571228,0.3169870674610138,0.05859375,0.0,0.4753154516220093,1.074372410774231,0.0,0.0,Rectangle
18.0,61.0,0.2950819730758667,0.5404662489891052,0.9289617538452148,1.0,154.0,1020.0,4.0,4.0,4.0,0.9289617538452148,0.33394089341163635,0.062255859375,0.0,0.4979434609413147,1.1356444358825684,0.0,0.0,Rectangle
18.0,47.0,0.38297873735427856,0.6189784407615662,0.9243499040603638,1.0,126.0,782.0,4.0,4.0,4.0,0.9243499040603638,0.4139980375766754,0.0477294921875,0.0,0.5912728905677795,1.421298861503601,12.0,12.0,Rectangle
47.0,19.0,0.40425533056259155,0.6350680589675903,0.9272116422653198,1.0,128.0,828.0,4.0,4.0,4.0,0.9272116422653198,0.43206310272216797,0.050537109375,0.0,0.6098217368125916,1.4877471923828125,0.0,0.0,Rectangle
48.0,23.0,0.4791666567325592,0.6822950839996338,0.9365941882133484,1.0,138.0,1034.0,4.0,4.0,4.0,0.9365941882133484,0.48886728286743164,0.0631103515625,0.0,0.6634654402732849,1.7138253450393677,12.0,12.0,Rectangle
25.0,59.0,0.4237288236618042,0.6503713726997375,0.9437288045883179,1.0,164.0,1392.0,4.0,4.0,4.0,0.9437288045883179,0.449832022190094,0.0849609375,0.0,0.6273242831230164,1.5550553798675537,0.0,0.0,Rectangle
19.0,47.0,0.40425533056259155,0.6350680589675903,0.9272116422653198,1.0,128.0,828.0,4.0,4.0,4.0,0.9272116422653198,0.43206310272216797,0.050537109375,0.0,0.6098217368125916,1.4877471923828125,0.0,0.0,Rectangle
56.0,25.0,0.4464285671710968,0.6644611954689026,0.9428571462631226,1.0,158.0,1320.0,4.0,4.0,4.0,0.9428571462631226,0.4667218029499054,0.08056640625,0.0,0.6433320641517639,1.6215327978134155,0.0,0.0,Rectangle
23.0,53.0,0.43396225571632385,0.6563152074813843,0.938474178314209,1.0,148.0,1144.0,4.0,4.0,4.0,0.938474178314209,0.45689329504966736,0.06982421875,0.0,0.634088933467865,1.5825085639953613,12.0,12.0,Rectangle
49.0,17.0,0.3469387888908386,0.5890486240386963,0.9219687581062317,1.0,128.0,768.0,4.0,4.0,4.0,0.9219687581062317,0.3819688558578491,0.046875,0.0,0.5563024878501892,1.3064249753952026,0.0,0.0,Rectangle
53.0,18.0,0.3396226465702057,0.5833160877227783,0.9266247153282166,1.0,138.0,884.0,4.0,4.0,4.0,0.9266247153282166,0.3760560154914856,0.053955078125,0.0,0.5495268106460571,1.2854326963424683,12.0,12.0,Rectangle
20.0,50.0,0.4000000059604645,0.6325308680534363,0.9309999942779541,1.0,136.0,931.0,4.0,4.0,4.0,0.9309999942779541,0.42917343974113464,0.05682373046875,0.0,0.6069072484970093,1.4770015478134155,12.0,12.0,Rectangle
24.0,62.0,0.3870967626571655,0.6246675848960876,0.9428763389587402,1.0,168.0,1403.0,4.0,4.0,4.0,0.9428763389587402,0.42031627893447876,0.08563232421875,0.0,0.59784996509552,1.4443520307540894,12.0,12.0,Rectangle
19.0,50.0,0.3799999952316284,0.6172609925270081,0.9284210801124573,1.0,134.0,882.0,4.0,4.0,4.0,0.9284210801124573,0.4121059477329254,0.0538330078125,0.0,0.5892833471298218,1.4144266843795776,0.0,0.0,Rectangle
56.0,19.0,0.3392857015132904,0.5836323499679565,0.9304511547088623,1.0,146.0,990.0,4.0,4.0,4.0,0.9304511547088623,0.3763805627822876,0.0604248046875,0.0,0.5499013066291809,1.286583662033081,0.0,0.0,Rectangle
63.0,17.0,0.2698412835597992,0.512238621711731,0.926237165927887,1.0,156.0,992.0,4.0,4.0,4.0,0.926237165927887,0.308059960603714,0.060546875,0.0,0.462909072637558,1.041680932044983,12.0,12.0,Rectangle
20.0,58.0,0.3448275923728943,0.5890486240386963,0.9336206912994385,1.0,152.0,1083.0,4.0,4.0,4.0,0.9336206912994385,0.3819693624973297,0.06610107421875,0.0,0.5563024878501892,1.3064249753952026,0.0,0.0,Rectangle
51.0,19.0,0.37254902720451355,0.6114691495895386,0.9287925958633423,1.0,136.0,900.0,4.0,4.0,4.0,0.9287925958633423,0.40577447414398193,0.054931640625,0.0,0.5825590491294861,1.3915296792984009,0.0,0.0,Rectangle
19.0,49.0,0.3877550959587097,0.6231257915496826,0.9280343651771545,1.0,132.0,864.0,4.0,4.0,4.0,0.9280343651771545,0.4185960590839386,0.052734375,0.0,0.5960696339607239,1.4380595684051514,0.0,0.0,Rectangle
45.0,18.0,0.4000000059604645,0.6315268278121948,0.9234567880630493,1.0,122.0,748.0,4.0,4.0,4.0,0.9234567880630493,0.4280337691307068,0.045654296875,0.0,0.6057528257369995,1.4727784395217896,12.0,12.0,Rectangle
61.0,21.0,0.3442623019218445,0.5890486240386963,0.9367681741714478,1.0,160.0,1200.0,4.0,4.0,4.0,0.9367681741714478,0.38196948170661926,0.0732421875,0.0,0.5563024878501892,1.3064249753952026,12.0,12.0,Rectangle
25.0,57.0,0.4385964870452881,0.6597344279289246,0.9431579113006592,1.0,160.0,1344.0,4.0,4.0,4.0,0.9431579113006592,0.4609975218772888,0.08203125,0.0,0.6379725337028503,1.598681092262268,0.0,0.0,Rectangle
54.0,21.0,0.3888888955116272,0.6248992681503296,0.9347442388534546,1.0,146.0,1060.0,4.0,4.0,4.0,0.9347442388534546,0.42057475447654724,0.064697265625,0.0,0.5981174111366272,1.445300579071045,12.0,12.0,Rectangle
59.0,22.0,0.37288135290145874,0.613116443157196,0.938366711139679,1.0,158.0,1218.0,4.0,4.0,4.0,0.938366711139679,0.4075678884983063,0.0743408203125,0.0,0.5844738483428955,1.3979994058609009,0.0,0.0,Rectangle
19.0,60.0,0.3166666626930237,0.562720775604248,0.9315789341926575,1.0,154.0,1062.0,4.0,4.0,4.0,0.9315789341926575,0.35536709427833557,0.0648193359375,0.0,0.5249511003494263,1.2120623588562012,0.0,0.0,Rectangle
23.0,56.0,0.4107142984867096,0.6411413550376892,0.9394409656524658,1.0,154.0,1210.0,4.0,4.0,4.0,0.9394409656524658,0.4390451908111572,0.0738525390625,0.0,0.6167832612991333,1.5139238834381104,12.0,12.0,Rectangle
24.0,61.0,0.39344263076782227,0.629321813583374,0.9426229596138,1.0,166.0,1380.0,4.0,4.0,4.0,0.9426229596138,0.4255412518978119,0.084228515625,0.0,0.6032154560089111,1.4635610580444336,0.0,0.0,Rectangle
25.0,57.0,0.4385964870452881,0.6597344279289246,0.9431579113006592,1.0,160.0,1344.0,4.0,4.0,4.0,0.9431579113006592,0.4609975218772888,0.08203125,0.0,0.6379725337028503,1.598681092262268,0.0,0.0,Rectangle
60.0,16.0,0.2666666805744171,0.5077263712882996,0.921875,1.0,148.0,885.0,4.0,4.0,4.0,0.921875,0.304050087928772,0.05401611328125,0.0,0.45721909403800964,1.0268802642822266,0.0,0.0,Rectangle
22.0,51.0,0.4313725531101227,0.6543686389923096,0.9358288645744324,1.0,142.0,1050.0,4.0,4.0,4.0,0.9358288645744324,0.454570472240448,0.0640869140625,0.0,0.6318755149841309,1.5734283924102783,0.0,0.0,Rectangle
46.0,25.0,0.54347825050354,0.7126486301422119,0.939130425453186,1.0,138.0,1080.0,4.0,4.0,4.0,0.939130425453186,0.5286766886711121,0.06591796875,0.0,0.697464644908905,1.9030731916427612,0.0,0.0,Rectangle
63.0,15.0,0.2380952388048172,0.4721091389656067,0.9185185432434082,1.0,152.0,868.0,4.0,4.0,4.0,0.9185185432434082,0.2735556960105896,0.052978515625,0.0,0.4113196134567261,0.9112922549247742,12.0,12.0,Rectangle
23.0,51.0,0.45098039507865906,0.666618824005127,0.937766432762146,1.0,144.0,1100.0,4.0,4.0,4.0,0.937766432762146,0.4693543612957001,0.067138671875,0.0,0.6457751393318176,1.632166862487793,12.0,12.0,Rectangle
20.0,50.0,0.4000000059604645,0.6325308680534363,0.9309999942779541,1.0,136.0,931.0,4.0,4.0,4.0,0.9309999942779541,0.42917343974113464,0.05682373046875,0.0,0.6069072484970093,1.4770015478134155,12.0,12.0,Rectangle
17.0,61.0,0.2786885201931,0.5221483707427979,0.9257473349571228,1.0,152.0,960.0,4.0,4.0,4.0,0.9257473349571228,0.3169870674610138,0.05859375,0.0,0.4753154516220093,1.074372410774231,0.0,0.0,Rectangle
57.0,23.0,0.4035087823867798,0.6361673474311829,0.9397406578063965,1.0,156.0,1232.0,4.0,4.0,4.0,0.9397406578063965,0.43332067131996155,0.0751953125,0.0,0.6110833883285522,1.4924368858337402,12.0,12.0,Rectangle
23.0,58.0,0.3965517282485962,0.6312381625175476,0.9400299787521362,1.0,158.0,1254.0,4.0,4.0,4.0,0.9400299787521362,0.4277074635028839,0.0765380859375,0.0,0.6054207682609558,1.4715672731399536,0.0,0.0,Rectangle
62.0,17.0,0.27419355511665344,0.5171520113945007,0.9259961843490601,1.0,154.0,976.0,4.0,4.0,4.0,0.9259961843490601,0.3124651610851288,0.0595703125,0.0,0.469075471162796,1.0578556060791016,12.0,12.0,Rectangle
16.0,57.0,0.28070175647735596,0.5234948992729187,0.9210526347160339,1.0,142.0,840.0,4.0,4.0,4.0,0.9210526347160339,0.31821298599243164,0.05126953125,0.0,0.47699201107025146,1.0788366794586182,12.0,12.0,Rectangle
15.0,52.0,0.2884615361690521,0.5309105515480042,0.9153845906257629,1.0,130.0,714.0,4.0,4.0,4.0,0.9153845906257629,0.3250218629837036,0.0435791015625,0.0,0.4861869812011719,1.1035287380218506,0.0,0.0,Rectangle
25.0,51.0,0.4901960790157318,0.6884425282478333,0.9411764740943909,1.0,148.0,1200.0,4.0,4.0,4.0,0.9411764740943909,0.4967089295387268,0.0732421875,0.0,0.670376181602478,1.7483148574829102,12.0,12.0,Rectangle
52.0,16.0,0.3076923191547394,0.5517259836196899,0.9194711446762085,1.0,132.0,765.0,4.0,4.0,4.0,0.9194711446762085,0.34466415643692017,0.04669189453125,0.0,0.5116705298423767,1.1739925146102905,12.0,12.0,Rectangle
20.0,51.0,0.3921568691730499,0.6268668174743652,0.9313725233078003,1.0,138.0,950.0,4.0,4.0,4.0,0.9313725233078003,0.42277827858924866,0.0579833984375,0.0,0.6003869771957397,1.4533880949020386,12.0,12.0,Rectangle
16.0,47.0,0.3404255211353302,0.5825581550598145,0.917553186416626,1.0,122.0,690.0,4.0,4.0,4.0,0.917553186416626,0.3752789795398712,0.0421142578125,0.0,0.5486289262771606,1.2826776504516602,0.0,0.0,Rectangle
53.0,25.0,0.4716981053352356,0.6787928938865662,0.9418867826461792,1.0,152.0,1248.0,4.0,4.0,4.0,0.9418867826461792,0.48444873094558716,0.076171875,0.0,0.6595219969749451,1.6948484182357788,0.0,0.0,Rectangle
20.0,61.0,0.32786884903907776,0.5738528370857239,0.9344262480735779,1.0,158.0,1140.0,4.0,4.0,4.0,0.9344262480735779,0.36644378304481506,0.069580078125,0.0,0.538281261920929,1.2513502836227417,0.0,0.0,Rectangle
25.0,60.0,0.4166666567325592,0.6457388997077942,0.9440000057220459,1.0,166.0,1416.0,4.0,4.0,4.0,0.9440000057220459,0.4443913996219635,0.08642578125,0.0,0.6220394968986511,1.5341967344284058,0.0,0.0,Rectangle
17.0,55.0,0.30909091234207153,0.5539461374282837,0.9240641593933105,1.0,140.0,864.0,4.0,4.0,4.0,0.9240641593933105,0.3468068242073059,0.052734375,0.0,0.5143617987632751,1.1816266775131226,0.0,0.0,Rectangle
60.0,25.0,0.4166666567325592,0.6457388997077942,0.9440000057220459,1.0,166.0,1416.0,4.0,4.0,4.0,0.9440000057220459,0.4443913996219635,0.08642578125,0.0,0.6220394968986511,1.5341967344284058,0.0,0.0,Rectangle
24.0,53.0,0.4528301954269409,0.6679723858833313,0.9402515888214111,1.0,150.0,1196.0,4.0,4.0,4.0,0.9402515888214111,0.471012681722641,0.072998046875,0.0,0.6473067402839661,1.6389063596725464,12.0,12.0,Rectangle
24.0,45.0,0.5333333611488342,0.7082405090332031,0.9370370507240295,1.0,134.0,1012.0,4.0,4.0,4.0,0.9370370507240295,0.5227213501930237,0.061767578125,0.0,0.6925448179244995,1.8721352815628052,12.0,12.0,Rectangle
15.0,52.0,0.2884615361690521,0.5309105515480042,0.9153845906257629,1.0,130.0,714.0,4.0,4.0,4.0,0.9153845906257629,0.3250218629837036,0.0435791015625,0.0,0.4861869812011719,1.1035287380218506,0.0,0.0,Rectangle
57.0,19.0,0.3333333432674408,0.5782917141914368,0.930747926235199,1.0,148.0,1008.0,4.0,4.0,4.0,0.930747926235199,0.37092968821525574,0.0615234375,0.0,0.5435656905174255,1.2672529220581055,0.0,0.0,Rectangle
16.0,46.0,0.3478260934352875,0.5890486240386963,0.917119562625885,1.0,120.0,675.0,4.0,4.0,4.0,0.917119562625885,0.3819686472415924,0.04119873046875,0.0,0.5563024878501892,1.3064249753952026,0.0,0.0,Rectangle
22.0,54.0,0.40740740299224854,0.638530433177948,0.9368686676025391,1.0,148.0,1113.0,4.0,4.0,4.0,0.9368686676025391,0.43603256344795227,0.06793212890625,0.0,0.6137930750846863,1.502589464187622,0.0,0.0,Rectangle
63.0,17.0,0.2698412835597992,0.512238621711731,0.926237165927887,1.0,156.0,992.0,4.0,4.0,4.0,0.926237165927887,0.308059960603714,0.060546875,0.0,0.462909072637558,1.041680932044983,12.0,12.0,Rectangle
59.0,23.0,0.38983049988746643,0.6263550519943237,0.9403095245361328,1.0,160.0,1276.0,4.0,4.0,4.0,0.9403095245361328,0.4222045838832855,0.077880859375,0.0,0.5997968316078186,1.4512789249420166,12.0,12.0,Rectangle
18.0,52.0,0.3461538553237915,0.5890486240386963,0.9262820482254028,1.0,136.0,867.0,4.0,4.0,4.0,0.9262820482254028,0.38196903467178345,0.05291748046875,0.0,0.5563024878501892,1.3064249753952026,0.0,0.0,Rectangle
20.0,60.0,0.3333333432674408,0.5788503289222717,0.934166669845581,1.0,156.0,1121.0,4.0,4.0,4.0,0.934166669845581,0.371497243642807,0.06842041015625,0.0,0.5442295074462891,1.269264578819275,12.0,12.0,Rectangle
48.0,18.0,0.375,0.612825334072113,0.9247685074806213,1.0,128.0,799.0,4.0,4.0,4.0,0.9247685074806213,0.40724992752075195,0.04876708984375,0.0,0.5841355919837952,1.3968535661697388,12.0,12.0,Rectangle
17.0,45.0,0.3777777850627899,0.6143559217453003,0.9202614426612854,1.0,120.0,704.0,4.0,4.0,4.0,0.9202614426612854,0.40892019867897034,0.04296875,0.0,0.585913360118866,1.4028892517089844,12.0,12.0,Rectangle
25.0,62.0,0.4032258093357086,0.6365801692008972,0.944516122341156,1.0,170.0,1464.0,4.0,4.0,4.0,0.944516122341156,0.43379366397857666,0.08935546875,0.0,0.6115569472312927,1.4942033290863037,0.0,0.0,Rectangle
17.0,62.0,0.27419355511665344,0.5171520113945007,0.9259961843490601,1.0,154.0,976.0,4.0,4.0,4.0,0.9259961843490601,0.3124651610851288,0.0595703125,0.0,0.469075471162796,1.0578556060791016,12.0,12.0,Rectangle
19.0,51.0,0.37254902720451355,0.6114691495895386,0.9287925958633423,1.0,136.0,900.0,4.0,4.0,4.0,0.9287925958633423,0.40577447414398193,0.054931640625,0.0,0.5825590491294861,1.3915296792984009,0.0,0.0,Rectangle
59.0,22.0,0.37288135290145874,0.613116443157196,0.938366711139679,1.0,158.0,1218.0,4.0,4.0,4.0,0.938366711139679,0.4075678884983063,0.0743408203125,0.0,0.5844738483428955,1.3979994058609009,0.0,0.0,Rectangle
46.0,25.0,0.54347825050354,0.7126486301422119,0.939130425453186,1.0,138.0,1080.0,4.0,4.0,4.0,0.939130425453186,0.5286766886711121,0.06591796875,0.0,0.697464644908905,1.9030731916427612,0.0,0.0,Rectangle
62.0,19.0,0.30645161867141724,0.5527108907699585,0.9320882558822632,1.0,158.0,1098.0,4.0,4.0,4.0,0.9320882558822632,0.34561389684677124,0.0670166015625,0.0,0.5128650665283203,1.1773760318756104,0.0,0.0,Rectangle
44.0,15.0,0.34090909361839294,0.5820987224578857,0.9121212363243103,1.0,114.0,602.0,4.0,4.0,4.0,0.9121212363243103,0.37480854988098145,0.0367431640625,0.0,0.5480844378471375,1.2810097932815552,12.0,12.0,Rectangle
22.0,52.0,0.42307692766189575,0.6490443348884583,0.936188817024231,1.0,144.0,1071.0,4.0,4.0,4.0,0.936188817024231,0.44826751947402954,0.06536865234375,0.0,0.6258115172386169,1.5490338802337646,0.0,0.0,Rectangle
15.0,62.0,0.24193547666072845,0.4769635796546936,0.9182795882225037,1.0,150.0,854.0,4.0,4.0,4.0,0.9182795882225037,0.27759501338005066,0.0521240234375,0.0,0.41768553853034973,0.9269599914550781,12.0,12.0,Rectangle
18.0,49.0,0.36734694242477417,0.6067549586296082,0.9251700639724731,1.0,130.0,816.0,4.0,4.0,4.0,0.9251700639724731,0.400676965713501,0.0498046875,0.0,0.5770688652992249,1.3731926679611206,0.0,0.0,Rectangle
56.0,20.0,0.3571428656578064,0.5995186567306519,0.9330357313156128,1.0,148.0,1045.0,4.0,4.0,4.0,0.9330357313156128,0.39294928312301636,0.06378173828125,0.0,0.5686106085777283,1.3455265760421753,12.0,12.0,Rectangle
15.0,63.0,0.2380952388048172,0.4721091389656067,0.9185185432434082,1.0,152.0,868.0,4.0,4.0,4.0,0.9185185432434082,0.2735556960105896,0.052978515625,0.0,0.4113196134567261,0.9112922549247742,12.0,12.0,Rectangle
17.0,61.0,0.2786885201931,0.5221483707427979,0.9257473349571228,1.0,152.0,960.0,4.0,4.0,4.0,0.9257473349571228,0.3169870674610138,0.05859375,0.0,0.4753154516220093,1.074372410774231,0.0,0.0,Rectangle
20.0,47.0,0.42553192377090454,0.6498821377754211,0.9297872185707092,1.0,130.0,874.0,4.0,4.0,4.0,0.9297872185707092,0.4492540955543518,0.0533447265625,0.0,0.6267666816711426,1.5528311729431152,12.0,12.0,Rectangle
51.0,19.0,0.37254902720451355,0.6114691495895386,0.9287925958633423,1.0,136.0,900.0,4.0,4.0,4.0,0.9287925958633423,0.40577447414398193,0.054931640625,0.0,0.5825590491294861,1.3915296792984009,0.0,0.0,Rectangle
15.0,54.0,0.2777777910232544,0.5192830562591553,0.9160493612289429,1.0,134.0,742.0,4.0,4.0,4.0,0.9160493612289429,0.31438833475112915,0.0452880859375,0.0,0.4717406630516052,1.0648914575576782,12.0,12.0,Rectangle
23.0,53.0,0.43396225571632385,0.6563152074813843,0.938474178314209,1.0,148.0,1144.0,4.0,4.0,4.0,0.938474178314209,0.45689329504966736,0.06982421875,0.0,0.634088933467865,1.5825085639953613,12.0,12.0,Rectangle
22.0,58.0,0.37931033968925476,0.6180943846702576,0.9380877614021301,1.0,156.0,1197.0,4.0,4.0,4.0,0.9380877614021301,0.41302379965782166,0.07305908203125,0.0,0.5902490019798279,1.4177565574645996,0.0,0.0,Rectangle
20.0,54.0,0.37037035822868347,0.6102592349052429,0.9324073791503906,1.0,144.0,1007.0,4.0,4.0,4.0,0.9324073791503906,0.4044615626335144,0.06146240234375,0.0,0.5811514258384705,1.386798620223999,12.0,12.0,Rectangle
19.0,63.0,0.30158731341362,0.547815203666687,0.932330846786499,1.0,160.0,1116.0,4.0,4.0,4.0,0.932330846786499,0.3409132659435272,0.068115234375,0.0,0.5069177150726318,1.160605549812317,0.0,0.0,Rectangle
19.0,49.0,0.3877550959587097,0.6231257915496826,0.9280343651771545,1.0,132.0,864.0,4.0,4.0,4.0,0.9280343651771545,0.4185960590839386,0.052734375,0.0,0.5960696339607239,1.4380595684051514,0.0,0.0,Rectangle
19.0,46.0,0.41304346919059753,0.6411413550376892,0.9267734289169312,1.0,126.0,810.0,4.0,4.0,4.0,0.9267734289169312,0.4390445053577423,0.0494384765625,0.0,0.6167832612991333,1.5139238834381104,0.0,0.0,Rectangle
52.0,17.0,0.32692307233810425,0.571071445941925,0.9230769276618958,1.0,134.0,816.0,4.0,4.0,4.0,0.9230769276618958,0.36365270614624023,0.0498046875,0.0,0.5349611639976501,1.2414571046829224,0.0,0.0,Rectangle
18.0,53.0,0.3396226465702057,0.5833160877227783,0.9266247153282166,1.0,138.0,884.0,4.0,4.0,4.0,0.9266247153282166,0.3760560154914856,0.053955078125,0.0,0.5495268106460571,1.2854326963424683,12.0,12.0,Rectangle
17.0,53.0,0.3207547068595886,0.5652692914009094,0.923418402671814,1.0,136.0,832.0,4.0,4.0,4.0,0.923418402671814,0.35788092017173767,0.05078125,0.0,0.5280128717422485,1.2209863662719727,12.0,12.0,Rectangle
21.0,44.0,0.47727271914482117,0.6807180047035217,0.9307359457015991,1.0,126.0,860.0,4.0,4.0,4.0,0.9307359457015991,0.4868727922439575,0.052490234375,0.0,0.6616902351379395,1.7052226066589355,12.0,12.0,Rectangle
45.0,20.0,0.4444444477558136,0.6617212295532227,0.9288889169692993,1.0,126.0,836.0,4.0,4.0,4.0,0.9288889169692993,0.46339547634124756,0.051025390625,0.0,0.6402265429496765,1.6082139015197754,12.0,12.0,Rectangle
15.0,48.0,0.3125,0.5555409789085388,0.9138888716697693,1.0,122.0,658.0,4.0,4.0,4.0,0.9138888716697693,0.34835129976272583,0.0401611328125,0.0,0.5162920355796814,1.1871267557144165,12.0,12.0,Rectangle
21.0,43.0,0.4883720874786377,0.686508297920227,0.930232584476471,1.0,124.0,840.0,4.0,4.0,4.0,0.930232584476471,0.4942292273044586,0.05126953125,0.0,0.6682032942771912,1.7372922897338867,12.0,12.0,Rectangle
19.0,49.0,0.3877550959587097,0.6231257915496826,0.9280343651771545,1.0,132.0,864.0,4.0,4.0,4.0,0.9280343651771545,0.4185960590839386,0.052734375,0.0,0.5960696339607239,1.4380595684051514,0.0,0.0,Rectangle
17.0,44.0,0.3863636255264282,0.6209180355072021,0.9197860956192017,1.0,118.0,688.0,4.0,4.0,4.0,0.9197860956192017,0.4161430895328522,0.0419921875,0.0,0.5935176014900208,1.4291077852249146,12.0,12.0,Rectangle
44.0,17.0,0.3863636255264282,0.6209180355072021,0.9197860956192017,1.0,118.0,688.0,4.0,4.0,4.0,0.9197860956192017,0.4161430895328522,0.0419921875,0.0,0.5935176014900208,1.4291077852249146,12.0,12.0,Rectangle
17.0,52.0,0.32692307233810425,0.571071445941925,0.9230769276618958,1.0,134.0,816.0,4.0,4.0,4.0,0.9230769276618958,0.36365270614624023,0.0498046875,0.0,0.5349611639976501,1.2414571046829224,0.0,0.0,Rectangle
58.0,17.0,0.2931034564971924,0.5376491546630859,0.9249492883682251,1.0,146.0,912.0,4.0,4.0,4.0,0.9249492883682251,0.33129432797431946,0.0556640625,0.0,0.49448806047439575,1.126138687133789,0.0,0.0,Rectangle
53.0,19.0,0.35849055647850037,0.6001083254814148,0.9294935464859009,1.0,140.0,936.0,4.0,4.0,4.0,0.9294935464859009,0.39357447624206543,0.05712890625,0.0,0.5693012475967407,1.3477603197097778,12.0,12.0,Rectangle
49.0,16.0,0.3265306055545807,0.5699034333229065,0.918367326259613,1.0,126.0,720.0,4.0,4.0,4.0,0.918367326259613,0.36248522996902466,0.0439453125,0.0,0.5335649251937866,1.237318515777588,0.0,0.0,Rectangle
18.0,48.0,0.375,0.612825334072113,0.9247685074806213,1.0,128.0,799.0,4.0,4.0,4.0,0.9247685074806213,0.40724992752075195,0.04876708984375,0.0,0.5841355919837952,1.3968535661697388,12.0,12.0,Rectangle
23.0,49.0,0.4693877696990967,0.6770452857017517,0.9370008707046509,1.0,140.0,1056.0,4.0,4.0,4.0,0.9370008707046509,0.4822564423084259,0.064453125,0.0,0.6575524210929871,1.6855475902557373,0.0,0.0,Rectangle
24.0,48.0,0.5,0.6930738091468811,0.9383680820465088,1.0,140.0,1081.0,4.0,4.0,4.0,0.9383680820465088,0.5026886463165283,0.06597900390625,0.0,0.675573468208313,1.7753952741622925,12.0,12.0,Rectangle
15.0,55.0,0.27272728085517883,0.5136340856552124,0.9163636565208435,1.0,136.0,756.0,4.0,4.0,4.0,0.9163636565208435,0.30930665135383606,0.046142578125,0.0,0.46466344594955444,1.0462682247161865,0.0,0.0,Rectangle
24.0,47.0,0.5106382966041565,0.6981316804885864,0.9379432797431946,1.0,138.0,1058.0,4.0,4.0,4.0,0.9379432797431946,0.50929194688797,0.0645751953125,0.0,0.6812412142753601,1.8061800003051758,12.0,12.0,Rectangle
48.0,16.0,0.3333333432674408,0.5761765837669373,0.91796875,1.0,124.0,705.0,4.0,4.0,4.0,0.91796875,0.36878660321235657,0.04302978515625,0.0,0.5410497784614563,1.259657382965088,12.0,12.0,Rectangle
45.0,24.0,0.5333333611488342,0.7082405090332031,0.9370370507240295,1.0,134.0,1012.0,4.0,4.0,4.0,0.9370370507240295,0.5227213501930237,0.061767578125,0.0,0.6925448179244995,1.8721352815628052,12.0,12.0,Rectangle
57.0,17.0,0.2982456088066101,0.5429913401603699,0.9246646165847778,1.0,144.0,896.0,4.0,4.0,4.0,0.9246646165847778,0.33632513880729675,0.0546875,0.0,0.5010334253311157,1.1441935300827026,12.0,12.0,Rectangle
43.0,16.0,0.3720930218696594,0.6091731190681458,0.9156976938247681,1.0,114.0,630.0,4.0,4.0,4.0,0.9156976938247681,0.4032849669456482,0.0384521484375,0.0,0.5798870325088501,1.3825663328170776,0.0,0.0,Rectangle
21.0,43.0,0.4883720874786377,0.686508297920227,0.930232584476471,1.0,124.0,840.0,4.0,4.0,4.0,0.930232584476471,0.4942292273044586,0.05126953125,0.0,0.6682032942771912,1.7372922897338867,12.0,12.0,Rectangle
48.0,20.0,0.4166666567325592,0.6440409421920776,0.9302083253860474,1.0,132.0,893.0,4.0,4.0,4.0,0.9302083253860474,0.44241011142730713,0.05450439453125,0.0,0.6200996041297913,1.5266615152359009,12.0,12.0,Rectangle
59.0,21.0,0.35593220591545105,0.5989887118339539,0.9362388849258423,1.0,156.0,1160.0,4.0,4.0,4.0,0.9362388849258423,0.3923879563808441,0.07080078125,0.0,0.5679896473884583,1.343522071838379,12.0,12.0,Rectangle
48.0,19.0,0.3958333432674408,0.6290621161460876,0.9276315569877625,1.0,130.0,846.0,4.0,4.0,4.0,0.9276315569877625,0.42524757981300354,0.0516357421875,0.0,0.602916419506073,1.4624805450439453,0.0,0.0,Rectangle
60.0,18.0,0.30000001192092896,0.5455362796783447,0.9287037253379822,1.0,152.0,1003.0,4.0,4.0,4.0,0.9287037253379822,0.3387403190135956,0.06121826171875,0.0,0.5041408538818359,1.1528385877609253,12.0,12.0,Rectangle
50.0,18.0,0.36000001430511475,0.6007682681083679,0.9255555272102356,1.0,132.0,833.0,4.0,4.0,4.0,0.9255555272102356,0.3942752182483673,0.05084228515625,0.0,0.5700739622116089,1.3502646684646606,12.0,12.0,Rectangle
15.0,51.0,0.29411765933036804,0.5368932485580444,0.915032684803009,1.0,128.0,700.0,4.0,4.0,4.0,0.915032684803009,0.33058637380599976,0.042724609375,0.0,0.4935593903064728,1.1235935688018799,12.0,12.0,Rectangle
16.0,48.0,0.3333333432674408,0.5761765837669373,0.91796875,1.0,124.0,705.0,4.0,4.0,4.0,0.91796875,0.36878660321235657,0.04302978515625,0.0,0.5410497784614563,1.259657382965088,12.0,12.0,Rectangle
18.0,57.0,0.31578946113586426,0.5612303018569946,0.9278752207756042,1.0,146.0,952.0,4.0,4.0,4.0,0.9278752207756042,0.3539024591445923,0.05810546875,0.0,0.5231575965881348,1.2068614959716797,12.0,12.0,Rectangle
55.0,19.0,0.34545454382896423,0.5890486240386963,0.9301435351371765,1.0,144.0,972.0,4.0,4.0,4.0,0.9301435351371765,0.3819692134857178,0.059326171875,0.0,0.5563024878501892,1.3064249753952026,12.0,12.0,Rectangle
46.0,17.0,0.3695652186870575,0.607886791229248,0.9207161068916321,1.0,122.0,720.0,4.0,4.0,4.0,0.9207161068916321,0.40189602971076965,0.0439453125,0.0,0.5783884525299072,1.3775718212127686,0.0,0.0,Rectangle
19.0,45.0,0.42222222685813904,0.6472792625427246,0.9263157844543457,1.0,124.0,792.0,4.0,4.0,4.0,0.9263157844543457,0.44619354605674744,0.04833984375,0.0,0.6237980127334595,1.541082739830017,12.0,12.0,Rectangle
43.0,24.0,0.5581395626068115,0.7182907462120056,0.9360465407371521,1.0,130.0,966.0,4.0,4.0,4.0,0.9360465407371521,0.536388635635376,0.0589599609375,0.0,0.7037543058395386,1.944982886314392,12.0,12.0,Rectangle
24.0,62.0,0.3870967626571655,0.6246675848960876,0.9428763389587402,1.0,168.0,1403.0,4.0,4.0,4.0,0.9428763389587402,0.42031627893447876,0.08563232421875,0.0,0.59784996509552,1.4443520307540894,12.0,12.0,Rectangle
18.0,59.0,0.3050847351551056,0.5506862998008728,0.9284369349479675,1.0,150.0,986.0,4.0,4.0,4.0,0.9284369349479675,0.34366437792778015,0.0601806640625,0.0,0.5104084610939026,1.1704261302947998,12.0,12.0,Rectangle
23.0,45.0,0.5111111402511597,0.6981316804885864,0.9352657198905945,1.0,132.0,968.0,4.0,4.0,4.0,0.9352657198905945,0.5092917084693909,0.05908203125,0.0,0.6812412142753601,1.8061800003051758,12.0,12.0,Rectangle
59.0,23.0,0.38983049988746643,0.6263550519943237,0.9403095245361328,1.0,160.0,1276.0,4.0,4.0,4.0,0.9403095245361328,0.4222045838832855,0.077880859375,0.0,0.5997968316078186,1.4512789249420166,12.0,12.0,Rectangle
20.0,58.0,0.3448275923728943,0.5890486240386963,0.9336206912994385,1.0,152.0,1083.0,4.0,4.0,4.0,0.9336206912994385,0.3819693624973297,0.06610107421875,0.0,0.5563024878501892,1.3064249753952026,0.0,0.0,Rectangle
60.0,15.0,0.25,0.4869498014450073,0.9177777767181396,1.0,146.0,826.0,4.0,4.0,4.0,0.9177777767181396,0.2860182225704193,0.0504150390625,0.0,0.4306676685810089,0.9592518210411072,12.0,12.0,Rectangle
18.0,44.0,0.40909090638160706,0.6379178166389465,0.9229797720909119,1.0,120.0,731.0,4.0,4.0,4.0,0.9229797720909119,0.4353274405002594,0.04461669921875,0.0,0.6130909323692322,1.4999480247497559,12.0,12.0,Rectangle
47.0,24.0,0.5106382966041565,0.6981316804885864,0.9379432797431946,1.0,138.0,1058.0,4.0,4.0,4.0,0.9379432797431946,0.50929194688797,0.0645751953125,0.0,0.6812412142753601,1.8061800003051758,12.0,12.0,Rectangle
62.0,20.0,0.32258063554763794,0.5689228177070618,0.9346774220466614,1.0,160.0,1159.0,4.0,4.0,4.0,0.9346774220466614,0.36150798201560974,0.07073974609375,0.0,0.5323916673660278,1.2338508367538452,12.0,12.0,Rectangle
24.0,47.0,0.5106382966041565,0.6981316804885864,0.9379432797431946,1.0,138.0,1058.0,4.0,4.0,4.0,0.9379432797431946,0.50929194688797,0.0645751953125,0.0,0.6812412142753601,1.8061800003051758,12.0,12.0,Rectangle
20.0,47.0,0.42553192377090454,0.6498821377754211,0.9297872185707092,1.0,130.0,874.0,4.0,4.0,4.0,0.9297872185707092,0.4492540955543518,0.0533447265625,0.0,0.6267666816711426,1.5528311729431152,12.0,12.0,Rectangle
45.0,24.0,0.5333333611488342,0.7082405090332031,0.9370370507240295,1.0,134.0,1012.0,4.0,4.0,4.0,0.9370370507240295,0.5227213501930237,0.061767578125,0.0,0.6925448179244995,1.8721352815628052,12.0,12.0,Rectangle
20.0,60.0,0.3333333432674408,0.5788503289222717,0.934166669845581,1.0,156.0,1121.0,4.0,4.0,4.0,0.934166669845581,0.371497243642807,0.06842041015625,0.0,0.5442295074462891,1.269264578819275,12.0,12.0,Rectangle
21.0,47.0,0.44680851697921753,0.6635136008262634,0.9321175217628479,1.0,132.0,920.0,4.0,4.0,4.0,0.9321175217628479,0.46556881070137024,0.05615234375,0.0,0.6422584652900696,1.61690354347229,12.0,12.0,Rectangle
18.0,45.0,0.4000000059604645,0.6315268278121948,0.9234567880630493,1.0,122.0,748.0,4.0,4.0,4.0,0.9234567880630493,0.4280337691307068,0.045654296875,0.0,0.6057528257369995,1.4727784395217896,12.0,12.0,Rectangle
19.0,52.0,0.36538460850715637,0.6057513356208801,0.9291498064994812,1.0,138.0,918.0,4.0,4.0,4.0,0.9291498064994812,0.3995983600616455,0.0560302734375,0.0,0.5758980512619019,1.3693218231201172,12.0,12.0,Rectangle
22.0,59.0,0.37288135290145874,0.613116443157196,0.938366711139679,1.0,158.0,1218.0,4.0,4.0,4.0,0.938366711139679,0.4075678884983063,0.0743408203125,0.0,0.5844738483428955,1.3979994058609009,0.0,0.0,Rectangle
52.0,24.0,0.4615384638309479,0.6729525327682495,0.9399038553237915,1.0,148.0,1173.0,4.0,4.0,4.0,0.9399038553237915,0.4771563410758972,0.07159423828125,0.0,0.6529349088668823,1.6641789674758911,0.0,0.0,Rectangle
58.0,24.0,0.4137931168079376,0.6435356140136719,0.9418103694915771,1.0,160.0,1311.0,4.0,4.0,4.0,0.9418103694915771,0.44182270765304565,0.08001708984375,0.0,0.619521975517273,1.5244300365447998,0.0,0.0,Rectangle
19.0,59.0,0.32203391194343567,0.567836344242096,0.931311309337616,1.0,152.0,1044.0,4.0,4.0,4.0,0.931311309337616,0.3604266345500946,0.063720703125,0.0,0.5310908555984497,1.2300163507461548,0.0,0.0,Rectangle
46.0,19.0,0.41304346919059753,0.6411413550376892,0.9267734289169312,1.0,126.0,810.0,4.0,4.0,4.0,0.9267734289169312,0.4390445053577423,0.0494384765625,0.0,0.6167832612991333,1.5139238834381104,0.0,0.0,Rectangle
25.0,46.0,0.54347825050354,0.7126486301422119,0.939130425453186,1.0,138.0,1080.0,4.0,4.0,4.0,0.939130425453186,0.5286766886711121,0.06591796875,0.0,0.697464644908905,1.9030731916427612,0.0,0.0,Rectangle
63.0,22.0,0.3492063581943512,0.5937514305114746,0.939393937587738,1.0,166.0,1302.0,4.0,4.0,4.0,0.939393937587738,0.386872261762619,0.0794677734375,0.0,0.5618414282798767,1.3238605260849,0.0,0.0,Rectangle
62.0,17.0,0.27419355511665344,0.5171520113945007,0.9259961843490601,1.0,154.0,976.0,4.0,4.0,4.0,0.9259961843490601,0.3124651610851288,0.0595703125,0.0,0.469075471162796,1.0578556060791016,12.0,12.0,Rectangle
22.0,61.0,0.3606557250022888,0.6033236980438232,0.9388971924781799,1.0,162.0,1260.0,4.0,4.0,4.0,0.9388971924781799,0.39699873328208923,0.076904296875,0.0,0.5730629563331604,1.3600043058395386,0.0,0.0,Rectangle
49.0,21.0,0.4285714328289032,0.6522337794303894,0.9329445958137512,1.0,136.0,960.0,4.0,4.0,4.0,0.9329445958137512,0.45203426480293274,0.05859375,0.0,0.6294457912445068,1.5635710954666138,0.0,0.0,Rectangle
19.0,59.0,0.32203391194343567,0.567836344242096,0.931311309337616,1.0,152.0,1044.0,4.0,4.0,4.0,0.931311309337616,0.3604266345500946,0.063720703125,0.0,0.5310908555984497,1.2300163507461548,0.0,0.0,Rectangle
22.0,51.0,0.4313725531101227,0.6543686389923096,0.9358288645744324,1.0,142.0,1050.0,4.0,4.0,4.0,0.9358288645744324,0.454570472240448,0.0640869140625,0.0,0.6318755149841309,1.5734283924102783,0.0,0.0,Rectangle
54.0,18.0,0.3333333432674408,0.5776683688163757,0.9269547462463379,1.0,140.0,901.0,4.0,4.0,4.0,0.9269547462463379,0.3702971935272217,0.05499267578125,0.0,0.5428246259689331,1.265010952949524,12.0,12.0,Rectangle
60.0,22.0,0.36666667461395264,0.6081926822662354,0.9386363625526428,1.0,160.0,1239.0,4.0,4.0,4.0,0.9386363625526428,0.40222686529159546,0.07562255859375,0.0,0.5787449479103088,1.3787579536437988,0.0,0.0,Rectangle
48.0,24.0,0.5,0.6930738091468811,0.9383680820465088,1.0,140.0,1081.0,4.0,4.0,4.0,0.9383680820465088,0.5026886463165283,0.06597900390625,0.0,0.675573468208313,1.7753952741622925,12.0,12.0,Rectangle
17.0,50.0,0.3400000035762787,0.5829606056213379,0.9223529696464539,1.0,130.0,784.0,4.0,4.0,4.0,0.9223529696464539,0.37569141387939453,0.0478515625,0.0,0.5491057634353638,1.2841399908065796,12.0,12.0,Rectangle
59.0,25.0,0.4237288236618042,0.6503713726997375,0.9437288045883179,1.0,164.0,1392.0,4.0,4.0,4.0,0.9437288045883179,0.449832022190094,0.0849609375,0.0,0.6273242831230164,1.5550553798675537,0.0,0.0,Rectangle
24.0,46.0,0.52173912525177,0.7031895518302917,0.9375,1.0,136.0,1035.0,4.0,4.0,4.0,0.9375,0.5159720778465271,0.06317138671875,0.0,0.6869006752967834,1.838379979133606,0.0,0.0,Rectangle
51.0,19.0,0.37254902720451355,0.6114691495895386,0.9287925958633423,1.0,136.0,900.0,4.0,4.0,4.0,0.9287925958633423,0.40577447414398193,0.054931640625,0.0,0.5825590491294861,1.3915296792984009,0.0,0.0,Rectangle
63.0,15.0,0.2380952388048172,0.4721091389656067,0.9185185432434082,1.0,152.0,868.0,4.0,4.0,4.0,0.9185185432434082,0.2735556960105896,0.052978515625,0.0,0.4113196134567261,0.9112922549247742,12.0,12.0,Rectangle
22.0,61.0,0.3606557250022888,0.6033236980438232,0.9388971924781799,1.0,162.0,1260.0,4.0,4.0,4.0,0.9388971924781799,0.39699873328208923,0.076904296875,0.0,0.5730629563331604,1.3600043058395386,0.0,0.0,Rectangle
25.0,58.0,0.43103447556495667,0.6550371646881104,0.9434483051300049,1.0,162.0,1368.0,4.0,4.0,4.0,0.9434483051300049,0.45536744594573975,0.08349609375,0.0,0.6326358914375305,1.576536774635315,0.0,0.0,Rectangle
45.0,20.0,0.4444444477558136,0.6617212295532227,0.9288889169692993,1.0,126.0,836.0,4.0,4.0,4.0,0.9288889169692993,0.46339547634124756,0.051025390625,0.0,0.6402265429496765,1.6082139015197754,12.0,12.0,Rectangle
22.0,61.0,0.3606557250022888,0.6033236980438232,0.9388971924781799,1.0,162.0,1260.0,4.0,4.0,4.0,0.9388971924781799,0.39699873328208923,0.076904296875,0.0,0.5730629563331604,1.3600043058395386,0.0,0.0,Rectangle
17.0,44.0,0.3863636255264282,0.6209180355072021,0.9197860956192017,1.0,118.0,688.0,4.0,4.0,4.0,0.9197860956192017,0.4161430895328522,0.0419921875,0.0,0.5935176014900208,1.4291077852249146,12.0,12.0,Rectangle
18.0,51.0,0.3529411852359772,0.5948660373687744,0.9259259104728699,1.0,134.0,850.0,4.0,4.0,4.0,0.9259259104728699,0.3880406618118286,0.0518798828125,0.0,0.5631516575813293,1.328022837638855,12.0,12.0,Rectangle
16.0,57.0,0.28070175647735596,0.5234948992729187,0.9210526347160339,1.0,142.0,840.0,4.0,4.0,4.0,0.9210526347160339,0.31821298599243164,0.05126953125,0.0,0.47699201107025146,1.0788366794586182,12.0,12.0,Rectangle
56.0,23.0,0.4107142984867096,0.6411413550376892,0.9394409656524658,1.0,154.0,1210.0,4.0,4.0,4.0,0.9394409656524658,0.4390451908111572,0.0738525390625,0.0,0.6167832612991333,1.5139238834381104,12.0,12.0,Rectangle
62.0,21.0,0.33870968222618103,0.5841705799102783,0.937019944190979,1.0,162.0,1220.0,4.0,4.0,4.0,0.937019944190979,0.37693342566490173,0.074462890625,0.0,0.5505384802818298,1.2885444164276123,12.0,12.0,Rectangle
59.0,15.0,0.2542372941970825,0.49208587408065796,0.9175141453742981,1.0,144.0,812.0,4.0,4.0,4.0,0.9175141453742981,0.290411114692688,0.049560546875,0.0,0.43728727102279663,0.9759042263031006,12.0,12.0,Rectangle
16.0,51.0,0.3137255012989044,0.5576791763305664,0.9191176295280457,1.0,130.0,750.0,4.0,4.0,4.0,0.9191176295280457,0.3504302203655243,0.0457763671875,0.0,0.5188760161399841,1.1945222616195679,0.0,0.0,Rectangle
46.0,19.0,0.41304346919059753,0.6411413550376892,0.9267734289169312,1.0,126.0,810.0,4.0,4.0,4.0,0.9267734289169312,0.4390445053577423,0.0494384765625,0.0,0.6167832612991333,1.5139238834381104,0.0,0.0,Rectangle
23.0,46.0,0.5,0.6928439736366272,0.9357277750968933,1.0,134.0,990.0,4.0,4.0,4.0,0.9357277750968933,0.5023902654647827,0.0604248046875,0.0,0.675315797328949,1.7740275859832764,0.0,0.0,Rectangle
46.0,24.0,0.52173912525177,0.7031895518302917,0.9375,1.0,136.0,1035.0,4.0,4.0,4.0,0.9375,0.5159720778465271,0.06317138671875,0.0,0.6869006752967834,1.838379979133606,0.0,0.0,Rectangle
46.0,21.0,0.45652174949645996,0.6692150235176086,0.9316770434379578,1.0,130.0,900.0,4.0,4.0,4.0,0.9316770434379578,0.47253870964050293,0.054931640625,0.0,0.6487120389938354,1.6451407670974731,0.0,0.0,Rectangle
52.0,22.0,0.42307692766189575,0.6490443348884583,0.936188817024231,1.0,144.0,1071.0,4.0,4.0,4.0,0.936188817024231,0.44826751947402954,0.06536865234375,0.0,0.6258115172386169,1.5490338802337646,0.0,0.0,Rectangle
61.0,15.0,0.24590164422988892,0.48190975189208984,0.9180327653884888,1.0,148.0,840.0,4.0,4.0,4.0,0.9180327653884888,0.2817477285861969,0.05126953125,0.0,0.4241343140602112,0.9429419636726379,12.0,12.0,Rectangle
15.0,45.0,0.3333333432674408,0.5752738118171692,0.9125925898551941,1.0,116.0,616.0,4.0,4.0,4.0,0.9125925898551941,0.36787471175193787,0.03759765625,0.0,0.5399747490882874,1.256425380706787,12.0,12.0,Rectangle
21.0,47.0,0.44680851697921753,0.6635136008262634,0.9321175217628479,1.0,132.0,920.0,4.0,4.0,4.0,0.9321175217628479,0.46556881070137024,0.05615234375,0.0,0.6422584652900696,1.61690354347229,12.0,12.0,Rectangle
21.0,43.0,0.4883720874786377,0.686508297920227,0.930232584476471,1.0,124.0,840.0,4.0,4.0,4.0,0.930232584476471,0.4942292273044586,0.05126953125,0.0,0.6682032942771912,1.7372922897338867,12.0,12.0,Rectangle
46.0,17.0,0.3695652186870575,0.607886791229248,0.9207161068916321,1.0,122.0,720.0,4.0,4.0,4.0,0.9207161068916321,0.40189602971076965,0.0439453125,0.0,0.5783884525299072,1.3775718212127686,0.0,0.0,Rectangle
54.0,21.0,0.3888888955116272,0.6248992681503296,0.9347442388534546,1.0,146.0,1060.0,4.0,4.0,4.0,0.9347442388534546,0.42057475447654724,0.064697265625,0.0,0.5981174111366272,1.445300579071045,12.0,12.0,Rectangle
56.0,20.0,0.3571428656578064,0.5995186567306519,0.9330357313156128,1.0,148.0,1045.0,4.0,4.0,4.0,0.9330357313156128,0.39294928312301636,0.06378173828125,0.0,0.5686106085777283,1.3455265760421753,12.0,12.0,Rectangle
19.0,57.0,0.3333333432674408,0.5782917141914368,0.930747926235199,1.0,148.0,1008.0,4.0,4.0,4.0,0.930747926235199,0.37092968821525574,0.0615234375,0.0,0.5435656905174255,1.2672529220581055,0.0,0.0,Rectangle
59.0,22.0,0.37288135290145874,0.613116443157196,0.938366711139679,1.0,158.0,1218.0,4.0,4.0,4.0,0.938366711139679,0.4075678884983063,0.0743408203125,0.0,0.5844738483428955,1.3979994058609009,0.0,0.0,Rectangle
23.0,56.0,0.4107142984867096,0.6411413550376892,0.9394409656524658,1.0,154.0,1210.0,4.0,4.0,4.0,0.9394409656524658,0.4390451908111572,0.0738525390625,0.0,0.6167832612991333,1.5139238834381104,12.0,12.0,Rectangle
15.0,60.0,0.25,0.4869498014450073,0.9177777767181396,1.0,146.0,826.0,4.0,4.0,4.0,0.9177777767181396,0.2860182225704193,0.0504150390625,0.0,0.4306676685810089,0.9592518210411072,12.0,12.0,Rectangle
53.0,25.0,0.4716981053352356,0.6787928938865662,0.9418867826461792,1.0,152.0,1248.0,4.0,4.0,4.0,0.9418867826461792,0.48444873094558716,0.076171875,0.0,0.6595219969749451,1.6948484182357788,0.0,0.0,Rectangle
47.0,24.0,0.5106382966041565,0.6981316804885864,0.9379432797431946,1.0,138.0,1058.0,4.0,4.0,4.0,0.9379432797431946,0.50929194688797,0.0645751953125,0.0,0.6812412142753601,1.8061800003051758,12.0,12.0,Rectangle
52.0,19.0,0.36538460850715637,0.6057513356208801,0.9291498064994812,1.0,138.0,918.0,4.0,4.0,4.0,0.9291498064994812,0.3995983600616455,0.0560302734375,0.0,0.5758980512619019,1.3693218231201172,12.0,12.0,Rectangle
19.0,57.0,0.3333333432674408,0.5782917141914368,0.930747926235199,1.0,148.0,1008.0,4.0,4.0,4.0,0.930747926235199,0.37092968821525574,0.0615234375,0.0,0.5435656905174255,1.2672529220581055,0.0,0.0,Rectangle
57.0,25.0,0.4385964870452881,0.6597344279289246,0.9431579113006592,1.0,160.0,1344.0,4.0,4.0,4.0,0.9431579113006592,0.4609975218772888,0.08203125,0.0,0.6379725337028503,1.598681092262268,0.0,0.0,Rectangle
45.0,24.0,0.5333333611488342,0.7082405090332031,0.9370370507240295,1.0,134.0,1012.0,4.0,4.0,4.0,0.9370370507240295,0.5227213501930237,0.061767578125,0.0,0.6925448179244995,1.8721352815628052,12.0,12.0,Rectangle
20.0,50.0,0.4000000059604645,0.6325308680534363,0.9309999942779541,1.0,136.0,931.0,4.0,4.0,4.0,0.9309999942779541,0.42917343974113464,0.05682373046875,0.0,0.6069072484970093,1.4770015478134155,12.0,12.0,Rectangle
18.0,56.0,0.3214285671710968,0.5666260123252869,0.9275793433189392,1.0,144.0,935.0,4.0,4.0,4.0,0.9275793433189392,0.35922473669052124,0.05706787109375,0.0,0.5296403765678406,1.2257535457611084,12.0,12.0,Rectangle
21.0,51.0,0.4117647111415863,0.6411413550376892,0.9337068200111389,1.0,140.0,1000.0,4.0,4.0,4.0,0.9337068200111389,0.43904492259025574,0.06103515625,0.0,0.6167832612991333,1.5139238834381104,12.0,12.0,Rectangle
63.0,20.0,0.3174603283405304,0.5640597939491272,0.934920608997345,1.0,162.0,1178.0,4.0,4.0,4.0,0.934920608997345,0.3566865921020508,0.0718994140625,0.0,0.5265605449676514,1.2167460918426514,12.0,12.0,Rectangle
45.0,22.0,0.4888888895511627,0.6870607137680054,0.9333333373069763,1.0,130.0,924.0,4.0,4.0,4.0,0.9333333373069763,0.49493640661239624,0.056396484375,0.0,0.6688240170478821,1.7404240369796753,0.0,0.0,Rectangle
24.0,56.0,0.4285714328289032,0.653207540512085,0.941220223903656,1.0,156.0,1265.0,4.0,4.0,4.0,0.941220223903656,0.45319002866744995,0.07720947265625,0.0,0.6305543184280396,1.568054437637329,12.0,12.0,Rectangle
24.0,63.0,0.380952388048172,0.6200569272041321,0.9431216716766357,1.0,170.0,1426.0,4.0,4.0,4.0,0.9431216716766357,0.4151906371116638,0.0870361328125,0.0,0.5925213098526001,1.425634503364563,12.0,12.0,Rectangle
61.0,19.0,0.31147539615631104,0.5576791763305664,0.931837797164917,1.0,156.0,1080.0,4.0,4.0,4.0,0.931837797164917,0.3504306972026825,0.06591796875,0.0,0.5188760161399841,1.1945222616195679,0.0,0.0,Rectangle
54.0,25.0,0.46296295523643494,0.6739932298660278,0.9422222375869751,1.0,154.0,1272.0,4.0,4.0,4.0,0.9422222375869751,0.4784489572048187,0.07763671875,0.0,0.6541096568107605,1.6695592403411865,0.0,0.0,Rectangle
20.0,47.0,0.42553192377090454,0.6498821377754211,0.9297872185707092,1.0,130.0,874.0,4.0,4.0,4.0,0.9297872185707092,0.4492540955543518,0.0533447265625,0.0,0.6267666816711426,1.5528311729431152,12.0,12.0,Rectangle
51.0,24.0,0.47058823704719543,0.677956759929657,0.9395424723625183,1.0,146.0,1150.0,4.0,4.0,4.0,0.9395424723625183,0.48339879512786865,0.0701904296875,0.0,0.6585798263549805,1.690384864807129,12.0,12.0,Rectangle
56.0,16.0,0.2857142984867096,0.5289416313171387,0.9207589030265808,1.0,140.0,825.0,4.0,4.0,4.0,0.9207589030265808,0.32320472598075867,0.05035400390625,0.0,0.4837518334388733,1.096954345703125,0.0,0.0,Rectangle
22.0,44.0,0.5,0.6925923228263855,0.932851254940033,1.0,128.0,903.0,4.0,4.0,4.0,0.932851254940033,0.5020636916160583,0.05511474609375,0.0,0.6750335097312927,1.7725327014923096,0.0,0.0,Rectangle
18.0,57.0,0.31578946113586426,0.5612303018569946,0.9278752207756042,1.0,146.0,952.0,4.0,4.0,4.0,0.9278752207756042,0.3539024591445923,0.05810546875,0.0,0.5231575965881348,1.2068614959716797,12.0,12.0,Rectangle
15.0,63.0,0.2380952388048172,0.4721091389656067,0.9185185432434082,1.0,152.0,868.0,4.0,4.0,4.0,0.9185185432434082,0.2735556960105896,0.052978515625,0.0,0.4113196134567261,0.9112922549247742,12.0,12.0,Rectangle
63.0,19.0,0.30158731341362,0.547815203666687,0.932330846786499,1.0,160.0,1116.0,4.0,4.0,4.0,0.932330846786499,0.3409132659435272,0.068115234375,0.0,0.5069177150726318,1.160605549812317,0.0,0.0,Rectangle
24.0,55.0,0.4363636374473572,0.6580971479415894,0.9409090876579285,1.0,154.0,1242.0,4.0,4.0,4.0,0.9409090876579285,0.4590283930301666,0.0758056640625,0.0,0.6361136436462402,1.5909008979797363,0.0,0.0,Rectangle
25.0,43.0,0.5813953280448914,0.7269800901412964,0.9376744031906128,1.0,132.0,1008.0,4.0,4.0,4.0,0.9376744031906128,0.5484679341316223,0.0615234375,0.0,0.7134259343147278,2.015650749206543,0.0,0.0,Rectangle
55.0,22.0,0.4000000059604645,0.6333450675010681,0.937190055847168,1.0,150.0,1134.0,4.0,4.0,4.0,0.937190055847168,0.43009939789772034,0.0692138671875,0.0,0.6078429818153381,1.480438232421875,0.0,0.0,Rectangle
61.0,16.0,0.26229506731033325,0.5026548504829407,0.9221311211585999,1.0,150.0,900.0,4.0,4.0,4.0,0.9221311211585999,0.2995838522911072,0.054931640625,0.0,0.4507923126220703,1.0102999210357666,0.0,0.0,Rectangle
16.0,57.0,0.28070175647735596,0.5234948992729187,0.9210526347160339,1.0,142.0,840.0,4.0,4.0,4.0,0.9210526347160339,0.31821298599243164,0.05126953125,0.0,0.47699201107025146,1.0788366794586182,12.0,12.0,Rectangle
15.0,59.0,0.2542372941970825,0.49208587408065796,0.9175141453742981,1.0,144.0,812.0,4.0,4.0,4.0,0.9175141453742981,0.290411114692688,0.049560546875,0.0,0.43728727102279663,0.9759042263031006,12.0,12.0,Rectangle
53.0,15.0,0.2830188572406769,0.5250412225723267,0.9157232642173767,1.0,132.0,728.0,4.0,4.0,4.0,0.9157232642173767,0.3196246922016144,0.04443359375,0.0,0.47891461849212646,1.0839701890945435,12.0,12.0,Rectangle
55.0,19.0,0.34545454382896423,0.5890486240386963,0.9301435351371765,1.0,144.0,972.0,4.0,4.0,4.0,0.9301435351371765,0.3819692134857178,0.059326171875,0.0,0.5563024878501892,1.3064249753952026,12.0,12.0,Rectangle
18.0,55.0,0.3272727131843567,0.5721051692962646,0.9272727370262146,1.0,142.0,918.0,4.0,4.0,4.0,0.9272727370262146,0.3646881878376007,0.0560302734375,0.0,0.5361958742141724,1.2451276779174805,12.0,12.0,Rectangle
21.0,47.0,0.44680851697921753,0.6635136008262634,0.9321175217628479,1.0,132.0,920.0,4.0,4.0,4.0,0.9321175217628479,0.46556881070137024,0.05615234375,0.0,0.6422584652900696,1.61690354347229,12.0,12.0,Rectangle
24.0,45.0,0.5333333611488342,0.7082405090332031,0.9370370507240295,1.0,134.0,1012.0,4.0,4.0,4.0,0.9370370507240295,0.5227213501930237,0.061767578125,0.0,0.6925448179244995,1.8721352815628052,12.0,12.0,Rectangle
63.0,22.0,0.3492063581943512,0.5937514305114746,0.939393937587738,1.0,166.0,1302.0,4.0,4.0,4.0,0.939393937587738,0.386872261762619,0.0794677734375,0.0,0.5618414282798767,1.3238605260849,0.0,0.0,Rectangle
51.0,21.0,0.4117647111415863,0.6411413550376892,0.9337068200111389,1.0,140.0,1000.0,4.0,4.0,4.0,0.9337068200111389,0.43904492259025574,0.06103515625,0.0,0.6167832612991333,1.5139238834381104,12.0,12.0,Rectangle
57.0,19.0,0.3333333432674408,0.5782917141914368,0.930747926235199,1.0,148.0,1008.0,4.0,4.0,4.0,0.930747926235199,0.37092968821525574,0.0615234375,0.0,0.5435656905174255,1.2672529220581055,0.0,0.0,Rectangle
17.0,60.0,0.28333333134651184,0.5272290706634521,0.9254902005195618,1.0,150.0,944.0,4.0,4.0,4.0,0.9254902005195618,0.32162973284721375,0.0576171875,0.0,0.4816301465034485,1.0912470817565918,12.0,12.0,Rectangle
16.0,46.0,0.3478260934352875,0.5890486240386963,0.917119562625885,1.0,120.0,675.0,4.0,4.0,4.0,0.917119562625885,0.3819686472415924,0.04119873046875,0.0,0.5563024878501892,1.3064249753952026,0.0,0.0,Rectangle
56.0,23.0,0.4107142984867096,0.6411413550376892,0.9394409656524658,1.0,154.0,1210.0,4.0,4.0,4.0,0.9394409656524658,0.4390451908111572,0.0738525390625,0.0,0.6167832612991333,1.5139238834381104,12.0,12.0,Rectangle
25.0,61.0,0.4098360538482666,0.6411413550376892,0.9442622661590576,1.0,168.0,1440.0,4.0,4.0,4.0,0.9442622661590576,0.43904539942741394,0.087890625,0.0,0.6167832612991333,1.5139238834381104,0.0,0.0,Rectangle
61.0,18.0,0.2950819730758667,0.5404662489891052,0.9289617538452148,1.0,154.0,1020.0,4.0,4.0,4.0,0.9289617538452148,0.33394089341163635,0.062255859375,0.0,0.4979434609413147,1.1356444358825684,0.0,0.0,Rectangle
47.0,24.0,0.5106382966041565,0.6981316804885864,0.9379432797431946,1.0,138.0,1058.0,4.0,4.0,4.0,0.9379432797431946,0.50929194688797,0.0645751953125,0.0,0.6812412142753601,1.8061800003051758,12.0,12.0,Rectangle
18.0,57.0,0.31578946113586426,0.5612303018569946,0.9278752207756042,1.0,146.0,952.0,4.0,4.0,4.0,0.9278752207756042,0.3539024591445923,0.05810546875,0.0,0.5231575965881348,1.2068614959716797,12.0,12.0,Rectangle
44.0,22.0,0.5,0.6925923228263855,0.932851254940033,1.0,128.0,903.0,4.0,4.0,4.0,0.932851254940033,0.5020636916160583,0.05511474609375,0.0,0.6750335097312927,1.7725327014923096,0.0,0.0,Rectangle
55.0,20.0,0.3636363744735718,0.6048553586006165,0.9327272772789001,1.0,146.0,1026.0,4.0,4.0,4.0,0.9327272772789001,0.3986373841762543,0.0626220703125,0.0,0.5748521685600281,1.3658753633499146,0.0,0.0,Rectangle
57.0,24.0,0.42105263471603394,0.6483530402183533,0.9415204524993896,1.0,158.0,1288.0,4.0,4.0,4.0,0.9415204524993896,0.4474548101425171,0.07861328125,0.0,0.6250231266021729,1.5459121465682983,12.0,12.0,Rectangle
60.0,17.0,0.28333333134651184,0.5272290706634521,0.9254902005195618,1.0,150.0,944.0,4.0,4.0,4.0,0.9254902005195618,0.32162973284721375,0.0576171875,0.0,0.4816301465034485,1.0912470817565918,12.0,12.0,Rectangle
57.0,18.0,0.31578946113586426,0.5612303018569946,0.9278752207756042,1.0,146.0,952.0,4.0,4.0,4.0,0.9278752207756042,0.3539024591445923,0.05810546875,0.0,0.5231575965881348,1.2068614959716797,12.0,12.0,Rectangle
61.0,25.0,0.4098360538482666,0.6411413550376892,0.9442622661590576,1.0,168.0,1440.0,4.0,4.0,4.0,0.9442622661590576,0.43904539942741394,0.087890625,0.0,0.6167832612991333,1.5139238834381104,0.0,0.0,Rectangle
54.0,21.0,0.3888888955116272,0.6248992681503296,0.9347442388534546,1.0,146.0,1060.0,4.0,4.0,4.0,0.9347442388534546,0.42057475447654724,0.064697265625,0.0,0.5981174111366272,1.445300579071045,12.0,12.0,Rectangle
24.0,46.0,0.52173912525177,0.7031895518302917,0.9375,1.0,136.0,1035.0,4.0,4.0,4.0,0.9375,0.5159720778465271,0.06317138671875,0.0,0.6869006752967834,1.838379979133606,0.0,0.0,Rectangle
16.0,46.0,0.3478260934352875,0.5890486240386963,0.917119562625885,1.0,120.0,675.0,4.0,4.0,4.0,0.917119562625885,0.3819686472415924,0.04119873046875,0.0,0.5563024878501892,1.3064249753952026,0.0,0.0,Rectangle
22.0,58.0,0.37931033968925476,0.6180943846702576,0.9380877614021301,1.0,156.0,1197.0,4.0,4.0,4.0,0.9380877614021301,0.41302379965782166,0.07305908203125,0.0,0.5902490019798279,1.4177565574645996,0.0,0.0,Rectangle
21.0,51.0,0.4117647111415863,0.6411413550376892,0.9337068200111389,1.0,140.0,1000.0,4.0,4.0,4.0,0.9337068200111389,0.43904492259025574,0.06103515625,0.0,0.6167832612991333,1.5139238834381104,12.0,12.0,Rectangle
17.0,62.0,0.27419355511665344,0.5171520113945007,0.9259961843490601,1.0,154.0,976.0,4.0,4.0,4.0,0.9259961843490601,0.3124651610851288,0.0595703125,0.0,0.469075471162796,1.0578556060791016,12.0,12.0,Rectangle
23.0,47.0,0.4893617033958435,0.6875631213188171,0.936170220375061,1.0,136.0,1012.0,4.0,4.0,4.0,0.936170220375061,0.49558013677597046,0.061767578125,0.0,0.6693884134292603,1.7432831525802612,12.0,12.0,Rectangle
54.0,17.0,0.31481480598449707,0.5595611333847046,0.9237473011016846,1.0,138.0,848.0,4.0,4.0,4.0,0.9237473011016846,0.3522673547267914,0.0517578125,0.0,0.5211465954780579,1.2010525465011597,12.0,12.0,Rectangle
43.0,15.0,0.3488371968269348,0.5890486240386963,0.9116278886795044,1.0,112.0,588.0,4.0,4.0,4.0,0.9116278886795044,0.3819684088230133,0.035888671875,0.0,0.5563024878501892,1.3064249753952026,0.0,0.0,Rectangle
50.0,21.0,0.41999998688697815,0.6466626524925232,0.9333333373069763,1.0,138.0,980.0,4.0,4.0,4.0,0.9333333373069763,0.4454714357852936,0.059814453125,0.0,0.6230942010879517,1.5383204221725464,12.0,12.0,Rectangle
52.0,23.0,0.4423076808452606,0.6614499688148499,0.9381271004676819,1.0,146.0,1122.0,4.0,4.0,4.0,0.9381271004676819,0.463067889213562,0.0684814453125,0.0,0.6399189233779907,1.606906533241272,12.0,12.0,Rectangle
21.0,56.0,0.375,0.6143559217453003,0.9353741407394409,1.0,150.0,1100.0,4.0,4.0,4.0,0.9353741407394409,0.40892088413238525,0.067138671875,0.0,0.585913360118866,1.4028892517089844,12.0,12.0,Rectangle
15.0,58.0,0.2586206793785095,0.49732017517089844,0.9172413945198059,1.0,142.0,798.0,4.0,4.0,4.0,0.9172413945198059,0.2949312925338745,0.0487060546875,0.0,0.4439949095249176,0.9929146766662598,0.0,0.0,Rectangle
25.0,59.0,0.4237288236618042,0.6503713726997375,0.9437288045883179,1.0,164.0,1392.0,4.0,4.0,4.0,0.9437288045883179,0.449832022190094,0.0849609375,0.0,0.6273242831230164,1.5550553798675537,0.0,0.0,Rectangle
16.0,48.0,0.3333333432674408,0.5761765837669373,0.91796875,1.0,124.0,705.0,4.0,4.0,4.0,0.91796875,0.36878660321235657,0.04302978515625,0.0,0.5410497784614563,1.259657382965088,12.0,12.0,Rectangle
51.0,24.0,0.47058823704719543,0.677956759929657,0.9395424723625183,1.0,146.0,1150.0,4.0,4.0,4.0,0.9395424723625183,0.48339879512786865,0.0701904296875,0.0,0.6585798263549805,1.690384864807129,12.0,12.0,Rectangle
21.0,54.0,0.3888888955116272,0.6248992681503296,0.9347442388534546,1.0,146.0,1060.0,4.0,4.0,4.0,0.9347442388534546,0.42057475447654724,0.064697265625,0.0,0.5981174111366272,1.445300579071045,12.0,12.0,Rectangle
21.0,62.0,0.33870968222618103,0.5841705799102783,0.937019944190979,1.0,162.0,1220.0,4.0,4.0,4.0,0.937019944190979,0.37693342566490173,0.074462890625,0.0,0.5505384802818298,1.2885444164276123,12.0,12.0,Rectangle
52.0,23.0,0.4423076808452606,0.6614499688148499,0.9381271004676819,1.0,146.0,1122.0,4.0,4.0,4.0,0.9381271004676819,0.463067889213562,0.0684814453125,0.0,0.6399189233779907,1.606906533241272,12.0,12.0,Rectangle
46.0,17.0,0.3695652186870575,0.607886791229248,0.9207161068916321,1.0,122.0,720.0,4.0,4.0,4.0,0.9207161068916321,0.40189602971076965,0.0439453125,0.0,0.5783884525299072,1.3775718212127686,0.0,0.0,Rectangle
50.0,19.0,0.3799999952316284,0.6172609925270081,0.9284210801124573,1.0,134.0,882.0,4.0,4.0,4.0,0.9284210801124573,0.4121059477329254,0.0538330078125,0.0,0.5892833471298218,1.4144266843795776,0.0,0.0,Rectangle
24.0,48.0,0.5,0.6930738091468811,0.9383680820465088,1.0,140.0,1081.0,4.0,4.0,4.0,0.9383680820465088,0.5026886463165283,0.06597900390625,0.0,0.675573468208313,1.7753952741622925,12.0,12.0,Rectangle
55.0,20.0,0.3636363744735718,0.6048553586006165,0.9327272772789001,1.0,146.0,1026.0,4.0,4.0,4.0,0.9327272772789001,0.3986373841762543,0.0626220703125,0.0,0.5748521685600281,1.3658753633499146,0.0,0.0,Rectangle
52.0,18.0,0.3461538553237915,0.5890486240386963,0.9262820482254028,1.0,136.0,867.0,4.0,4.0,4.0,0.9262820482254028,0.38196903467178345,0.05291748046875,0.0,0.5563024878501892,1.3064249753952026,0.0,0.0,Rectangle
24.0,44.0,0.5454545617103577,0.7132771015167236,0.9365530014038086,1.0,132.0,989.0,4.0,4.0,4.0,0.9365530014038086,0.5295305848121643,0.06036376953125,0.0,0.6981657147407532,1.9076071977615356,12.0,12.0,Rectangle
21.0,45.0,0.46666666865348816,0.6749515533447266,0.9312169551849365,1.0,128.0,880.0,4.0,4.0,4.0,0.9312169551849365,0.4796411097049713,0.0537109375,0.0,0.6551910638809204,1.674545407295227,12.0,12.0,Rectangle
55.0,21.0,0.38181817531585693,0.6195982694625854,0.9350649118423462,1.0,148.0,1080.0,4.0,4.0,4.0,0.9350649118423462,0.41468310356140137,0.06591796875,0.0,0.5919904708862305,1.4237887859344482,0.0,0.0,Rectangle
19.0,49.0,0.3877550959587097,0.6231257915496826,0.9280343651771545,1.0,132.0,864.0,4.0,4.0,4.0,0.9280343651771545,0.4185960590839386,0.052734375,0.0,0.5960696339607239,1.4380595684051514,0.0,0.0,Rectangle
45.0,23.0,0.5111111402511597,0.6981316804885864,0.9352657198905945,1.0,132.0,968.0,4.0,4.0,4.0,0.9352657198905945,0.5092917084693909,0.05908203125,0.0,0.6812412142753601,1.8061800003051758,12.0,12.0,Rectangle
48.0,25.0,0.5208333134651184,0.7029788494110107,0.9399999976158142,1.0,142.0,1128.0,4.0,4.0,4.0,0.9399999976158142,0.5156924724578857,0.06884765625,0.0,0.6866651177406311,1.8370083570480347,0.0,0.0,Rectangle
54.0,23.0,0.42592594027519226,0.6512172222137451,0.9388083815574646,1.0,150.0,1166.0,4.0,4.0,4.0,0.9388083815574646,0.45083117485046387,0.0711669921875,0.0,0.6282880902290344,1.5589137077331543,12.0,12.0,Rectangle
48.0,15.0,0.3125,0.5555409789085388,0.9138888716697693,1.0,122.0,658.0,4.0,4.0,4.0,0.9138888716697693,0.34835129976272583,0.0401611328125,0.0,0.5162920355796814,1.1871267557144165,12.0,12.0,Rectangle
49.0,23.0,0.4693877696990967,0.6770452857017517,0.9370008707046509,1.0,140.0,1056.0,4.0,4.0,4.0,0.9370008707046509,0.4822564423084259,0.064453125,0.0,0.6575524210929871,1.6855475902557373,0.0,0.0,Rectangle
54.0,22.0,0.40740740299224854,0.638530433177948,0.9368686676025391,1.0,148.0,1113.0,4.0,4.0,4.0,0.9368686676025391,0.43603256344795227,0.06793212890625,0.0,0.6137930750846863,1.502589464187622,0.0,0.0,Rectangle
62.0,15.0,0.24193547666072845,0.4769635796546936,0.9182795882225037,1.0,150.0,854.0,4.0,4.0,4.0,0.9182795882225037,0.27759501338005066,0.0521240234375,0.0,0.41768553853034973,0.9269599914550781,12.0,12.0,Rectangle
43.0,25.0,0.5813953280448914,0.7269800901412964,0.9376744031906128,1.0,132.0,1008.0,4.0,4.0,4.0,0.9376744031906128,0.5484679341316223,0.0615234375,0.0,0.7134259343147278,2.015650749206543,0.0,0.0,Rectangle
51.0,16.0,0.3137255012989044,0.5576791763305664,0.9191176295280457,1.0,130.0,750.0,4.0,4.0,4.0,0.9191176295280457,0.3504302203655243,0.0457763671875,0.0,0.5188760161399841,1.1945222616195679,0.0,0.0,Rectangle
54.0,16.0,0.29629629850387573,0.5401310920715332,0.9201388955116272,1.0,136.0,795.0,4.0,4.0,4.0,0.9201388955116272,0.3336249887943268,0.04852294921875,0.0,0.49753278493881226,1.1345117092132568,0.0,0.0,Rectangle
52.0,21.0,0.4038461446762085,0.635672390460968,0.9340659379959106,1.0,142.0,1020.0,4.0,4.0,4.0,0.9340659379959106,0.4327540695667267,0.062255859375,0.0,0.6105154156684875,1.4903227090835571,0.0,0.0,Rectangle
17.0,45.0,0.3777777850627899,0.6143559217453003,0.9202614426612854,1.0,120.0,704.0,4.0,4.0,4.0,0.9202614426612854,0.40892019867897034,0.04296875,0.0,0.585913360118866,1.4028892517089844,12.0,12.0,Rectangle
43.0,23.0,0.5348837375640869,0.708699107170105,0.9342770576477051,1.0,128.0,924.0,4.0,4.0,4.0,0.9342770576477051,0.5233378410339355,0.056396484375,0.0,0.6930568814277649,1.8752864599227905,0.0,0.0,Rectangle
48.0,18.0,0.375,0.612825334072113,0.9247685074806213,1.0,128.0,799.0,4.0,4.0,4.0,0.9247685074806213,0.40724992752075195,0.04876708984375,0.0,0.5841355919837952,1.3968535661697388,12.0,12.0,Rectangle
61.0,16.0,0.26229506731033325,0.5026548504829407,0.9221311211585999,1.0,150.0,900.0,4.0,4.0,4.0,0.9221311211585999,0.2995838522911072,0.054931640625,0.0,0.4507923126220703,1.0102999210357666,0.0,0.0,Rectangle
18.0,47.0,0.38297873735427856,0.6189784407615662,0.9243499040603638,1.0,126.0,782.0,4.0,4.0,4.0,0.9243499040603638,0.4139980375766754,0.0477294921875,0.0,0.5912728905677795,1.421298861503601,12.0,12.0,Rectangle
24.0,60.0,0.4000000059604645,0.63401859998703,0.9423611164093018,1.0,164.0,1357.0,4.0,4.0,4.0,0.9423611164093018,0.43086662888526917,0.08282470703125,0.0,0.6086167097091675,1.4832894802093506,12.0,12.0,Rectangle
63.0,20.0,0.3174603283405304,0.5640597939491272,0.934920608997345,1.0,162.0,1178.0,4.0,4.0,4.0,0.934920608997345,0.3566865921020508,0.0718994140625,0.0,0.5265605449676514,1.2167460918426514,12.0,12.0,Rectangle
63.0,24.0,0.380952388048172,0.6200569272041321,0.9431216716766357,1.0,170.0,1426.0,4.0,4.0,4.0,0.9431216716766357,0.4151906371116638,0.0870361328125,0.0,0.5925213098526001,1.425634503364563,12.0,12.0,Rectangle
51.0,23.0,0.45098039507865906,0.666618824005127,0.937766432762146,1.0,144.0,1100.0,4.0,4.0,4.0,0.937766432762146,0.4693543612957001,0.067138671875,0.0,0.6457751393318176,1.632166862487793,12.0,12.0,Rectangle
59.0,20.0,0.33898305892944336,0.5839155316352844,0.9338983297348022,1.0,154.0,1102.0,4.0,4.0,4.0,0.9338983297348022,0.37667134404182434,0.0672607421875,0.0,0.5502365827560425,1.2876150608062744,12.0,12.0,Rectangle
55.0,20.0,0.3636363744735718,0.6048553586006165,0.9327272772789001,1.0,146.0,1026.0,4.0,4.0,4.0,0.9327272772789001,0.3986373841762543,0.0626220703125,0.0,0.5748521685600281,1.3658753633499146,0.0,0.0,Rectangle
47.0,22.0,0.4680851101875305,0.6760478019714355,0.9342359900474548,1.0,134.0,966.0,4.0,4.0,4.0,0.9342359900474548,0.4810088872909546,0.0589599609375,0.0,0.6564276218414307,1.6802871227264404,12.0,12.0,Rectangle
17.0,55.0,0.30909091234207153,0.5539461374282837,0.9240641593933105,1.0,140.0,864.0,4.0,4.0,4.0,0.9240641593933105,0.3468068242073059,0.052734375,0.0,0.5143617987632751,1.1816266775131226,0.0,0.0,Rectangle
19.0,48.0,0.3958333432674408,0.6290621161460876,0.9276315569877625,1.0,130.0,846.0,4.0,4.0,4.0,0.9276315569877625,0.42524757981300354,0.0516357421875,0.0,0.602916419506073,1.4624805450439453,0.0,0.0,Rectangle
44.0,25.0,0.5681818127632141,0.7222374081611633,0.9381818175315857,1.0,134.0,1032.0,4.0,4.0,4.0,0.9381818175315857,0.541844367980957,0.06298828125,0.0,0.7081491947174072,1.9760650396347046,0.0,0.0,Rectangle
17.0,59.0,0.2881355881690979,0.5323955416679382,0.9252243041992188,1.0,148.0,928.0,4.0,4.0,4.0,0.9252243041992188,0.3263973891735077,0.056640625,0.0,0.488020658493042,1.1084964275360107,12.0,12.0,Rectangle
45.0,16.0,0.35555556416511536,0.5956481099128723,0.9166666865348816,1.0,118.0,660.0,4.0,4.0,4.0,0.9166666865348816,0.38886207342147827,0.040283203125,0.0,0.5640704035758972,1.330950379371643,0.0,0.0,Rectangle
55.0,20.0,0.3636363744735718,0.6048553586006165,0.9327272772789001,1.0,146.0,1026.0,4.0,4.0,4.0,0.9327272772789001,0.3986373841762543,0.0626220703125,0.0,0.5748521685600281,1.3658753633499146,0.0,0.0,Rectangle
59.0,18.0,0.3050847351551056,0.5506862998008728,0.9284369349479675,1.0,150.0,986.0,4.0,4.0,4.0,0.9284369349479675,0.34366437792778015,0.0601806640625,0.0,0.5104084610939026,1.1704261302947998,12.0,12.0,Rectangle
16.0,58.0,0.27586206793785095,0.5181446075439453,0.9213362336158752,1.0,144.0,855.0,4.0,4.0,4.0,0.9213362336158752,0.31335997581481934,0.05218505859375,0.0,0.470317542552948,1.0611311197280884,0.0,0.0,Rectangle
51.0,24.0,0.47058823704719543,0.677956759929657,0.9395424723625183,1.0,146.0,1150.0,4.0,4.0,4.0,0.9395424723625183,0.48339879512786865,0.0701904296875,0.0,0.6585798263549805,1.690384864807129,12.0,12.0,Rectangle
19.0,51.0,0.37254902720451355,0.6114691495895386,0.9287925958633423,1.0,136.0,900.0,4.0,4.0,4.0,0.9287925958633423,0.40577447414398193,0.054931640625,0.0,0.5825590491294861,1.3915296792984009,0.0,0.0,Rectangle
19.0,57.0,0.3333333432674408,0.5782917141914368,0.930747926235199,1.0,148.0,1008.0,4.0,4.0,4.0,0.930747926235199,0.37092968821525574,0.0615234375,0.0,0.5435656905174255,1.2672529220581055,0.0,0.0,Rectangle
56.0,25.0,0.4464285671710968,0.6644611954689026,0.9428571462631226,1.0,158.0,1320.0,4.0,4.0,4.0,0.9428571462631226,0.4667218029499054,0.08056640625,0.0,0.6433320641517639,1.6215327978134155,0.0,0.0,Rectangle
21.0,61.0,0.3442623019218445,0.5890486240386963,0.9367681741714478,1.0,160.0,1200.0,4.0,4.0,4.0,0.9367681741714478,0.38196948170661926,0.0732421875,0.0,0.5563024878501892,1.3064249753952026,12.0,12.0,Rectangle
22.0,43.0,0.5116279125213623,0.6981316804885864,0.9323467016220093,1.0,126.0,882.0,4.0,4.0,4.0,0.9323467016220093,0.5092915296554565,0.0538330078125,0.0,0.6812412142753601,1.8061800003051758,0.0,0.0,Rectangle
53.0,23.0,0.43396225571632385,0.6563152074813843,0.938474178314209,1.0,148.0,1144.0,4.0,4.0,4.0,0.938474178314209,0.45689329504966736,0.06982421875,0.0,0.634088933467865,1.5825085639953613,12.0,12.0,Rectangle
22.0,49.0,0.44897958636283875,0.6651387214660645,0.9350649118423462,1.0,138.0,1008.0,4.0,4.0,4.0,0.9350649118423462,0.4675467610359192,0.0615234375,0.0,0.6440994143486023,1.6248579025268555,0.0,0.0,Rectangle
53.0,21.0,0.3962264060974121,0.630257785320282,0.9344115257263184,1.0,144.0,1040.0,4.0,4.0,4.0,0.9344115257263184,0.42659783363342285,0.0634765625,0.0,0.6042928695678711,1.4674642086029053,12.0,12.0,Rectangle
20.0,47.0,0.42553192377090454,0.6498821377754211,0.9297872185707092,1.0,130.0,874.0,4.0,4.0,4.0,0.9297872185707092,0.4492540955543518,0.0533447265625,0.0,0.6267666816711426,1.5528311729431152,12.0,12.0,Rectangle
91.0,76.0,0.8351648449897766,0.566286027431488,0.5052053332328796,0.9828410744667053,278.4508056640625,3494.0,3.0,3.0,3.0,0.5052053332328796,0.4242234230041504,0.2132568359375,0.7881680130958557,0.7138338088989258,3.4062557220458984,2.3407578468322754,4.865506172180176,Triangle
98.0,76.0,0.7755101919174194,0.5681973099708557,0.5047664046287537,0.9822338223457336,288.35028076171875,3759.5,3.0,3.0,3.0,0.5047664046287537,0.42257797718048096,0.229461669921875,0.7245011925697327,0.7126517295837402,3.2356667518615723,2.338707685470581,4.779030799865723,Triangle
92.0,66.0,0.717391312122345,0.5765882134437561,0.5102931261062622,0.9824032783508301,259.8650207519531,3098.5,3.0,3.0,3.0,0.5102931261062622,0.4133143723011017,0.189117431640625,0.7131665945053101,0.7017017602920532,2.5832319259643555,2.3245911598205566,4.032968044281006,Triangle
90.0,94.0,0.957446813583374,0.553799569606781,0.5104609727859497,0.9824820756912231,313.0365905761719,4318.5,3.0,3.0,3.0,0.5104609727859497,0.41734370589256287,0.263580322265625,0.8667722940444946,0.7073195576667786,2.8021342754364014,2.3325858116149902,4.282076358795166,Triangle
96.0,23.0,0.2395833283662796,0.3222428858280182,0.5149456262588501,0.9722103476524353,210.56854248046875,1137.0,3.0,3.0,3.0,0.5149456262588501,0.16033528745174408,0.06939697265625,0.889443576335907,0.39078474044799805,0.8893288373947144,1.9694643020629883,2.7417685985565186,Triangle
69.0,64.0,0.9275362491607666,0.572138786315918,0.514266312122345,0.9776151776313782,223.3380889892578,2271.0,3.0,3.0,3.0,0.514266312122345,0.3887462615966797,0.13861083984375,0.8646894693374634,0.6856719851493835,2.243541955947876,2.309776544570923,3.9172446727752686,Triangle
55.0,72.0,0.7638888955116272,0.531883180141449,0.5151515007019043,0.9705042839050293,219.5391082763672,2040.0,3.0,3.0,3.0,0.5151515007019043,0.39236563444137573,0.12451171875,0.9175484776496887,0.6818755865097046,2.187868595123291,2.292083263397217,3.537546157836914,Triangle
108.0,90.0,0.8333333134651184,0.5665640234947205,0.5066357851028442,0.9874674081802368,330.492431640625,4924.5,3.0,3.0,3.0,0.5066357851028442,0.42301928997039795,0.300567626953125,0.7835670113563538,0.7133604288101196,3.3178601264953613,2.3402252197265625,4.7819366455078125,Triangle
99.0,87.0,0.8787878751754761,0.5715634226799011,0.5152095556259155,0.9827261567115784,312.35028076171875,4437.5,3.0,3.0,3.0,0.5152095556259155,0.40722137689590454,0.270843505859375,0.8332340121269226,0.7002534866333008,2.536149263381958,2.3254592418670654,4.099567413330078,Triangle
74.0,65.0,0.8783783912658691,0.5749949216842651,0.5138253569602966,0.979005753993988,232.40916442871094,2471.5,3.0,3.0,3.0,0.5138253569602966,0.4246322810649872,0.150848388671875,0.8213403224945068,0.7101790904998779,2.930162191390991,2.34092378616333,4.4664764404296875,Triangle
72.0,35.0,0.4861111044883728,0.4964835047721863,0.5186507701873779,0.9771962761878967,181.8822479248047,1307.0,3.0,3.0,3.0,0.5186507701873779,0.32585635781288147,0.07977294921875,0.4030503034591675,0.6093524098396301,1.6226601600646973,2.1618120670318604,2.8845443725585938,Triangle
91.0,38.0,0.4175824224948883,0.4576813280582428,0.5153267979621887,0.9761708974838257,221.19595336914062,1782.0,3.0,3.0,3.0,0.5153267979621887,0.27997320890426636,0.1087646484375,0.3656447231769562,0.5729902982711792,1.4589786529541016,2.0927958488464355,2.711766242980957,Triangle
80.0,79.0,0.987500011920929,0.5618038773536682,0.5114715099334717,0.9798423647880554,268.8944396972656,3232.5,3.0,3.0,3.0,0.5114715099334717,0.40849030017852783,0.197296142578125,0.8619505763053894,0.7026275396347046,2.6079301834106445,2.329202651977539,4.229209899902344,Triangle
78.0,70.0,0.8974359035491943,0.564332127571106,0.5061355233192444,0.9794435501098633,248.06600952148438,2763.5,3.0,3.0,3.0,0.5061355233192444,0.4296155273914337,0.168670654296875,0.8122259378433228,0.7161940336227417,4.678142070770264,2.3456883430480957,6.117598056793213,Triangle
105.0,69.0,0.6571428775787354,0.5735886096954346,0.5090407133102417,0.9841227531433105,284.2497863769531,3688.0,3.0,3.0,3.0,0.5090407133102417,0.403291791677475,0.22509765625,0.6113224625587463,0.6970202922821045,2.462294816970825,2.319366216659546,4.064534664154053,Triangle
95.0,71.0,0.7473683953285217,0.5696554183959961,0.5049666166305542,0.9835402965545654,274.1076354980469,3406.0,3.0,3.0,3.0,0.5049666166305542,0.4188506305217743,0.2078857421875,0.707978367805481,0.7096033692359924,2.9470770359039307,2.3347854614257812,4.475696086883545,Triangle
90.0,100.0,0.8999999761581421,0.5461349487304688,0.5101666450500488,0.9809849262237549,325.0365905761719,4591.5,3.0,3.0,3.0,0.5101666450500488,0.40031498670578003,0.280242919921875,0.8847049474716187,0.6969330906867981,2.4615249633789062,2.3170151710510254,3.9647414684295654,Triangle
69.0,95.0,0.7263157963752747,0.5178248286247253,0.5118230581283569,0.9755743145942688,285.3381042480469,3355.0,3.0,3.0,3.0,0.5118230581283569,0.37752917408943176,0.20477294921875,0.9250186681747437,0.6723693013191223,2.0789384841918945,2.2704927921295166,3.3978445529937744,Triangle
74.0,74.0,1.0,0.562838613986969,0.5128743648529053,0.9876912236213684,250.40916442871094,2808.5,3.0,3.0,3.0,0.5128743648529053,0.42928022146224976,0.171417236328125,0.8560309410095215,0.7123955488204956,3.123140335083008,2.3426051139831543,4.590343952178955,Triangle
83.0,61.0,0.7349397540092468,0.550571620464325,0.5134307742118835,0.977990984916687,243.5807342529297,2599.5,3.0,3.0,3.0,0.5134307742118835,0.3705756962299347,0.158660888671875,0.7916637063026428,0.6682817339897156,2.035534620285034,2.271212339401245,3.4466233253479004,Triangle
78.0,90.0,0.8666666746139526,0.5437268018722534,0.5114672183990479,0.9808769226074219,288.0660095214844,3590.5,3.0,3.0,3.0,0.5114672183990479,0.3916480839252472,0.219146728515625,0.8983124494552612,0.6896366477012634,2.312868356704712,2.3069310188293457,3.809250831604004,Triangle
102.0,46.0,0.45098039507865906,0.4854460060596466,0.5138533711433411,0.9802805185317993,249.82337951660156,2411.0,3.0,3.0,3.0,0.5138533711433411,0.3008102476596832,0.14715576171875,0.29046788811683655,0.6051075458526611,1.6047166585922241,2.166776180267334,2.966456174850464,Triangle
82.0,52.0,0.6341463327407837,0.5721311569213867,0.5116088390350342,0.9815523028373718,218.89443969726562,2181.5,3.0,3.0,3.0,0.5116088390350342,0.39450064301490784,0.133148193359375,0.6440967917442322,0.6848771572113037,2.232130289077759,2.2999038696289062,3.6761085987091064,Triangle
78.0,78.0,1.0,0.5616321563720703,0.512245237827301,0.979261577129364,264.0660095214844,3116.5,3.0,3.0,3.0,0.512245237827301,0.42692258954048157,0.190216064453125,0.8550300598144531,0.711796760559082,3.0773422718048096,2.3411459922790527,4.559253692626953,Triangle
52.0,31.0,0.5961538553237915,0.531927227973938,0.5257444381713867,0.9702346920967102,141.49746704101562,847.5,3.0,3.0,3.0,0.5257444381713867,0.3608417510986328,0.051727294921875,0.7649394273757935,0.6332454681396484,1.74991774559021,2.21748948097229,3.0327062606811523,Triangle
76.0,57.0,0.75,0.5832992196083069,0.5177747011184692,0.9835562109947205,219.82337951660156,2243.0,3.0,3.0,3.0,0.5177747011184692,0.42595621943473816,0.13690185546875,0.748346209526062,0.707180917263031,2.7490975856781006,2.3384170532226562,4.195135593414307,Triangle
67.0,87.0,0.7701149582862854,0.5286454558372498,0.5126093626022339,0.974877655506134,266.5096740722656,2988.0,3.0,3.0,3.0,0.5126093626022339,0.38973096013069153,0.182373046875,0.915208637714386,0.6821764707565308,2.197047472000122,2.2898404598236084,3.546036958694458,Triangle
68.0,86.0,0.7906976938247681,0.5307105183601379,0.5106874108314514,0.9753429293632507,265.92388916015625,2986.5,3.0,3.0,3.0,0.5106874108314514,0.3637276589870453,0.182281494140625,0.9212028384208679,0.664727509021759,2.0027809143066406,2.268040180206299,3.4633262157440186,Triangle
55.0,39.0,0.7090908885002136,0.5810297727584839,0.5081585049629211,0.9714794754981995,153.5391082763672,1090.0,3.0,3.0,3.0,0.5081585049629211,0.42427724599838257,0.0665283203125,0.692307710647583,0.7063837051391602,2.732152223587036,2.3370158672332764,4.3520050048828125,Triangle
98.0,67.0,0.6836734414100647,0.5784264206886292,0.5168291330337524,0.9872000217437744,271.5218505859375,3393.5,3.0,3.0,3.0,0.5168291330337524,0.4032878875732422,0.207122802734375,0.7178605198860168,0.6908608675003052,2.3272674083709717,2.308588743209839,3.721519708633423,Triangle
79.0,55.0,0.6962025165557861,0.5737525224685669,0.5197928547859192,0.980464518070221,222.40916442871094,2258.5,3.0,3.0,3.0,0.5197928547859192,0.40000268816947937,0.137847900390625,0.7503688335418701,0.6864914298057556,2.24678111076355,2.3021857738494873,3.5978925228118896,Triangle
62.0,61.0,0.9838709831237793,0.5690247416496277,0.515203595161438,0.973763108253479,207.4385986328125,1948.5,3.0,3.0,3.0,0.515203595161438,0.3934788107872009,0.118927001953125,0.8782061338424683,0.6882339715957642,2.281994104385376,2.314103603363037,3.9713573455810547,Triangle
107.0,55.0,0.514018714427948,0.517547070980072,0.5087510347366333,0.9838974475860596,269.62237548828125,2994.0,3.0,3.0,3.0,0.5087510347366333,0.33701950311660767,0.1827392578125,0.27684512734413147,0.6433547139167786,1.8299438953399658,2.2312843799591064,3.2500972747802734,Triangle
80.0,54.0,0.675000011920929,0.5797368884086609,0.5116898417472839,0.9793974161148071,218.89443969726562,2210.5,3.0,3.0,3.0,0.5116898417472839,0.4134639501571655,0.134918212890625,0.6501255631446838,0.7005150318145752,2.5401532649993896,2.327699899673462,4.162127494812012,Triangle
72.0,38.0,0.5277777910232544,0.571776807308197,0.519554078578949,0.9813600182533264,176.75230407714844,1421.5,3.0,3.0,3.0,0.519554078578949,0.35827574133872986,0.086761474609375,0.47541990876197815,0.6586198210716248,1.9353677034378052,2.284750461578369,3.666792154312134,Triangle
74.0,64.0,0.8648648858070374,0.5760255455970764,0.5138302445411682,0.9784881472587585,230.40916442871094,2433.5,3.0,3.0,3.0,0.5138302445411682,0.4285356104373932,0.148529052734375,0.8132898211479187,0.7123196721076965,3.102315902709961,2.3435168266296387,4.612164497375488,Triangle
68.0,35.0,0.5147058963775635,0.5359762907028198,0.5130252242088318,0.9760192036628723,169.19595336914062,1221.0,3.0,3.0,3.0,0.5130252242088318,0.345293790102005,0.07452392578125,0.2688825726509094,0.6474121809005737,1.8535189628601074,2.253998279571533,3.3924758434295654,Triangle
68.0,100.0,0.6800000071525574,0.5062695145606995,0.5118382573127747,0.9752031564712524,293.92388916015625,3480.5,3.0,3.0,3.0,0.5118382573127747,0.36104902625083923,0.212432861328125,0.9344140291213989,0.6582549810409546,1.9445915222167969,2.2432401180267334,3.2392966747283936,Triangle
107.0,71.0,0.663551390171051,0.573392927646637,0.5088850855827332,0.9844664931297302,291.0782165527344,3866.0,3.0,3.0,3.0,0.5088850855827332,0.40559712052345276,0.2359619140625,0.6198527216911316,0.6987724900245667,2.5059986114501953,2.322244167327881,4.141025066375732,Triangle
84.0,82.0,0.976190447807312,0.5625479817390442,0.5115417838096619,0.980793297290802,280.5513000488281,3523.5,3.0,3.0,3.0,0.5115417838096619,0.42776966094970703,0.215057373046875,0.8414595723152161,0.7130478024482727,3.220663547515869,2.342588186264038,4.729069232940674,Triangle
86.0,63.0,0.7325581312179565,0.5777993202209473,0.5109819173812866,0.9806942939758301,245.37973022460938,2768.5,3.0,3.0,3.0,0.5109819173812866,0.42135751247406006,0.168975830078125,0.7091917991638184,0.7068190574645996,2.7676713466644287,2.333828926086426,4.281301498413086,Triangle
61.0,54.0,0.8852459192276001,0.5796974897384644,0.5163934230804443,0.9801210165023804,192.02438354492188,1701.0,3.0,3.0,3.0,0.5163934230804443,0.4391648471355438,0.10382080078125,0.8188703656196594,0.7163580656051636,3.725773334503174,2.3529891967773438,5.249502658843994,Triangle
66.0,57.0,0.8636363744735718,0.5794121623039246,0.5155502557754517,0.9768320322036743,205.095458984375,1939.5,3.0,3.0,3.0,0.5155502557754517,0.4347690939903259,0.118377685546875,0.8079802393913269,0.7145837545394897,3.3279004096984863,2.3496053218841553,4.83582067489624,Triangle
84.0,50.0,0.5952380895614624,0.5816317200660706,0.516785740852356,0.983016312122345,216.55130004882812,2170.5,3.0,3.0,3.0,0.516785740852356,0.3893226087093353,0.132476806640625,0.5744774341583252,0.6817301511764526,2.1817901134490967,2.3075296878814697,3.843526601791382,Triangle
93.0,50.0,0.5376344323158264,0.5669441223144531,0.5152688026428223,0.9843878149986267,230.45079040527344,2396.0,3.0,3.0,3.0,0.5152688026428223,0.35873234272003174,0.146240234375,0.4149492681026459,0.662666916847229,1.978102207183838,2.2813422679901123,3.680795192718506,Triangle
93.0,45.0,0.4838709533214569,0.5230214595794678,0.5199522376060486,0.9804009795188904,228.65179443359375,2176.0,3.0,3.0,3.0,0.5199522376060486,0.3269866108894348,0.1328125,0.11630811542272568,0.6301767826080322,1.7398195266723633,2.2267398834228516,3.2504348754882812,Triangle
94.0,65.0,0.6914893388748169,0.5820522904396057,0.5175122618675232,0.9858145117759705,261.2792053222656,3162.0,3.0,3.0,3.0,0.5175122618675232,0.40926384925842285,0.1929931640625,0.7210427522659302,0.6961791515350342,2.4286489486694336,2.318018674850464,3.8379130363464355,Triangle
87.0,77.0,0.8850574493408203,0.5704746842384338,0.5117181539535522,0.9826573133468628,274.7939453125,3428.0,3.0,3.0,3.0,0.5117181539535522,0.3784644603729248,0.209228515625,0.8620916604995728,0.681170642375946,2.185175657272339,2.2998125553131104,3.8179783821105957,Triangle
90.0,48.0,0.5333333611488342,0.5278844833374023,0.5109953880310059,0.9795873165130615,229.2375946044922,2207.5,3.0,3.0,3.0,0.5109953880310059,0.3498188555240631,0.134735107421875,0.3764522075653076,0.6508140563964844,1.8826711177825928,2.2440855503082275,3.2960588932037354,Triangle
95.0,98.0,0.9693877696990967,0.5542272329330444,0.5099892616271973,0.982209324836731,328.1076354980469,4748.0,3.0,3.0,3.0,0.5099892616271973,0.40191707015037537,0.289794921875,0.8716021180152893,0.6994457840919495,2.524775505065918,2.322150468826294,4.121548652648926,Triangle
81.0,78.0,0.9629629850387573,0.5646960735321045,0.5120291113853455,0.9804515838623047,268.30865478515625,3235.0,3.0,3.0,3.0,0.5120291113853455,0.41976696252822876,0.19744873046875,0.851091206073761,0.7087106108665466,2.8630716800689697,2.3371496200561523,4.458920955657959,Triangle
51.0,36.0,0.7058823704719543,0.5515419244766235,0.5217865109443665,0.966212809085846,147.7401123046875,958.0,3.0,3.0,3.0,0.5217865109443665,0.36780306696891785,0.0584716796875,0.8210234045982361,0.6582350134849548,1.9316655397415161,2.265827178955078,3.3298685550689697,Triangle
61.0,84.0,0.726190447807312,0.5183534622192383,0.5113192796707153,0.9737966656684875,252.02438354492188,2620.0,3.0,3.0,3.0,0.5113192796707153,0.37139949202537537,0.159912109375,0.9244804978370667,0.6644269824028015,1.9983214139938354,2.260725736618042,3.340968608856201,Triangle
61.0,27.0,0.44262295961380005,0.5287051796913147,0.5288403034210205,0.9775533080101013,143.8822479248047,871.0,3.0,3.0,3.0,0.5288403034210205,0.307709276676178,0.05316162109375,0.22436921298503876,0.6106463074684143,1.6233768463134766,2.2397501468658447,3.399669885635376,Triangle
65.0,101.0,0.6435643434524536,0.4965815544128418,0.5121096968650818,0.9739281535148621,291.6812438964844,3362.0,3.0,3.0,3.0,0.5121096968650818,0.3503643572330475,0.2052001953125,0.9403327703475952,0.6469072103500366,1.855313777923584,2.2207605838775635,3.1254689693450928,Triangle
111.0,69.0,0.6216216087341309,0.5711732506752014,0.5085520148277283,0.984829306602478,292.73504638671875,3895.0,3.0,3.0,3.0,0.5085520148277283,0.3908815085887909,0.23773193359375,0.5648882985115051,0.6892575621604919,2.3087871074676514,2.308842897415161,3.9262406826019287,Triangle
73.0,56.0,0.767123281955719,0.5871797204017639,0.5214040875434875,0.9795496463775635,213.5807342529297,2131.5,3.0,3.0,3.0,0.5214040875434875,0.42571747303009033,0.130096435546875,0.7744174599647522,0.70535808801651,2.6655290126800537,2.3371450901031494,4.0911383628845215,Triangle
96.0,84.0,0.875,0.5692608952522278,0.5107266902923584,0.983992338180542,301.5218505859375,4118.5,3.0,3.0,3.0,0.5107266902923584,0.42761221528053284,0.251373291015625,0.8101041913032532,0.7141951322555542,3.415790557861328,2.3435051441192627,4.955536842346191,Triangle
85.0,54.0,0.6352941393852234,0.5773690938949585,0.5111111402511597,0.9826177954673767,225.96551513671875,2346.0,3.0,3.0,3.0,0.5111111402511597,0.39787694811820984,0.1431884765625,0.6378646492958069,0.6903186440467834,2.3189313411712646,2.3122799396514893,3.863959550857544,Triangle
87.0,41.0,0.4712643623352051,0.5339583158493042,0.5156994462013245,0.9836898446083069,208.06602478027344,1839.5,3.0,3.0,3.0,0.5156994462013245,0.31650179624557495,0.112274169921875,0.33371421694755554,0.6339844465255737,1.7633323669433594,2.245307207107544,3.4824936389923096,Triangle
77.0,86.0,0.895348846912384,0.5484760999679565,0.5117788910865784,0.9784899950027466,278.65179443359375,3389.0,3.0,3.0,3.0,0.5117788910865784,0.4107722342014313,0.20684814453125,0.8856700658798218,0.7010693550109863,2.5634021759033203,2.323472499847412,4.004274845123291,Triangle
88.0,27.0,0.3068181872367859,0.40211221575737,0.5273569226264954,0.9747180342674255,197.8822479248047,1253.0,3.0,3.0,3.0,0.5273569226264954,0.21066443622112274,0.07647705078125,0.7675541043281555,0.4952819049358368,1.1815974712371826,2.06730580329895,2.829833745956421,Triangle
97.0,90.0,0.9278350472450256,0.5678304433822632,0.5152921080589294,0.9825270175933838,315.5218505859375,4498.5,3.0,3.0,3.0,0.5152921080589294,0.4029129147529602,0.274566650390625,0.8530426025390625,0.6983000636100769,2.4864633083343506,2.323267936706543,4.107906818389893,Triangle
82.0,65.0,0.792682945728302,0.5767967700958252,0.5115384459495544,0.984473705291748,243.72286987304688,2726.5,3.0,3.0,3.0,0.5115384459495544,0.4262849986553192,0.166412353515625,0.7629045248031616,0.7103987336158752,2.966280698776245,2.3389577865600586,4.429102897644043,Triangle
44.0,37.0,0.8409090638160706,0.6023410558700562,0.5331695079803467,0.9709172248840332,134.56854248046875,868.0,3.0,3.0,3.0,0.5331695079803467,0.41775327920913696,0.052978515625,0.8800967931747437,0.6969525218009949,2.3827645778656006,2.344337224960327,3.930846691131592,Triangle
65.0,50.0,0.7692307829856873,0.583764910697937,0.5238461494445801,0.9778862595558167,191.4385986328125,1702.5,3.0,3.0,3.0,0.5238461494445801,0.400593101978302,0.103912353515625,0.8290464282035828,0.6874762773513794,2.2536892890930176,2.3104043006896973,3.6655161380767822,Triangle
71.0,59.0,0.8309859037399292,0.5706612467765808,0.5065647959709167,0.9772046804428101,216.16651916503906,2122.0,3.0,3.0,3.0,0.5065647959709167,0.4312410354614258,0.1295166015625,0.7787134647369385,0.7157369256019592,3.945230007171631,2.345672130584717,5.492465972900391,Triangle
65.0,83.0,0.7831325531005859,0.5318893790245056,0.5128822922706604,0.9754979610443115,255.68124389648438,2767.0,3.0,3.0,3.0,0.5128822922706604,0.38397541642189026,0.16888427734375,0.9184563159942627,0.680046021938324,2.1684529781341553,2.2879276275634766,3.5527048110961914,Triangle
63.0,51.0,0.8095238208770752,0.5743155479431152,0.5073140263557434,0.9742976427078247,188.85281372070312,1630.0,3.0,3.0,3.0,0.5073140263557434,0.4303566813468933,0.0994873046875,0.7700397968292236,0.7138742208480835,3.330411672592163,2.3440866470336914,4.813914775848389,Triangle
62.0,57.0,0.9193548560142517,0.5666211843490601,0.507498562335968,0.9747282862663269,199.4385986328125,1793.5,3.0,3.0,3.0,0.507498562335968,0.43238675594329834,0.109466552734375,0.824486494064331,0.7159018516540527,3.973182201385498,2.3465840816497803,5.435629367828369,Triangle
84.0,83.0,0.988095223903656,0.5615381002426147,0.5116896033287048,0.9811606407165527,282.5513000488281,3567.5,3.0,3.0,3.0,0.5116896033287048,0.4273916184902191,0.217742919921875,0.8490732908248901,0.7126784920692444,3.175783634185791,2.3419206142425537,4.6595458984375,Triangle
80.0,42.0,0.5249999761581421,0.5647597908973694,0.5172619223594666,0.9813664555549622,196.6518096923828,1738.0,3.0,3.0,3.0,0.5172619223594666,0.35390064120292664,0.1060791015625,0.38003236055374146,0.6574989557266235,1.9302525520324707,2.2785048484802246,3.6461849212646484,Triangle
101.0,40.0,0.39603960514068604,0.47541117668151855,0.5181930661201477,0.9828638434410095,235.2375946044922,2093.5,3.0,3.0,3.0,0.5181930661201477,0.2664450705051422,0.127777099609375,0.5457799434661865,0.5794512033462524,1.4858661890029907,2.156947135925293,3.0363502502441406,Triangle
107.0,62.0,0.5794392228126526,0.5428957343101501,0.5088182091712952,0.9828213453292847,279.5218505859375,3375.5,3.0,3.0,3.0,0.5088182091712952,0.3682303726673126,0.206024169921875,0.4971628785133362,0.6678898334503174,2.0336291790008545,2.2685887813568115,3.4440929889678955,Triangle
76.0,105.0,0.723809540271759,0.515491247177124,0.510839581489563,0.9771093130111694,315.2375793457031,4076.5,3.0,3.0,3.0,0.510839581489563,0.37569665908813477,0.248809814453125,0.9238913059234619,0.6712568402290344,2.069190502166748,2.2669248580932617,3.384549617767334,Triangle
95.0,74.0,0.7789473533630371,0.5685756802558899,0.5049786567687988,0.9821552038192749,280.1076354980469,3550.0,3.0,3.0,3.0,0.5049786567687988,0.42348745465278625,0.2166748046875,0.7272557616233826,0.712958574295044,3.265876293182373,2.339649200439453,4.810057640075684,Triangle
77.0,59.0,0.7662337422370911,0.5794106125831604,0.5122165679931641,0.9845567941665649,224.6518096923828,2327.0,3.0,3.0,3.0,0.5122165679931641,0.4239277243614197,0.14202880859375,0.7508426308631897,0.7074314951896667,2.787950038909912,2.3351964950561523,4.23823881149292,Triangle
64.0,69.0,0.9275362491607666,0.5580360889434814,0.5148324370384216,0.9759604930877686,226.26702880859375,2273.5,3.0,3.0,3.0,0.5148324370384216,0.4173411428928375,0.138763427734375,0.8794965744018555,0.7039165496826172,2.639979839324951,2.331514596939087,4.130395412445068,Triangle
90.0,51.0,0.5666666626930237,0.519259512424469,0.5156862735748291,0.9789081811904907,239.3380889892578,2367.0,3.0,3.0,3.0,0.5156862735748291,0.35379600524902344,0.14447021484375,0.6151178479194641,0.6395065188407898,1.8000377416610718,2.211859941482544,3.067910671234131,Triangle
101.0,47.0,0.4653465449810028,0.530113935470581,0.513798177242279,0.9838644862174988,240.45079040527344,2439.0,3.0,3.0,3.0,0.513798177242279,0.3104177415370941,0.14886474609375,0.3620994985103607,0.6301838755607605,1.7414933443069458,2.2427191734313965,3.5266613960266113,Triangle
95.0,101.0,0.9405940771102905,0.5507106781005859,0.5098488926887512,0.9825266003608704,334.1076354980469,4892.0,3.0,3.0,3.0,0.5098488926887512,0.4157279133796692,0.298583984375,0.8728398680686951,0.7064403891563416,2.7646610736846924,2.3302950859069824,4.21381139755249,Triangle
83.0,100.0,0.8299999833106995,0.5362555384635925,0.5106024146080017,0.9799976944923401,315.1370849609375,4238.0,3.0,3.0,3.0,0.5106024146080017,0.39409565925598145,0.2586669921875,0.9047781229019165,0.6899598836898804,2.3203985691070557,2.3034591674804688,3.7280898094177246,Triangle
64.0,61.0,0.953125,0.5717254877090454,0.5152407884597778,0.9759825468063354,210.26702880859375,2011.5,3.0,3.0,3.0,0.5152407884597778,0.4350121319293976,0.122772216796875,0.8409653902053833,0.7146753668785095,3.3508617877960205,2.349731206893921,4.9001359939575195,Triangle
99.0,64.0,0.6464646458625793,0.5670568346977234,0.509706437587738,0.9841535687446594,267.5218505859375,3229.5,3.0,3.0,3.0,0.509706437587738,0.39262598752975464,0.197113037109375,0.6594828367233276,0.6856205463409424,2.248199939727783,2.2971503734588623,3.653107166290283,Triangle
84.0,95.0,0.8842105269432068,0.5421753525733948,0.5100250840187073,0.9791892170906067,307.1370849609375,4070.0,3.0,3.0,3.0,0.5100250840187073,0.3779480457305908,0.2484130859375,0.8969512581825256,0.6809499859809875,2.183964967727661,2.296088457107544,3.7466983795166016,Triangle
69.0,54.0,0.782608687877655,0.5882041454315186,0.5224100947380066,0.988572895526886,203.92388916015625,1946.5,3.0,3.0,3.0,0.5224100947380066,0.4046635925769806,0.118804931640625,0.9798592925071716,0.6918339729309082,2.3285787105560303,2.3167848587036133,3.763918876647949,Triangle
95.0,33.0,0.34736841917037964,0.4387861490249634,0.5237639546394348,0.9765090942382812,216.85281372070312,1642.0,3.0,3.0,3.0,0.5237639546394348,0.23649893701076508,0.1002197265625,0.7210921049118042,0.5428961515426636,1.341237187385559,2.1526076793670654,3.226832389831543,Triangle
65.0,49.0,0.7538461685180664,0.5843620896339417,0.5142857432365417,0.9770354628562927,187.68124389648438,1638.0,3.0,3.0,3.0,0.5142857432365417,0.43021759390830994,0.0999755859375,0.7358011603355408,0.7092549800872803,2.859081268310547,2.3414196968078613,4.3684611320495605,Triangle
65.0,35.0,0.5384615659713745,0.5643494129180908,0.5219780206680298,0.97776859998703,162.61016845703125,1187.5,3.0,3.0,3.0,0.5219780206680298,0.366595059633255,0.072479248046875,0.44554898142814636,0.6595498919487,1.9414374828338623,2.282315254211426,3.558089256286621,Triangle
62.0,79.0,0.7848101258277893,0.5336148738861084,0.5137811303138733,0.9742547273635864,243.4385986328125,2516.5,3.0,3.0,3.0,0.5137811303138733,0.39272540807724,0.153594970703125,0.9143798351287842,0.684336245059967,2.2255961894989014,2.2946860790252686,3.5881407260894775,Triangle
60.0,41.0,0.6833333373069763,0.533352255821228,0.5152438879013062,0.9701492786407471,172.81118774414062,1267.5,3.0,3.0,3.0,0.5152438879013062,0.35185861587524414,0.077362060546875,0.8153594732284546,0.6442326307296753,1.83100426197052,2.2350125312805176,3.193871259689331,Triangle
62.0,46.0,0.7419354915618896,0.559377133846283,0.5177068710327148,0.9736234545707703,182.12489318847656,1476.5,3.0,3.0,3.0,0.5177068710327148,0.3769824504852295,0.090118408203125,0.8064512014389038,0.6691771745681763,2.037557363510132,2.280045509338379,3.4719533920288086,Triangle
55.0,34.0,0.6181818246841431,0.5659996867179871,0.5208556056022644,0.9764410853385925,147.05381774902344,974.0,3.0,3.0,3.0,0.5208556056022644,0.39378395676612854,0.0594482421875,0.6568831205368042,0.6740638613700867,2.0755012035369873,2.29120135307312,3.448094129562378,Triangle
58.0,35.0,0.6034482717514038,0.5613699555397034,0.5290640592575073,0.9728260636329651,155.05381774902344,1074.0,4.0,3.0,3.0,0.5290640592575073,0.38908830285072327,0.0655517578125,0.6743987202644348,0.6700115203857422,2.0299253463745117,2.284636974334717,3.371947765350342,Triangle
72.0,65.0,0.9027777910232544,0.5735144019126892,0.5139957070350647,0.9778455495834351,229.5807342529297,2405.5,3.0,3.0,3.0,0.5139957070350647,0.42587825655937195,0.146820068359375,0.831241250038147,0.7108963131904602,2.976928234100342,2.3424718379974365,4.548121929168701,Triangle
60.0,86.0,0.6976743936538696,0.5110767483711243,0.5109496116638184,0.9718024134635925,254.61016845703125,2636.5,3.0,3.0,3.0,0.5109496116638184,0.3439699411392212,0.160919189453125,0.9398522973060608,0.6437175273895264,1.8322641849517822,2.227146625518799,3.1915342807769775,Triangle
90.0,66.0,0.7333333492279053,0.5767940878868103,0.5105218887329102,0.9820271730422974,257.0365905761719,3032.5,3.0,3.0,3.0,0.5105218887329102,0.41815266013145447,0.185089111328125,0.7185742855072021,0.7050901055335999,2.698486566543579,2.3302810192108154,4.169369697570801,Triangle
96.0,67.0,0.6979166865348816,0.5618148446083069,0.5172574520111084,0.98228520154953,272.7939453125,3327.0,3.0,3.0,3.0,0.5172574520111084,0.38871675729751587,0.20306396484375,0.7517567873001099,0.6804666519165039,2.17004656791687,2.288597822189331,3.517397880554199,Triangle
89.0,59.0,0.6629213690757751,0.5565721988677979,0.5190439820289612,0.981278121471405,248.06600952148438,2725.5,3.0,3.0,3.0,0.5190439820289612,0.3857100009918213,0.166351318359375,0.7142738103866577,0.675544261932373,2.107555389404297,2.2803196907043457,3.433605909347534,Triangle
70.0,83.0,0.8433734774589539,0.5426897406578064,0.5131669640541077,0.9777012467384338,262.7523193359375,2981.5,3.0,3.0,3.0,0.5131669640541077,0.4073602557182312,0.181976318359375,0.8983747363090515,0.695972740650177,2.4323816299438477,2.3144490718841553,3.8169076442718506,Triangle
84.0,83.0,0.988095223903656,0.5609084963798523,0.5111159086227417,0.9801952838897705,282.5513000488281,3563.5,3.0,3.0,3.0,0.5111159086227417,0.4168008267879486,0.217498779296875,0.8579927682876587,0.707465410232544,2.8001062870025635,2.3350400924682617,4.382157325744629,Triangle
82.0,63.0,0.7682926654815674,0.584054708480835,0.5195509195327759,0.9904059171676636,240.30865478515625,2684.0,3.0,3.0,3.0,0.5195509195327759,0.40339329838752747,0.163818359375,0.9650947451591492,0.692062258720398,2.3419790267944336,2.312903642654419,3.7573962211608887,Triangle
92.0,59.0,0.6413043737411499,0.5815492868423462,0.5153831839561462,0.9826132655143738,245.86500549316406,2797.5,3.0,3.0,3.0,0.5153831839561462,0.4053097069263458,0.170745849609375,0.6046044826507568,0.693554699420929,2.3762621879577637,2.320237159729004,4.037196636199951,Triangle
80.0,72.0,0.8999999761581421,0.5710564255714417,0.5125868320465088,0.9808970093727112,254.89443969726562,2952.5,3.0,3.0,3.0,0.5125868320465088,0.4286132752895355,0.180206298828125,0.8263272047042847,0.7132779955863953,3.2293543815612793,2.3440494537353516,4.798923492431641,Triangle
58.0,44.0,0.7586206793785095,0.5534676909446716,0.5168495178222656,0.972355306148529,173.05381774902344,1319.0,3.0,3.0,3.0,0.5168495178222656,0.3639335632324219,0.08050537109375,0.8365177512168884,0.6625745892524719,1.973549723625183,2.2738611698150635,3.4441072940826416,Triangle
47.0,52.0,0.9038461446762085,0.5576044917106628,0.5173895359039307,0.9708253145217896,168.81118774414062,1264.5,3.0,3.0,3.0,0.5173895359039307,0.3978429138660431,0.077178955078125,0.8993088603019714,0.6878054738044739,2.2667510509490967,2.315032482147217,3.8397340774536133,Triangle
83.0,94.0,0.8829787373542786,0.5450910329818726,0.5108946561813354,0.9806864261627197,303.1370849609375,3986.0,3.0,3.0,3.0,0.5108946561813354,0.4079244136810303,0.2432861328125,0.8910566568374634,0.6996423602104187,2.5269932746887207,2.3197782039642334,3.9481515884399414,Triangle
89.0,75.0,0.8426966071128845,0.5661389231681824,0.5053183436393738,0.9806658029556274,273.62237548828125,3373.0,3.0,3.0,3.0,0.5053183436393738,0.42718973755836487,0.20587158203125,0.7799240946769714,0.7154855728149414,3.9516842365264893,2.3435373306274414,5.450113773345947,Triangle
100.0,59.0,0.5899999737739563,0.5763466954231262,0.5141525268554688,0.9839442372322083,257.1787109375,3033.5,3.0,3.0,3.0,0.5141525268554688,0.3842979669570923,0.185150146484375,0.49933764338493347,0.6813876628875732,2.1836681365966797,2.3040144443511963,3.8852756023406982,Triangle
59.0,77.0,0.7662337422370911,0.525887131690979,0.5121065378189087,0.9781374931335449,235.78173828125,2326.5,3.0,3.0,3.0,0.5121065378189087,0.38026612997055054,0.141998291015625,0.9181067943572998,0.6716828942298889,2.0690994262695312,2.276703357696533,3.4485931396484375,Triangle
85.0,84.0,0.9882352948188782,0.5610406994819641,0.5113445520401001,0.9817155003547668,285.96551513671875,3651.0,3.0,3.0,3.0,0.5113445520401001,0.4229765832424164,0.22283935546875,0.851776123046875,0.7106424570083618,2.993877649307251,2.3388640880584717,4.529868125915527,Triangle
98.0,45.0,0.4591836631298065,0.5071964263916016,0.5187074542045593,0.9813385009765625,238.06600952148438,2287.5,3.0,3.0,3.0,0.5187074542045593,0.30925077199935913,0.139617919921875,0.32534971833229065,0.6167046427726746,1.6632213592529297,2.204854965209961,3.1579701900482178,Triangle
60.0,44.0,0.7333333492279053,0.5782861113548279,0.5073863863945007,0.9745361804962158,170.61016845703125,1339.5,3.0,3.0,3.0,0.5073863863945007,0.4257636070251465,0.081756591796875,0.6963253021240234,0.709299623966217,2.896859645843506,2.3376874923706055,4.462899208068848,Triangle
78.0,54.0,0.692307710647583,0.5306528210639954,0.5148385763168335,0.9783442616462708,226.61016845703125,2168.5,3.0,3.0,3.0,0.5148385763168335,0.34727010130882263,0.132354736328125,0.8095788359642029,0.6476912498474121,1.8586043119430542,2.2373414039611816,3.2358570098876953,Triangle
95.0,39.0,0.410526305437088,0.4766470491886139,0.5198380351066589,0.9784099459648132,225.3380889892578,1926.0,3.0,3.0,3.0,0.5198380351066589,0.27740374207496643,0.1175537109375,0.48955070972442627,0.5830093622207642,1.5004324913024902,2.1486334800720215,2.941371440887451,Triangle
77.0,31.0,0.4025973975658417,0.48917409777641296,0.5236698985099792,0.9754194021224976,179.19595336914062,1250.0,3.0,3.0,3.0,0.5236698985099792,0.2753531038761139,0.0762939453125,0.5693139433860779,0.5878074169158936,1.5183696746826172,2.2044155597686768,3.3262104988098145,Triangle
53.0,54.0,0.9814814925193787,0.5664125680923462,0.517645001411438,0.9698854088783264,181.2964630126953,1481.5,3.0,3.0,3.0,0.517645001411438,0.40276065468788147,0.090423583984375,0.8756775259971619,0.6928377747535706,2.3564040660858154,2.3225347995758057,4.016598224639893,Triangle
89.0,60.0,0.6741573214530945,0.5769551396369934,0.5102996230125427,0.9816282391548157,243.6223602294922,2725.0,3.0,3.0,3.0,0.5102996230125427,0.4094403386116028,0.16632080078125,0.6495141386985779,0.6990644931793213,2.507476329803467,2.323277235031128,4.072042942047119,Triangle
109.0,88.0,0.8073394298553467,0.5745320916175842,0.5143348574638367,0.9850254654884338,328.492431640625,4933.5,3.0,3.0,3.0,0.5143348574638367,0.41293707489967346,0.301116943359375,0.7938181161880493,0.7028928995132446,2.618288993835449,2.326629638671875,4.0701680183410645,Triangle
72.0,61.0,0.8472222089767456,0.5825170874595642,0.5209471583366394,0.9777777791023254,222.16651916503906,2288.0,3.0,3.0,3.0,0.5209471583366394,0.43231940269470215,0.1396484375,0.8117013573646545,0.7109612822532654,2.9399325847625732,2.3460757732391357,4.442870616912842,Triangle
64.0,81.0,0.790123462677002,0.5339850187301636,0.5134066343307495,0.9765180945396423,250.26702880859375,2661.5,3.0,3.0,3.0,0.5134066343307495,0.3912498652935028,0.162445068359375,0.9096011519432068,0.6848233342170715,2.2318155765533447,2.2974753379821777,3.6186158657073975,Triangle
73.0,37.0,0.5068492889404297,0.5672849416732788,0.5186967849731445,0.9876630306243896,176.16651916503906,1401.0,3.0,3.0,3.0,0.5186967849731445,0.3438316881656647,0.08551025390625,0.22356925904750824,0.6474922299385071,1.8504611253738403,2.2761030197143555,3.6538524627685547,Triangle
81.0,61.0,0.7530864477157593,0.572004497051239,0.5057680606842041,0.978848397731781,234.30865478515625,2499.0,3.0,3.0,3.0,0.5057680606842041,0.4230493903160095,0.15252685546875,0.7163947224617004,0.7111323475837708,3.0511224269866943,2.3382370471954346,4.613776683807373,Triangle
90.0,78.0,0.8666666746139526,0.5712669491767883,0.5114672183990479,0.9832945466041565,281.0365905761719,3590.5,3.0,3.0,3.0,0.5114672183990479,0.42179176211357117,0.219146728515625,0.8101125955581665,0.7101174592971802,2.9551589488983154,2.3380000591278076,4.478090763092041,Triangle
109.0,40.0,0.3669724762439728,0.450839638710022,0.5169724822044373,0.9812799096107483,250.6518096923828,2254.0,3.0,3.0,3.0,0.5169724822044373,0.24596086144447327,0.1375732421875,0.6444874405860901,0.5561877489089966,1.3925158977508545,2.130220651626587,2.9878134727478027,Triangle
57.0,71.0,0.8028169274330139,0.5395363569259644,0.5151964426040649,0.9740715026855469,220.36753845214844,2085.0,3.0,3.0,3.0,0.5151964426040649,0.39440611004829407,0.12725830078125,0.9154170155525208,0.6856043338775635,2.2414937019348145,2.2990810871124268,3.62861704826355,Triangle
70.0,104.0,0.6730769276618958,0.5038105249404907,0.5114697813987732,0.9761436581611633,304.7523193359375,3723.5,3.0,3.0,3.0,0.5114697813987732,0.3568858802318573,0.227264404296875,0.9374104142189026,0.654617428779602,1.9148374795913696,2.235661745071411,3.2036244869232178,Triangle
94.0,55.0,0.585106372833252,0.5226298570632935,0.5148935914039612,0.979396641254425,252.9949493408203,2662.0,3.0,3.0,3.0,0.5148935914039612,0.357149600982666,0.1624755859375,0.6438490152359009,0.6437070369720459,1.8302654027938843,2.2174787521362305,3.0984342098236084,Triangle
83.0,47.0,0.5662650465965271,0.57921302318573,0.5167905688285828,0.9855781197547913,209.1370849609375,2016.0,3.0,3.0,3.0,0.5167905688285828,0.3763624131679535,0.123046875,0.464504212141037,0.6743487119674683,2.0923259258270264,2.29703426361084,3.7804806232452393,Triangle
72.0,43.0,0.5972222089767456,0.5865365266799927,0.5192183256149292,0.9837821125984192,185.5807342529297,1607.5,3.0,3.0,3.0,0.5192183256149292,0.39339956641197205,0.098114013671875,0.5661517977714539,0.6825447082519531,2.187044382095337,2.30889892578125,3.8137004375457764,Triangle
52.0,84.0,0.6190476417541504,0.4899240732192993,0.5111034512519836,0.9674972891807556,239.2964630126953,2232.5,3.0,3.0,3.0,0.5111034512519836,0.33629727363586426,0.136260986328125,0.9493478536605835,0.6278796195983887,1.7294589281082153,2.1867165565490723,2.9849281311035156,Triangle
83.0,52.0,0.6265060305595398,0.5352564454078674,0.5206209421157837,0.9786585569381714,229.68124389648438,2247.0,3.0,3.0,3.0,0.5206209421157837,0.3649018406867981,0.13714599609375,0.7227681279182434,0.6561616659164429,1.9196065664291382,2.2447803020477295,3.2064177989959717,Triangle
74.0,72.0,0.9729729890823364,0.5657378435134888,0.5130442976951599,0.9785215854644775,246.40916442871094,2733.5,3.0,3.0,3.0,0.5130442976951599,0.3931153118610382,0.166839599609375,0.8707984685897827,0.6898896098136902,2.3137505054473877,2.3139126300811768,3.9932644367218018,Triangle
93.0,70.0,0.7526881694793701,0.5698177814483643,0.5050691366195679,0.9834006428718567,269.2792053222656,3288.0,3.0,3.0,3.0,0.5050691366195679,0.4197427034378052,0.20068359375,0.7130165696144104,0.7101694941520691,2.985966920852661,2.33554744720459,4.501820087432861,Triangle
102.0,65.0,0.6372548937797546,0.5589390993118286,0.5092760324478149,0.9868478775024414,275.5218505859375,3376.5,3.0,3.0,3.0,0.5092760324478149,0.38707292079925537,0.206085205078125,0.6382063627243042,0.6817229390144348,2.193324565887451,2.2891416549682617,3.5719289779663086,Triangle
45.0,43.0,0.9555555582046509,0.5830332040786743,0.5209302306175232,0.9701636433601379,147.39697265625,1008.0,3.0,3.0,3.0,0.5209302306175232,0.4459548592567444,0.0615234375,0.8463778495788574,0.7162209749221802,3.404104471206665,2.3605539798736572,5.003335952758789,Triangle
44.0,45.0,0.9777777791023254,0.5762307643890381,0.5209596157073975,0.9662763476371765,149.98275756835938,1031.5,3.0,3.0,3.0,0.5209596157073975,0.43257150053977966,0.062957763671875,0.8746406435966492,0.7095122337341309,2.802263021469116,2.3516013622283936,4.373264312744141,Triangle
95.0,61.0,0.6421052813529968,0.5680447220802307,0.5153580904006958,0.9864574670791626,257.0365905761719,2986.5,3.0,3.0,3.0,0.5153580904006958,0.3939201533794403,0.182281494140625,0.6641126871109009,0.6849328875541687,2.23258376121521,2.297039031982422,3.6153438091278076,Triangle
52.0,89.0,0.584269642829895,0.4776936173439026,0.5104796886444092,0.9674447178840637,249.2964630126953,2362.5,3.0,3.0,3.0,0.5104796886444092,0.32335028052330017,0.144195556640625,0.9550647139549255,0.6133575439453125,1.648373007774353,2.1545865535736084,2.8727705478668213,Triangle
84.0,87.0,0.9655172228813171,0.5561977624893188,0.5112890005111694,0.9814814925193787,290.5513000488281,3736.5,3.0,3.0,3.0,0.5112890005111694,0.4111839830875397,0.228057861328125,0.8679951429367065,0.7035065293312073,2.6408016681671143,2.3291680812835693,4.203712463378906,Triangle
49.0,46.0,0.9387755393981934,0.5880129933357239,0.5290594696998596,0.9734693765640259,159.6396026611328,1192.5,3.0,3.0,3.0,0.5290594696998596,0.4170877933502197,0.072784423828125,0.8774011731147766,0.6995251178741455,2.4599831104278564,2.3421976566314697,4.110205173492432,Triangle
78.0,79.0,0.9873417615890503,0.5603209137916565,0.5122525095939636,0.9801273345947266,266.0660095214844,3156.5,3.0,3.0,3.0,0.5122525095939636,0.42094486951828003,0.192657470703125,0.8621747493743896,0.7086831331253052,2.85672664642334,2.337109088897705,4.386254787445068,Triangle
102.0,61.0,0.5980392098426819,0.5712578892707825,0.5092414021492004,0.9853832721710205,264.00714111328125,3168.5,3.0,3.0,3.0,0.5092414021492004,0.3827269971370697,0.193389892578125,0.5460807681083679,0.6830624341964722,2.211223602294922,2.3015215396881104,3.8324201107025146,Triangle
103.0,69.0,0.6699029207229614,0.5678880214691162,0.5162515640258789,0.9845699667930603,284.9360656738281,3669.0,3.0,3.0,3.0,0.5162515640258789,0.39547228813171387,0.22393798828125,0.7060710787773132,0.6856812238693237,2.2440426349639893,2.296717643737793,3.596573829650879,Triangle
97.0,73.0,0.7525773048400879,0.5692078471183777,0.50487220287323,0.9822778105735779,280.9360656738281,3575.0,3.0,3.0,3.0,0.50487220287323,0.4201483130455017,0.21820068359375,0.717734158039093,0.7109403610229492,3.0497665405273438,2.3367583751678467,4.603813171386719,Triangle
114.0,64.0,0.5614035129547119,0.5524024963378906,0.5084292888641357,0.9846051931381226,290.492431640625,3709.5,3.0,3.0,3.0,0.5084292888641357,0.36363938450813293,0.226409912109375,0.4159837067127228,0.6693423390388489,2.0486624240875244,2.2786011695861816,3.6031744480133057,Triangle
91.0,71.0,0.7802197933197021,0.5780485272407532,0.5175669193267822,0.9861397743225098,269.62237548828125,3344.0,3.0,3.0,3.0,0.5175669193267822,0.3960360884666443,0.2041015625,0.8109010457992554,0.6884306073188782,2.284886121749878,2.3071091175079346,3.7317163944244385,Triangle
69.0,55.0,0.7971014380455017,0.573125958442688,0.5067193508148193,0.9786259531974792,205.3380889892578,1923.0,3.0,3.0,3.0,0.5067193508148193,0.42976194620132446,0.11737060546875,0.7582654356956482,0.7140330672264099,3.3790132999420166,2.3438007831573486,4.940202236175537,Triangle
73.0,48.0,0.6575342416763306,0.5793682932853699,0.5228310227394104,0.9802033305168152,199.3380889892578,1832.0,3.0,3.0,3.0,0.5228310227394104,0.40423882007598877,0.11181640625,0.7041991353034973,0.6871969699859619,2.2501463890075684,2.3072633743286133,3.621833086013794,Triangle
81.0,35.0,0.43209877610206604,0.5072399377822876,0.5167548656463623,0.9779706001281738,190.50967407226562,1465.0,3.0,3.0,3.0,0.5167548656463623,0.2912690043449402,0.08941650390625,0.5075515508651733,0.6107743382453918,1.6302460432052612,2.2250864505767822,3.4371819496154785,Triangle
87.0,43.0,0.49425286054611206,0.5277071595191956,0.5160384774208069,0.9792036414146423,214.40916442871094,1930.5,3.0,3.0,3.0,0.5160384774208069,0.3319348692893982,0.117828369140625,0.08898469805717468,0.6385883092880249,1.7922648191452026,2.2415597438812256,3.3348188400268555,Triangle
101.0,59.0,0.5841584205627441,0.5421727895736694,0.5176203846931458,0.9832642674446106,267.3797302246094,3084.5,3.0,3.0,3.0,0.5176203846931458,0.3713109791278839,0.188262939453125,0.581019937992096,0.6651676893234253,2.0015528202056885,2.2628602981567383,3.343355655670166,Triangle
72.0,54.0,0.75,0.5883966088294983,0.5218621492385864,0.9832808375358582,208.16651916503906,2029.0,3.0,3.0,3.0,0.5218621492385864,0.4122869074344635,0.12384033203125,0.7869473695755005,0.6964533925056458,2.4197959899902344,2.3210253715515137,3.7968122959136963,Triangle
91.0,78.0,0.8571428656578064,0.5717825293540955,0.5114116668701172,0.9818772077560425,282.4507751464844,3630.0,3.0,3.0,3.0,0.5114116668701172,0.426666796207428,0.2215576171875,0.8037616610527039,0.7130914926528931,3.229421377182007,2.342221736907959,4.7304158210754395,Triangle
94.0,62.0,0.6595744490623474,0.5758325457572937,0.5100377202033997,0.9839457273483276,254.6934356689453,2972.5,3.0,3.0,3.0,0.5100377202033997,0.4009442627429962,0.181427001953125,0.6658356785774231,0.6929763555526733,2.37294864654541,2.3122286796569824,3.851229190826416,Triangle
81.0,53.0,0.654321014881134,0.5728638172149658,0.5115303993225098,0.9821109175682068,219.480224609375,2196.0,3.0,3.0,3.0,0.5115303993225098,0.39801010489463806,0.134033203125,0.6832206845283508,0.6871435642242432,2.267076253890991,2.301595449447632,3.672396183013916,Triangle
78.0,43.0,0.5512820482254028,0.5304538607597351,0.5178890824317932,0.9808018207550049,202.85281372070312,1737.0,3.0,3.0,3.0,0.5178890824317932,0.35962623357772827,0.10601806640625,0.530746579170227,0.6478798985481262,1.856947898864746,2.2359185218811035,3.1892781257629395,Triangle
53.0,77.0,0.6883116960525513,0.510989785194397,0.5121293663978577,0.9693877696990967,226.71067810058594,2090.0,3.0,3.0,3.0,0.5121293663978577,0.3382481336593628,0.1275634765625,0.9435184597969055,0.6379040479660034,1.7917468547821045,2.21982741355896,3.1551146507263184,Triangle
58.0,60.0,0.9666666388511658,0.5653061270713806,0.5159482955932617,0.9800764322280884,199.78173828125,1795.5,3.0,3.0,3.0,0.5159482955932617,0.4314611554145813,0.109588623046875,0.8636550307273865,0.7113108038902283,2.9818081855773926,2.344850778579712,4.45045804977417,Triangle
95.0,58.0,0.6105263233184814,0.5487226247787476,0.5182395577430725,0.9822841286659241,255.72286987304688,2855.5,3.0,3.0,3.0,0.5182395577430725,0.3789696991443634,0.174285888671875,0.6456666588783264,0.6706262826919556,2.0549967288970947,2.271540403366089,3.3852169513702393,Triangle
63.0,47.0,0.7460317611694336,0.5720319151878357,0.5192502737045288,0.9768106937408447,183.78173828125,1537.5,3.0,3.0,3.0,0.5192502737045288,0.3925604820251465,0.093841552734375,0.7998738288879395,0.682506799697876,2.1892166137695312,2.300065040588379,3.597537040710449,Triangle
48.0,62.0,0.774193525314331,0.5354911088943481,0.5149529576301575,0.9742529988288879,189.6396026611328,1532.5,3.0,3.0,3.0,0.5149529576301575,0.3341965973377228,0.093536376953125,0.9418940544128418,0.6449046730995178,1.8370532989501953,2.244096517562866,3.337388753890991,Triangle
94.0,96.0,0.9791666865348816,0.5555431246757507,0.5101396441459656,0.9863938093185425,322.69342041015625,4603.5,3.0,3.0,3.0,0.5101396441459656,0.4223763644695282,0.280975341796875,0.85872483253479,0.7102423906326294,2.976215362548828,2.336698293685913,4.432607650756836,Triangle
104.0,71.0,0.682692289352417,0.5742142200469971,0.5091413855552673,0.9845489263534546,286.8355712890625,3759.5,3.0,3.0,3.0,0.5091413855552673,0.40421560406684875,0.229461669921875,0.6838637590408325,0.6961889266967773,2.4435291290283203,2.3152482509613037,3.896942615509033,Triangle
68.0,46.0,0.6764705777168274,0.5840099453926086,0.5135869383811951,0.9901386499404907,185.92388916015625,1606.5,3.0,3.0,3.0,0.5135869383811951,0.4076220989227295,0.098052978515625,0.9724670648574829,0.6925446391105652,2.3519444465637207,2.3141887187957764,3.776771068572998,Triangle
75.0,84.0,0.8928571343421936,0.5453681349754333,0.5111904740333557,0.9781321287155151,272.4091491699219,3220.5,3.0,3.0,3.0,0.5111904740333557,0.38817915320396423,0.196563720703125,0.8774590492248535,0.6860589981079102,2.2552995681762695,2.3042163848876953,3.8092901706695557,Triangle
93.0,38.0,0.40860214829444885,0.4899855852127075,0.5195246338844299,0.9789389371871948,216.9949493408203,1836.0,3.0,3.0,3.0,0.5195246338844299,0.2760578393936157,0.112060546875,0.5865717530250549,0.5938434600830078,1.5486286878585815,2.2042624950408936,3.3633060455322266,Triangle
64.0,107.0,0.5981308221817017,0.48158392310142517,0.5132885575294495,0.9736841917037964,302.8528137207031,3515.0,3.0,3.0,3.0,0.5132885575294495,0.3267822861671448,0.21453857421875,0.952587366104126,0.6174929141998291,1.6706266403198242,2.1657683849334717,2.913154125213623,Triangle
62.0,63.0,0.9841269850730896,0.5654072165489197,0.514976978302002,0.9740920066833496,211.4385986328125,2011.5,3.0,3.0,3.0,0.514976978302002,0.4272688627243042,0.122772216796875,0.8626189827919006,0.7100489735603333,2.907559633255005,2.342482328414917,4.429258346557617,Triangle
104.0,50.0,0.48076921701431274,0.5243224501609802,0.5137500166893005,0.982349693775177,253.0365753173828,2671.5,3.0,3.0,3.0,0.5137500166893005,0.3204980790615082,0.163055419921875,0.28465536236763,0.6352386474609375,1.7728848457336426,2.2390177249908447,3.38397479057312,Triangle
82.0,65.0,0.792682945728302,0.5596063733100891,0.5131332278251648,0.9787081480026245,247.82337951660156,2735.0,3.0,3.0,3.0,0.5131332278251648,0.3720373511314392,0.16693115234375,0.8248328566551208,0.6725151538848877,2.0793659687042236,2.2829575538635254,3.573319673538208,Triangle
77.0,36.0,0.4675324559211731,0.5067341923713684,0.5174964070320129,0.9788467884063721,188.61016845703125,1434.5,3.0,3.0,3.0,0.5174964070320129,0.3159952461719513,0.087554931640625,0.22989696264266968,0.6181067228317261,1.6698237657546997,2.202127456665039,3.109140157699585,Triangle
59.0,50.0,0.8474576473236084,0.5733563899993896,0.507796585559845,0.974308967590332,181.19595336914062,1498.0,3.0,3.0,3.0,0.507796585559845,0.43362778425216675,0.0914306640625,0.7900649309158325,0.715678334236145,3.7640628814697266,2.3472018241882324,5.201109886169434,Triangle
96.0,40.0,0.4166666567325592,0.49176448583602905,0.5143229365348816,0.9803921580314636,224.6518096923828,1975.0,3.0,3.0,3.0,0.5143229365348816,0.2785067856311798,0.12054443359375,0.5814772844314575,0.6021401286125183,1.5890189409255981,2.21418833732605,3.4431540966033936,Triangle
89.0,55.0,0.617977499961853,0.5753701329231262,0.5105209350585938,0.9825044274330139,233.6223602294922,2499.0,3.0,3.0,3.0,0.5105209350585938,0.3924715518951416,0.15252685546875,0.5845340490341187,0.6878917813301086,2.280775308609009,2.309169292449951,3.8839972019195557,Triangle
90.0,100.0,0.8999999761581421,0.5461349487304688,0.5101666450500488,0.9825593829154968,325.03656005859375,4591.5,3.0,3.0,3.0,0.5101666450500488,0.3740829527378082,0.280242919921875,0.8984438180923462,0.6794523596763611,2.165102958679199,2.295262098312378,3.781134843826294,Triangle
87.0,72.0,0.8275862336158752,0.5701084136962891,0.5078224539756775,0.9848297238349915,264.7939453125,3181.0,3.0,3.0,3.0,0.5078224539756775,0.4253885746002197,0.19415283203125,0.780497670173645,0.7131239175796509,3.250295400619507,2.341228485107422,4.703115940093994,Triangle
83.0,80.0,0.9638554453849792,0.5640725493431091,0.5117470026016235,0.9800980687141418,275.1370849609375,3398.0,3.0,3.0,3.0,0.5117470026016235,0.3921842873096466,0.2073974609375,0.8645996451377869,0.6901945471763611,2.3221631050109863,2.3131635189056396,4.00045108795166,Triangle
87.0,84.0,0.9655172228813171,0.562912106513977,0.5112205743789673,0.9807061553001404,288.7939453125,3736.0,3.0,3.0,3.0,0.5112205743789673,0.41104093194007874,0.22802734375,0.8537445068359375,0.7044079303741455,2.674858570098877,2.330354928970337,4.290431022644043,Triangle
67.0,58.0,0.8656716346740723,0.5786574482917786,0.5151827335357666,0.9765853881835938,208.50965881347656,2002.0,3.0,3.0,3.0,0.5151827335357666,0.4336257576942444,0.1221923828125,0.8077020645141602,0.7141206860542297,3.2814316749572754,2.347885847091675,4.78546667098999,Triangle
75.0,70.0,0.9333333373069763,0.5737724304199219,0.5195237994194031,0.9786508679389954,244.40916442871094,2727.5,3.0,3.0,3.0,0.5195237994194031,0.4117353558540344,0.166473388671875,0.8562263250350952,0.7011138796806335,2.544753074645996,2.3314101696014404,4.17225456237793,Triangle
84.0,45.0,0.5357142686843872,0.5751022100448608,0.5165343880653381,0.9873577952384949,206.55130004882812,1952.5,3.0,3.0,3.0,0.5165343880653381,0.35960546135902405,0.119171142578125,0.3910457491874695,0.6645426154136658,1.9928728342056274,2.2865231037139893,3.7305567264556885,Triangle
111.0,74.0,0.6666666865348816,0.5728657245635986,0.5086438059806824,0.9849127531051636,302.7350769042969,4178.0,3.0,3.0,3.0,0.5086438059806824,0.405223548412323,0.2550048828125,0.6328389048576355,0.6989728212356567,2.511096477508545,2.322092294692993,4.114153861999512,Triangle
45.0,67.0,0.6716417670249939,0.5098302960395813,0.513764500617981,0.9639078974723816,195.39697265625,1549.0,3.0,3.0,3.0,0.513764500617981,0.3608560562133789,0.09454345703125,0.9399174451828003,0.6483903527259827,1.8626482486724854,2.231625556945801,3.1593916416168213,Triangle
66.0,88.0,0.75,0.5244796276092529,0.5126549601554871,0.974950909614563,267.095458984375,2977.5,3.0,3.0,3.0,0.5126549601554871,0.38086041808128357,0.181732177734375,0.91988205909729,0.6758663058280945,2.1176462173461914,2.279343366622925,3.468535900115967,Triangle
98.0,81.0,0.8265306353569031,0.575706422328949,0.5157470107078552,0.9829531908035278,298.9360656738281,4094.0,3.0,3.0,3.0,0.5157470107078552,0.40541112422943115,0.2498779296875,0.8180732131004333,0.697528064250946,2.4657506942749023,2.3201160430908203,3.95225191116333,Triangle
56.0,23.0,0.4107142984867096,0.48265546560287476,0.5314440727233887,0.9674911499023438,133.49746704101562,684.5,4.0,3.0,3.0,0.5314440727233887,0.287253201007843,0.041778564453125,0.18979454040527344,0.5745591521263123,1.456568717956543,2.145143985748291,2.8365161418914795,Triangle
56.0,71.0,0.7887324094772339,0.531883180141449,0.5130784511566162,0.9707351922988892,219.5391082763672,2040.0,3.0,3.0,3.0,0.5130784511566162,0.37950098514556885,0.12451171875,0.9182327389717102,0.6737872958183289,2.0905168056488037,2.2837722301483154,3.514662504196167,Triangle
105.0,58.0,0.5523809790611267,0.5713568925857544,0.5134646892547607,0.9861242771148682,262.2497863769531,3127.0,3.0,3.0,3.0,0.5134646892547607,0.3649161458015442,0.19085693359375,0.43465399742126465,0.6697107553482056,2.048579454421997,2.2895102500915527,3.7733640670776367,Triangle
85.0,86.0,0.9883720874786377,0.5585219860076904,0.5112175345420837,0.9804539084434509,289.96551513671875,3737.0,3.0,3.0,3.0,0.5112175345420837,0.4142756760120392,0.22808837890625,0.8621074557304382,0.7057906985282898,2.7289159297943115,2.332000732421875,4.298386573791504,Triangle
73.0,68.0,0.931506872177124,0.5622431635856628,0.506244957447052,0.9776307940483093,236.9949493408203,2513.0,3.0,3.0,3.0,0.506244957447052,0.42885640263557434,0.15338134765625,0.8268254399299622,0.7153943181037903,3.8366878032684326,2.3440158367156982,5.294864177703857,Triangle
89.0,62.0,0.6966292262077332,0.5773205161094666,0.510511040687561,0.9817041158676147,247.6223602294922,2817.0,3.0,3.0,3.0,0.510511040687561,0.4147462248802185,0.17193603515625,0.6779595613479614,0.702728807926178,2.615159749984741,2.3280727863311768,4.171169281005859,Triangle
59.0,42.0,0.7118644118309021,0.5880333185195923,0.515334963798523,0.9751813411712646,165.19595336914062,1277.0,3.0,3.0,3.0,0.515334963798523,0.4255770146846771,0.07794189453125,0.7036235332489014,0.7039359211921692,2.625040292739868,2.3357627391815186,4.157651424407959,Triangle
66.0,98.0,0.6734693646430969,0.502738356590271,0.5098175406455994,0.9761693477630615,287.095458984375,3297.5,3.0,3.0,3.0,0.5098175406455994,0.3508336842060089,0.201263427734375,0.937752366065979,0.6469731330871582,1.85629403591156,2.2247393131256104,3.1572651863098145,Triangle
64.0,47.0,0.734375,0.5930804014205933,0.5246010422706604,0.9776951670646667,182.85281372070312,1578.0,3.0,3.0,3.0,0.5246010422706604,0.4235793650150299,0.0963134765625,0.7748879194259644,0.701102614402771,2.5168397426605225,2.3344271183013916,3.9330713748931885,Triangle
76.0,49.0,0.6447368264198303,0.5713387727737427,0.521885097026825,0.9795867204666138,206.75230407714844,1943.5,3.0,3.0,3.0,0.521885097026825,0.3978891670703888,0.118621826171875,0.6794072389602661,0.6827540397644043,2.191559314727783,2.297388792037964,3.5525472164154053,Triangle
78.0,92.0,0.8478260636329651,0.5405734181404114,0.511357307434082,0.9786638021469116,292.0660095214844,3669.5,3.0,3.0,3.0,0.511357307434082,0.4057607054710388,0.223968505859375,0.8983657360076904,0.6964905261993408,2.4478671550750732,2.3138251304626465,3.8283817768096924,Triangle
86.0,59.0,0.6860465407371521,0.5781511068344116,0.5109381079673767,0.9814499616622925,237.37973022460938,2592.5,3.0,3.0,3.0,0.5109381079673767,0.41094592213630676,0.158233642578125,0.676084578037262,0.6990358233451843,2.505032539367676,2.322727918624878,4.010502338409424,Triangle
46.0,46.0,1.0,0.577025830745697,0.5200850367546082,0.9666227698326111,154.81118774414062,1100.5,3.0,3.0,3.0,0.5200850367546082,0.4108467996120453,0.067169189453125,0.8840160369873047,0.695079505443573,2.385612964630127,2.3313751220703125,4.073005199432373,Triangle
104.0,44.0,0.42307692766189575,0.49594783782958984,0.5133303999900818,0.981613039970398,243.96551513671875,2349.0,3.0,3.0,3.0,0.5133303999900818,0.2818079888820648,0.14337158203125,0.5670692324638367,0.6072463989257812,1.6150742769241333,2.217728614807129,3.457911491394043,Triangle
107.0,63.0,0.5887850522994995,0.5491251945495605,0.5094941258430481,0.9838155508041382,280.35028076171875,3434.5,3.0,3.0,3.0,0.5094941258430481,0.3732292652130127,0.209625244140625,0.5283161997795105,0.6718593835830688,2.0748283863067627,2.2758007049560547,3.499119520187378,Triangle
96.0,45.0,0.46875,0.5308130383491516,0.5144675970077515,0.985369086265564,229.37973022460938,2222.5,3.0,3.0,3.0,0.5144675970077515,0.3134082555770874,0.135650634765625,0.35454505681991577,0.6328657269477844,1.7572805881500244,2.2427470684051514,3.478184700012207,Triangle
102.0,44.0,0.4313725531101227,0.4932633340358734,0.5184937715530396,0.9806152582168579,243.480224609375,2327.0,3.0,3.0,3.0,0.5184937715530396,0.2903299331665039,0.14202880859375,0.46235552430152893,0.6007338762283325,1.5820032358169556,2.1827199459075928,3.091632604598999,Triangle
97.0,89.0,0.9175257682800293,0.5593523383140564,0.5049229860305786,0.9833070039749146,312.9360656738281,4359.0,3.0,3.0,3.0,0.5049229860305786,0.42496415972709656,0.26605224609375,0.8235331177711487,0.715232253074646,3.8602705001831055,2.3424432277679443,5.349664688110352,Triangle
79.0,37.0,0.4683544337749481,0.5047182440757751,0.5172767639160156,0.9767441749572754,194.02438354492188,1512.0,3.0,3.0,3.0,0.5172767639160156,0.31621691584587097,0.09228515625,0.1876692771911621,0.6165671944618225,1.6621688604354858,2.196845769882202,3.0800492763519287,Triangle
97.0,71.0,0.7319587469100952,0.5806072354316711,0.5166981220245361,0.9836903810501099,277.5218505859375,3558.5,3.0,3.0,3.0,0.5166981220245361,0.4165882170200348,0.217193603515625,0.7387166023254395,0.7022110223770142,2.5874381065368652,2.326730728149414,4.001800060272217,Triangle
78.0,71.0,0.9102563858032227,0.5748505592346191,0.5189599394798279,0.9823961853981018,250.65179443359375,2874.0,3.0,3.0,3.0,0.5189599394798279,0.4202297329902649,0.1754150390625,0.84029221534729,0.706070601940155,2.7107651233673096,2.3373849391937256,4.304504871368408,Triangle
74.0,64.0,0.8648648858070374,0.580290675163269,0.5202702879905701,0.9803063273429871,230.9949493408203,2464.0,3.0,3.0,3.0,0.5202702879905701,0.4204809367656708,0.150390625,0.8296317458152771,0.7048360705375671,2.655672311782837,2.336198568344116,4.181753158569336,Triangle
67.0,77.0,0.8701298832893372,0.546561598777771,0.5123085975646973,0.9759970307350159,246.50965881347656,2643.0,3.0,3.0,3.0,0.5123085975646973,0.3711724281311035,0.16131591796875,0.9071558713912964,0.6724834442138672,2.0802695751190186,2.2866199016571045,3.660196304321289,Triangle
85.0,33.0,0.38823530077934265,0.4526218771934509,0.5215686559677124,0.9785953164100647,201.5391082763672,1463.0,3.0,3.0,3.0,0.5215686559677124,0.2636575698852539,0.08929443359375,0.4881841838359833,0.5554445385932922,1.3876601457595825,2.078220844268799,2.6862120628356934,Triangle
80.0,79.0,0.987500011920929,0.5624991059303284,0.5121044516563416,0.9803119897842407,268.8944396972656,3236.5,3.0,3.0,3.0,0.5121044516563416,0.3550138771533966,0.197540283203125,0.8949812054634094,0.667719304561615,2.0310585498809814,2.2856030464172363,3.764816999435425,Triangle
70.0,49.0,0.699999988079071,0.583284854888916,0.5132653117179871,0.9799610376358032,194.75230407714844,1760.5,3.0,3.0,3.0,0.5132653117179871,0.4228048026561737,0.107452392578125,0.6797847747802734,0.7050884366035461,2.676621198654175,2.3358590602874756,4.302980899810791,Triangle
93.0,63.0,0.6774193644523621,0.5763746500015259,0.5101553201675415,0.984032928943634,255.2792205810547,2989.0,3.0,3.0,3.0,0.5101553201675415,0.4117966592311859,0.18243408203125,0.6420845985412598,0.701176643371582,2.5667121410369873,2.326965570449829,4.206544399261475,Triangle
54.0,87.0,0.6206896305084229,0.4932374060153961,0.5143678188323975,0.9698976278305054,248.12489318847656,2416.5,3.0,3.0,3.0,0.5143678188323975,0.3455534875392914,0.147491455078125,0.9463094472885132,0.6392260193824768,1.799828052520752,2.2071776390075684,3.0547878742218018,Triangle
55.0,59.0,0.9322034120559692,0.5580500364303589,0.5157164931297302,0.9707076549530029,194.12489318847656,1673.5,3.0,3.0,3.0,0.5157164931297302,0.39845728874206543,0.102142333984375,0.8867868781089783,0.6904757618904114,2.315124273300171,2.3176591396331787,3.923128366470337,Triangle
81.0,68.0,0.8395061492919922,0.5680193305015564,0.5059912800788879,0.980130136013031,248.30865478515625,2787.0,3.0,3.0,3.0,0.5059912800788879,0.42722636461257935,0.17010498046875,0.7833665609359741,0.7147027254104614,3.571625232696533,2.34309458732605,5.040050029754639,Triangle
91.0,78.0,0.8571428656578064,0.5753006339073181,0.5166948437690735,0.9823222160339355,283.0365905761719,3667.5,3.0,3.0,3.0,0.5166948437690735,0.40909382700920105,0.223846435546875,0.8268128633499146,0.6998858451843262,2.5216805934906006,2.3254165649414062,4.051546096801758,Triangle
99.0,53.0,0.5353535413742065,0.5625380873680115,0.514293909072876,0.9841356873512268,245.52186584472656,2698.5,3.0,3.0,3.0,0.514293909072876,0.35617300868034363,0.164703369140625,0.35508885979652405,0.6616326570510864,1.9697846174240112,2.278592109680176,3.6618151664733887,Triangle
62.0,42.0,0.6774193644523621,0.586748480796814,0.5147849321365356,0.9892988801002502,169.4385986328125,1340.5,3.0,3.0,3.0,0.5147849321365356,0.4100833833217621,0.081817626953125,0.9755817651748657,0.6928688287734985,2.352862596511841,2.3167996406555176,3.7828519344329834,Triangle
72.0,71.0,0.9861111044883728,0.5651085376739502,0.5133998394012451,0.9772854447364807,241.5807342529297,2624.5,3.0,3.0,3.0,0.5133998394012451,0.4142824709415436,0.160186767578125,0.8609382510185242,0.7045345306396484,2.669466257095337,2.332382917404175,4.279257774353027,Triangle
71.0,29.0,0.4084506928920746,0.4537023901939392,0.5257406234741211,0.9765448570251465,173.15432739257812,1082.5,3.0,3.0,3.0,0.5257406234741211,0.28105098009109497,0.066070556640625,0.23067210614681244,0.5544740557670593,1.3828104734420776,2.0580644607543945,2.5881714820861816,Triangle
64.0,49.0,0.765625,0.5843955278396606,0.5145089030265808,0.9763994216918945,186.26702880859375,1613.5,3.0,3.0,3.0,0.5145089030265808,0.4324360191822052,0.098480224609375,0.7437240481376648,0.7106238007545471,2.9403810501098633,2.3438050746917725,4.461634159088135,Triangle
96.0,54.0,0.5625,0.5225105881690979,0.5143711566925049,0.9799705743789673,253.2375946044922,2666.5,3.0,3.0,3.0,0.5143711566925049,0.3558707535266876,0.162750244140625,0.5697770714759827,0.6440264582633972,1.8326903581619263,2.2199454307556152,3.117650270462036,Triangle
83.0,94.0,0.8829787373542786,0.5450910329818726,0.5108946561813354,0.9799631237983704,303.1370849609375,3986.0,3.0,3.0,3.0,0.5108946561813354,0.4036795198917389,0.2432861328125,0.8902679085731506,0.6974097490310669,2.470625877380371,2.317064046859741,3.9247705936431885,Triangle
85.0,31.0,0.364705890417099,0.4531635344028473,0.5214421153068542,0.984240710735321,195.19595336914062,1374.0,3.0,3.0,3.0,0.5214421153068542,0.24779362976551056,0.0838623046875,0.9994962215423584,0.5488411784172058,1.362658977508545,2.1092894077301025,2.849726676940918,Triangle
79.0,38.0,0.4810126721858978,0.5365145802497864,0.5174883604049683,0.9788910150527954,190.75230407714844,1553.5,3.0,3.0,3.0,0.5174883604049683,0.3248961269855499,0.094818115234375,0.1314125806093216,0.6368134021759033,1.778695821762085,2.252472162246704,3.4620988368988037,Triangle
80.0,81.0,0.9876543283462524,0.5571504831314087,0.5117284059524536,0.9786040782928467,273.480224609375,3316.0,3.0,3.0,3.0,0.5117284059524536,0.3970560133457184,0.202392578125,0.8687141537666321,0.6939421892166138,2.3925812244415283,2.3173892498016357,4.036192417144775,Triangle
58.0,81.0,0.7160493731498718,0.5192421078681946,0.5141549706459045,0.9714457988739014,241.78173828125,2415.5,3.0,3.0,3.0,0.5141549706459045,0.37595221400260925,0.147430419921875,0.9289209842681885,0.6692928671836853,2.043478488922119,2.2672653198242188,3.3626413345336914,Triangle
61.0,85.0,0.7176470756530762,0.5184025168418884,0.5134040713310242,0.9741994738578796,254.02438354492188,2662.0,3.0,3.0,3.0,0.5134040713310242,0.37055423855781555,0.1624755859375,0.9298803806304932,0.6665942668914795,2.018321990966797,2.2621238231658936,3.3477706909179688,Triangle
90.0,66.0,0.7333333492279053,0.5769842863082886,0.5106902122497559,0.9818741083145142,257.0365905761719,3033.5,3.0,3.0,3.0,0.5106902122497559,0.4210038483142853,0.185150146484375,0.7115282416343689,0.7069336771965027,2.7785873413085938,2.3334898948669434,4.303432941436768,Triangle
103.0,63.0,0.6116504669189453,0.5621658563613892,0.509169340133667,0.9839190244674683,271.7644958496094,3304.0,3.0,3.0,3.0,0.509169340133667,0.38366737961769104,0.20166015625,0.5843768119812012,0.6803058385848999,2.1744182109832764,2.291015863418579,3.6342599391937256,Triangle
58.0,47.0,0.8103448152542114,0.5774645805358887,0.5194423794746399,0.9748709201812744,175.5391082763672,1416.0,3.0,3.0,3.0,0.5194423794746399,0.38741812109947205,0.08642578125,0.8463025689125061,0.6784812211990356,2.1389245986938477,2.2989695072174072,3.653797149658203,Triangle
79.0,47.0,0.594936728477478,0.5833360552787781,0.5176407098770142,0.9848834276199341,203.480224609375,1922.0,3.0,3.0,3.0,0.5176407098770142,0.39016085863113403,0.1173095703125,0.5562409162521362,0.6817914843559265,2.181152820587158,2.3057844638824463,3.8071796894073486,Triangle
89.0,53.0,0.5955055952072144,0.532548189163208,0.5156879425048828,0.9796617031097412,239.5807342529297,2432.5,3.0,3.0,3.0,0.5156879425048828,0.3660222887992859,0.148468017578125,0.649114191532135,0.6518650650978088,1.889401912689209,2.235527992248535,3.1793129444122314,Triangle
58.0,54.0,0.931034505367279,0.5822367072105408,0.524904191493988,0.9771173596382141,188.36753845214844,1644.0,3.0,3.0,3.0,0.524904191493988,0.4118993580341339,0.100341796875,0.8664923906326294,0.6985254883766174,2.456092119216919,2.3347103595733643,4.099249839782715,Triangle
82.0,108.0,0.7592592835426331,0.5208960771560669,0.5088640451431274,0.980313241481781,329.7228698730469,4506.5,3.0,3.0,3.0,0.5088640451431274,0.3580671548843384,0.275054931640625,0.9241548776626587,0.6610263586044312,1.970685362815857,2.2575674057006836,3.387179136276245,Triangle
79.0,90.0,0.8777777552604675,0.5452502965927124,0.5113924145698547,0.9796578288078308,289.480224609375,3636.0,3.0,3.0,3.0,0.5113924145698547,0.41079315543174744,0.221923828125,0.8885366916656494,0.7004175186157227,2.546383857727051,2.321232318878174,3.9509437084198,Triangle
75.0,63.0,0.8399999737739563,0.5690922141075134,0.5062434077262878,0.9809309244155884,229.82337951660156,2392.0,3.0,3.0,3.0,0.5062434077262878,0.4288387596607208,0.14599609375,0.7857404351234436,0.715069591999054,3.668863296508789,2.3440487384796143,5.151254653930664,Triangle
98.0,65.0,0.6632652878761292,0.5750676393508911,0.5096546411514282,0.9842352867126465,266.35028076171875,3246.5,3.0,3.0,3.0,0.5096546411514282,0.4069790244102478,0.198150634765625,0.6168138384819031,0.6987733244895935,2.502969264984131,2.322911024093628,4.1385817527771,Triangle
73.0,29.0,0.39726027846336365,0.4505968987941742,0.5245630741119385,0.9728427529335022,175.98275756835938,1110.5,3.0,3.0,3.0,0.5245630741119385,0.27253755927085876,0.067779541015625,0.2665140628814697,0.5507384538650513,1.369715929031372,2.055457830429077,2.5966076850891113,Triangle
78.0,45.0,0.5769230723381042,0.5555703043937683,0.5118233561515808,0.9784858226776123,201.5807342529297,1796.5,3.0,3.0,3.0,0.5118233561515808,0.3745861351490021,0.109649658203125,0.5042700171470642,0.6704779267311096,2.054551362991333,2.280639410018921,3.532095193862915,Triangle
61.0,72.0,0.8472222089767456,0.5445132851600647,0.5129781365394592,0.9723780751228333,228.02438354492188,2253.0,3.0,3.0,3.0,0.5129781365394592,0.3730005621910095,0.13751220703125,0.9105722904205322,0.6718465089797974,2.0728707313537598,2.2845516204833984,3.61517333984375,Triangle
70.0,52.0,0.7428571581840515,0.575131893157959,0.5067307949066162,0.9764425754547119,200.75230407714844,1844.5,3.0,3.0,3.0,0.5067307949066162,0.4239497482776642,0.112579345703125,0.7094313502311707,0.7099330425262451,2.9492831230163574,2.337435483932495,4.505563735961914,Triangle
63.0,69.0,0.9130434989929199,0.552007257938385,0.5135725736618042,0.9748908281326294,225.4385986328125,2232.5,3.0,3.0,3.0,0.5135725736618042,0.3833922743797302,0.136260986328125,0.8948894739151001,0.6823703050613403,2.196899175643921,2.3036015033721924,3.806645154953003,Triangle
73.0,63.0,0.8630136847496033,0.5620578527450562,0.5141335129737854,0.9776721000671387,229.92388916015625,2364.5,3.0,3.0,3.0,0.5141335129737854,0.35894742608070374,0.144317626953125,0.8663901686668396,0.6667807102203369,2.0186033248901367,2.2825443744659424,3.6394622325897217,Triangle
78.0,82.0,0.9512194991111755,0.553272545337677,0.5117260813713074,0.9783291220664978,272.65179443359375,3273.0,3.0,3.0,3.0,0.5117260813713074,0.38722968101501465,0.19976806640625,0.8820279240608215,0.6875386238098145,2.277235746383667,2.308788299560547,3.913102388381958,Triangle
66.0,44.0,0.6666666865348816,0.5780104398727417,0.5247933864593506,0.9769230484962463,182.02438354492188,1524.0,3.0,3.0,3.0,0.5247933864593506,0.404073029756546,0.093017578125,0.7297106981277466,0.6850213408470154,2.214498519897461,2.3048880100250244,3.5682480335235596,Triangle
52.0,81.0,0.6419752836227417,0.500902533531189,0.5150759816169739,0.9687430262565613,233.2964630126953,2169.5,3.0,3.0,3.0,0.5150759816169739,0.3551492691040039,0.132415771484375,0.9428563714027405,0.6479374170303345,1.8598361015319824,2.2252771854400635,3.1283302307128906,Triangle
78.0,85.0,0.9176470637321472,0.5515207648277283,0.5118401050567627,0.9804969429969788,278.0660095214844,3393.5,3.0,3.0,3.0,0.5118401050567627,0.3967902660369873,0.207122802734375,0.8869377374649048,0.6942291259765625,2.396815538406372,2.3159546852111816,3.957049608230591,Triangle
56.0,53.0,0.9464285969734192,0.575722336769104,0.5166779160499573,0.9758192896842957,182.9533233642578,1533.5,3.0,3.0,3.0,0.5166779160499573,0.4221624433994293,0.093597412109375,0.8549675345420837,0.7069391012191772,2.7347681522369385,2.340705156326294,4.350296974182129,Triangle
50.0,62.0,0.8064516186714172,0.5436140298843384,0.5169354677200317,0.9691563248634338,192.46803283691406,1602.5,3.0,3.0,3.0,0.5169354677200317,0.40383821725845337,0.097808837890625,0.9090229272842407,0.6901760101318359,2.3071837425231934,2.310364246368408,3.6957907676696777,Triangle
66.0,53.0,0.8030303120613098,0.5884777307510376,0.5231561064720154,0.97678142786026,197.68124389648438,1830.0,3.0,3.0,3.0,0.5231561064720154,0.4340597987174988,0.1116943359375,0.7934108376502991,0.7098163962364197,2.8459720611572266,2.3466081619262695,4.297181129455566,Triangle
56.0,49.0,0.875,0.5725112557411194,0.5081996917724609,0.972115695476532,174.9533233642578,1394.5,3.0,3.0,3.0,0.5081996917724609,0.4350435435771942,0.085113525390625,0.8115072250366211,0.7161716818809509,4.001671314239502,2.348597288131714,5.504051208496094,Triangle
75.0,59.0,0.7866666913032532,0.5607172846794128,0.5146892666816711,0.9770484566688538,225.92388916015625,2277.5,3.0,3.0,3.0,0.5146892666816711,0.37312018871307373,0.139007568359375,0.8235974907875061,0.6720098257064819,2.0718774795532227,2.283433437347412,3.5601329803466797,Triangle
105.0,88.0,0.8380952477455139,0.5640319585800171,0.5044372081756592,0.9840599894523621,322.2497863769531,4661.0,3.0,3.0,3.0,0.5044372081756592,0.42421627044677734,0.28448486328125,0.782123327255249,0.714958131313324,3.75221848487854,2.341806411743164,5.2447309494018555,Triangle
94.0,79.0,0.8404255509376526,0.5654903650283813,0.5050498247146606,0.9821919798851013,288.69342041015625,3750.5,3.0,3.0,3.0,0.5050498247146606,0.4257507622241974,0.228912353515625,0.7817809581756592,0.7150960564613342,3.7674245834350586,2.3426613807678223,5.257941722869873,Triangle
72.0,62.0,0.8611111044883728,0.5770565867424011,0.5142248868942261,0.9778487682342529,223.5807342529297,2295.5,3.0,3.0,3.0,0.5142248868942261,0.40193313360214233,0.140106201171875,0.836885392665863,0.6931225657463074,2.369316577911377,2.3178226947784424,3.949575185775757,Triangle
43.0,28.0,0.6511628031730652,0.564623236656189,0.5307309031486511,0.9659863710403442,119.25482940673828,639.0,4.0,3.0,3.0,0.5307309031486511,0.39014896750450134,0.03900146484375,0.8072073459625244,0.6580323576927185,1.9156290292739868,2.274773120880127,3.2557179927825928,Triangle
69.0,82.0,0.8414633870124817,0.5420320630073547,0.5127253532409668,0.9775905609130859,259.3381042480469,2901.0,3.0,3.0,3.0,0.5127253532409668,0.40099868178367615,0.17706298828125,0.9043735265731812,0.6926773190498352,2.3646914958953857,2.3095862865448,3.7702643871307373,Triangle
53.0,82.0,0.6463414430618286,0.49855563044548035,0.5115048289299011,0.9713786244392395,236.71067810058594,2223.0,3.0,3.0,3.0,0.5115048289299011,0.3348837196826935,0.13568115234375,0.9503719806671143,0.6297502517700195,1.7408705949783325,2.195363759994507,3.0334699153900146,Triangle
92.0,44.0,0.47826087474823,0.5415103435516357,0.5150691866874695,0.9897934794425964,219.96551513671875,2085.0,3.0,3.0,3.0,0.5150691866874695,0.32042160630226135,0.12725830078125,0.9827808141708374,0.637330949306488,1.7850998640060425,2.2521862983703613,3.5463318824768066,Triangle
63.0,74.0,0.8513513803482056,0.5458900332450867,0.513942539691925,0.9789581298828125,234.85281372070312,2396.0,3.0,3.0,3.0,0.513942539691925,0.4051358997821808,0.146240234375,0.9021798968315125,0.6948671936988831,2.4043304920196533,2.314722776412964,3.817626714706421,Triangle
72.0,37.0,0.5138888955116272,0.47541534900665283,0.512575089931488,0.9694710969924927,189.98275756835938,1365.5,3.0,3.0,3.0,0.512575089931488,0.310693621635437,0.083343505859375,0.6749632358551025,0.5906607508659363,1.5354974269866943,2.109267473220825,2.723491907119751,Triangle
81.0,40.0,0.4938271641731262,0.5264603495597839,0.5168209671974182,0.979812741279602,199.9238739013672,1674.5,3.0,3.0,3.0,0.5168209671974182,0.3326617479324341,0.102203369140625,0.10381760448217392,0.6363864541053772,1.777848243713379,2.2366976737976074,3.296126365661621,Triangle
85.0,76.0,0.8941176533699036,0.5702003836631775,0.5119194984436035,0.9814512729644775,269.96551513671875,3307.0,3.0,3.0,3.0,0.5119194984436035,0.4200475215911865,0.20184326171875,0.8247604966163635,0.7088775038719177,2.873823881149292,2.336855411529541,4.437346935272217,Triangle
75.0,89.0,0.8426966071128845,0.5407890677452087,0.5120599269866943,0.9779685139656067,281.8233642578125,3418.0,3.0,3.0,3.0,0.5120599269866943,0.4048146903514862,0.2086181640625,0.8984711170196533,0.6954010128974915,2.423633337020874,2.3122782707214355,3.807981252670288,Triangle
67.0,38.0,0.5671641826629639,0.5332123041152954,0.5204241871833801,0.9735488891601562,176.71067810058594,1325.0,3.0,3.0,3.0,0.5204241871833801,0.3649623990058899,0.08087158203125,0.6186420917510986,0.6441934704780579,1.8268142938613892,2.229459524154663,3.120945453643799,Triangle
87.0,105.0,0.8285714387893677,0.5351563692092896,0.5101258754730225,0.9809494018554688,330.7939453125,4660.0,3.0,3.0,3.0,0.5101258754730225,0.39723119139671326,0.284423828125,0.8954513072967529,0.6920992136001587,2.3602535724639893,2.306427478790283,3.75492787361145,Triangle
62.0,57.0,0.9193548560142517,0.5716760754585266,0.5120260119438171,0.9796968102455139,199.4385986328125,1809.5,3.0,3.0,3.0,0.5120260119438171,0.4355451762676239,0.110443115234375,0.8296053409576416,0.7157758474349976,3.6989071369171143,2.3491199016571045,5.252196311950684,Triangle
44.0,67.0,0.6567164063453674,0.5094432830810547,0.5174694657325745,0.9648956060409546,193.98275756835938,1525.5,3.0,3.0,3.0,0.5174694657325745,0.3607676029205322,0.093109130859375,0.9428654313087463,0.6514317393302917,1.8831030130386353,2.236741304397583,3.169959783554077,Triangle
61.0,49.0,0.8032786846160889,0.5681140422821045,0.5173971056938171,0.9738665223121643,184.9533233642578,1546.5,3.0,3.0,3.0,0.5173971056938171,0.3770877718925476,0.094390869140625,0.8401435017585754,0.6730251908302307,2.0769801139831543,2.2909884452819824,3.5954668521881104,Triangle
91.0,76.0,0.8351648449897766,0.566286027431488,0.5052053332328796,0.981874406337738,278.4508056640625,3494.0,3.0,3.0,3.0,0.5052053332328796,0.42501378059387207,0.2132568359375,0.7813791632652283,0.7143309712409973,3.513178825378418,2.3415846824645996,4.980599403381348,Triangle
90.0,90.0,1.0,0.5586490631103516,0.5106790065765381,0.9833590984344482,305.0365905761719,4136.5,3.0,3.0,3.0,0.5106790065765381,0.4116472899913788,0.252471923828125,0.8616878986358643,0.7046822309494019,2.687741756439209,2.330317735671997,4.283902645111084,Triangle
87.0,88.0,0.9886363744735718,0.5580828189849854,0.5109717845916748,0.9804511070251465,296.7939453125,3912.0,3.0,3.0,3.0,0.5109717845916748,0.4075266420841217,0.23876953125,0.8659984469413757,0.7022077441215515,2.6011359691619873,2.3268561363220215,4.200064659118652,Triangle
56.0,61.0,0.9180327653884888,0.5554775595664978,0.5152224898338318,0.9707666635513306,199.5391082763672,1760.0,3.0,3.0,3.0,0.5152224898338318,0.39543068408966064,0.107421875,0.8870120048522949,0.6884962320327759,2.2833194732666016,2.3144164085388184,3.8826992511749268,Triangle
85.0,40.0,0.47058823704719543,0.5113112330436707,0.5202941298484802,0.9795127511024475,208.50965881347656,1769.0,3.0,3.0,3.0,0.5202941298484802,0.318803995847702,0.10797119140625,0.18365521728992462,0.6203282475471497,1.6810075044631958,2.2093589305877686,3.139224052429199,Triangle
88.0,67.0,0.7613636255264282,0.5765100121498108,0.5107700228691101,0.9815840721130371,256.2081604003906,3011.5,3.0,3.0,3.0,0.5107700228691101,0.4255324900150299,0.183807373046875,0.7311997413635254,0.7103255391120911,2.9677958488464355,2.3387680053710938,4.494353294372559,Triangle
81.0,42.0,0.5185185074806213,0.5251986980438232,0.5138154029846191,0.979546070098877,204.50965881347656,1748.0,3.0,3.0,3.0,0.5138154029846191,0.3447512686252594,0.106689453125,0.35487687587738037,0.6448174118995667,1.83698308467865,2.2373104095458984,3.2559280395507812,Triangle
81.0,69.0,0.8518518805503845,0.574823260307312,0.5127930045127869,0.9813387989997864,250.30865478515625,2866.0,3.0,3.0,3.0,0.5127930045127869,0.4257749915122986,0.1749267578125,0.8026323914527893,0.7113457322120667,3.03193736076355,2.340790033340454,4.521345138549805,Triangle
68.0,72.0,0.9444444179534912,0.5581943392753601,0.5135825276374817,0.9766945242881775,237.9238739013672,2514.5,3.0,3.0,3.0,0.5135825276374817,0.4152910113334656,0.153472900390625,0.8760251402854919,0.704132080078125,2.651834726333618,2.3314974308013916,4.17545747756958,Triangle
54.0,32.0,0.5925925970077515,0.5326158404350281,0.5251736044883728,0.9731903672218323,146.32589721679688,907.5,3.0,3.0,3.0,0.5251736044883728,0.3627967834472656,0.055389404296875,0.7444239258766174,0.6365564465522766,1.7702674865722656,2.2205708026885986,3.0432450771331787,Triangle
59.0,70.0,0.8428571224212646,0.5455191731452942,0.5142857432365417,0.9729729890823364,221.19595336914062,2124.0,3.0,3.0,3.0,0.5142857432365417,0.3712801933288574,0.129638671875,0.9129761457443237,0.670016884803772,2.0526504516601562,2.2830300331115723,3.599485158920288,Triangle
83.0,94.0,0.8829787373542786,0.5450910329818726,0.5108946561813354,0.979722261428833,303.1370849609375,3986.0,3.0,3.0,3.0,0.5108946561813354,0.40236133337020874,0.2432861328125,0.8915404081344604,0.6967722773551941,2.455700397491455,2.3161869049072266,3.9162440299987793,Triangle
90.0,76.0,0.8444444537162781,0.5765184760093689,0.5169590711593628,0.9818131327629089,277.62237548828125,3536.0,3.0,3.0,3.0,0.5169590711593628,0.42622116208076477,0.2158203125,0.8041772246360779,0.7099277377128601,2.9147603511810303,2.3403027057647705,4.4098052978515625,Triangle
83.0,81.0,0.9759036302566528,0.5628322958946228,0.5116763114929199,0.9806157350540161,277.1370849609375,3440.0,3.0,3.0,3.0,0.5116763114929199,0.4252956807613373,0.2099609375,0.842954158782959,0.7116479277610779,3.0719454288482666,2.340799570083618,4.617753028869629,Triangle
88.0,22.0,0.25,0.34349319338798523,0.5299586653709412,0.9725118279457092,193.7401123046875,1026.0,3.0,3.0,3.0,0.5299586653709412,0.1724993735551834,0.0626220703125,0.8690318465232849,0.42140334844589233,0.9686701893806458,2.033886194229126,2.9942920207977295,Triangle
113.0,83.0,0.7345132827758789,0.5766361951828003,0.5140739679336548,0.9854879975318909,324.1492919921875,4821.5,3.0,3.0,3.0,0.5140739679336548,0.4104049503803253,0.294281005859375,0.7493380308151245,0.6998722553253174,2.5274300575256348,2.3210034370422363,3.9263365268707275,Triangle
85.0,48.0,0.5647059082984924,0.5224417448043823,0.5162990093231201,0.977948009967804,225.095458984375,2106.5,3.0,3.0,3.0,0.5162990093231201,0.3562832772731781,0.128570556640625,0.6010962128639221,0.6413693428039551,1.8125618696212769,2.216686725616455,3.0899455547332764,Triangle
65.0,97.0,0.6701030731201172,0.501873791217804,0.5097541809082031,0.9751213788986206,283.6812438964844,3214.0,3.0,3.0,3.0,0.5097541809082031,0.34562304615974426,0.1961669921875,0.936062216758728,0.6435511708259583,1.8318876028060913,2.219858407974243,3.1412644386291504,Triangle
109.0,53.0,0.4862385392189026,0.523396909236908,0.5173100233078003,0.984840989112854,267.864990234375,2988.5,3.0,3.0,3.0,0.5173100233078003,0.3259712755680084,0.182403564453125,0.17638090252876282,0.6343941688537598,1.7675807476043701,2.231907367706299,3.3017804622650146,Triangle
87.0,39.0,0.4482758641242981,0.46761390566825867,0.5162098407745361,0.9760379195213318,216.9533233642578,1751.5,3.0,3.0,3.0,0.5162098407745361,0.29946431517601013,0.106903076171875,0.28569212555885315,0.5820201635360718,1.496628761291504,2.097933769226074,2.7015044689178467,Triangle
77.0,77.0,1.0,0.5619221925735474,0.5123966932296753,0.9790525436401367,260.65179443359375,3038.0,3.0,3.0,3.0,0.5123966932296753,0.41060978174209595,0.1854248046875,0.8645769357681274,0.7031176090240479,2.623908758163452,2.329669237136841,4.231554985046387,Triangle
92.0,45.0,0.489130437374115,0.5353997349739075,0.5150966048240662,0.9815880060195923,223.72286987304688,2132.5,3.0,3.0,3.0,0.5150966048240662,0.32772138714790344,0.130157470703125,0.20106512308120728,0.6405578255653381,1.8066315650939941,2.2510626316070557,3.4666085243225098,Triangle
52.0,86.0,0.604651153087616,0.49029362201690674,0.5164356231689453,0.9705820679664612,243.2964630126953,2309.5,3.0,3.0,3.0,0.5164356231689453,0.3234991133213043,0.140960693359375,0.9538665413856506,0.6124022603034973,1.6423362493515015,2.1640546321868896,2.910686492919922,Triangle
63.0,53.0,0.841269850730896,0.5774651169776917,0.5149745345115662,0.9811697602272034,193.4385986328125,1719.5,3.0,3.0,3.0,0.5149745345115662,0.385570228099823,0.104949951171875,0.8371106386184692,0.6806728839874268,2.16947865486145,2.3037829399108887,3.7541513442993164,Triangle
69.0,43.0,0.6231883764266968,0.5685480833053589,0.5210650563240051,0.981587290763855,184.85281372070312,1546.0,3.0,3.0,3.0,0.5210650563240051,0.39443689584732056,0.0943603515625,0.648131251335144,0.6805943250656128,2.1612179279327393,2.2960853576660156,3.542675018310547,Triangle
62.0,43.0,0.6935483813285828,0.5953575372695923,0.5258814692497253,0.9887164831161499,172.02438354492188,1402.0,3.0,3.0,3.0,0.5258814692497253,0.41740304231643677,0.0855712890625,0.9529014825820923,0.6949723958969116,2.3727846145629883,2.3250019550323486,3.7654271125793457,Triangle
68.0,48.0,0.7058823704719543,0.5844040513038635,0.5139399766921997,0.977849006652832,189.92388916015625,1677.5,3.0,3.0,3.0,0.5139399766921997,0.42040759325027466,0.102386474609375,0.6997905373573303,0.7023683190345764,2.584432363510132,2.3311092853546143,4.095569610595703,Triangle
70.0,86.0,0.8139534592628479,0.5366488695144653,0.5123754143714905,0.981699526309967,268.7523193359375,3084.5,3.0,3.0,3.0,0.5123754143714905,0.395776629447937,0.188262939453125,0.9074603319168091,0.6895247101783752,2.3086864948272705,2.303471088409424,3.6974434852600098,Triangle
60.0,73.0,0.8219178318977356,0.5372862219810486,0.5127853751182556,0.9718736410140991,229.19595336914062,2246.0,3.0,3.0,3.0,0.5127853751182556,0.3793697953224182,0.1370849609375,0.9132155179977417,0.676371693611145,2.121145009994507,2.289424419403076,3.594754457473755,Triangle
93.0,34.0,0.3655914068222046,0.45218342542648315,0.5196078419685364,0.9768133163452148,213.68124389648438,1643.0,3.0,3.0,3.0,0.5196078419685364,0.24703867733478546,0.10028076171875,0.6706611514091492,0.5567145347595215,1.3932909965515137,2.144681930541992,3.0655369758605957,Triangle
72.0,57.0,0.7916666865348816,0.5800173282623291,0.5130360722541809,0.9799860119819641,213.5807342529297,2105.5,3.0,3.0,3.0,0.5130360722541809,0.4314073920249939,0.128509521484375,0.7601585984230042,0.7122820019721985,3.097168207168579,2.343815326690674,4.59263801574707,Triangle
69.0,69.0,1.0,0.5645403861999512,0.513757586479187,0.9774225950241089,233.33810424804688,2446.0,3.0,3.0,3.0,0.513757586479187,0.360477477312088,0.1492919921875,0.8965628147125244,0.6699225902557373,2.051020860671997,2.2905006408691406,3.7843549251556396,Triangle
60.0,38.0,0.6333333253860474,0.5866793394088745,0.5151315927505493,0.9754983186721802,158.61016845703125,1174.5,3.0,3.0,3.0,0.5151315927505493,0.4072757661342621,0.071685791015625,0.6130759716033936,0.6917548179626465,2.329512119293213,2.322624921798706,3.9802327156066895,Triangle
83.0,81.0,0.9759036302566528,0.5628322958946228,0.5116763114929199,0.9796383380889893,277.1370849609375,3440.0,3.0,3.0,3.0,0.5116763114929199,0.4217856228351593,0.2099609375,0.8531826138496399,0.7098522186279297,2.9354026317596436,2.3380966186523438,4.497918128967285,Triangle
99.0,42.0,0.42424243688583374,0.49830225110054016,0.5146704912185669,0.9814262986183167,232.30865478515625,2140.0,3.0,3.0,3.0,0.5146704912185669,0.28358882665634155,0.130615234375,0.5603028535842896,0.6067375540733337,1.6120458841323853,2.216517925262451,3.4321107864379883,Triangle
101.0,67.0,0.6633663177490234,0.5744767189025879,0.5093837976455688,0.9849978685379028,274.5929260253906,3447.0,3.0,3.0,3.0,0.5093837976455688,0.4001989960670471,0.21038818359375,0.6739227771759033,0.6931725740432739,2.3788819313049316,2.3113842010498047,3.842560291290283,Triangle
75.0,30.0,0.4000000059604645,0.487295538187027,0.5239999890327454,0.9751861095428467,174.36752319335938,1179.0,3.0,3.0,3.0,0.5239999890327454,0.2739309072494507,0.07196044921875,0.5818495154380798,0.5870959758758545,1.5151920318603516,2.2079014778137207,3.3805572986602783,Triangle
94.0,64.0,0.6808510422706604,0.5761893391609192,0.5100564956665039,0.9823915362358093,258.69342041015625,3068.5,3.0,3.0,3.0,0.5100564956665039,0.4124046862125397,0.187286376953125,0.6456182599067688,0.7018601894378662,2.5878231525421143,2.327634334564209,4.222494125366211,Triangle
92.0,42.0,0.45652174949645996,0.5159172415733337,0.520056962966919,0.9802439212799072,221.2375946044922,2009.5,3.0,3.0,3.0,0.520056962966919,0.3088188171386719,0.122650146484375,0.3305484354496002,0.6184316873550415,1.6719927787780762,2.2182717323303223,3.2599399089813232,Triangle
46.0,77.0,0.5974025726318359,0.4873773753643036,0.5175042152404785,0.9644830226898193,217.39697265625,1833.0,3.0,3.0,3.0,0.5175042152404785,0.32768452167510986,0.11187744140625,0.9560458064079285,0.6137991547584534,1.6477216482162476,2.166665554046631,2.9009554386138916,Triangle
67.0,62.0,0.9253731369972229,0.5731430053710938,0.5146846175193787,0.9767016768455505,216.50967407226562,2138.0,3.0,3.0,3.0,0.5146846175193787,0.43422847986221313,0.1304931640625,0.828386127948761,0.7146996259689331,3.388740062713623,2.3486242294311523,4.972859859466553,Triangle
91.0,51.0,0.5604395866394043,0.5503585338592529,0.5103425979614258,0.9811516404151917,232.55130004882812,2368.5,3.0,3.0,3.0,0.5103425979614258,0.36538931727409363,0.144561767578125,0.42520615458488464,0.6665667295455933,2.0173966884613037,2.275191307067871,3.5320279598236084,Triangle
77.0,52.0,0.6753246784210205,0.5808247923851013,0.5122377872467041,0.9811049699783325,210.6518096923828,2051.0,3.0,3.0,3.0,0.5122377872467041,0.40778011083602905,0.12518310546875,0.6962562799453735,0.6951197385787964,2.4101409912109375,2.317660093307495,3.8800759315490723,Triangle
89.0,57.0,0.6404494643211365,0.5527946949005127,0.5190222859382629,0.9802680611610413,244.6518096923828,2633.0,3.0,3.0,3.0,0.5190222859382629,0.38314321637153625,0.16070556640625,0.6896688938140869,0.6727789044380188,2.0766420364379883,2.274775266647339,3.393549680709839,Triangle
72.0,54.0,0.75,0.5883966088294983,0.5218621492385864,0.980666995048523,208.16651916503906,2029.0,3.0,3.0,3.0,0.5218621492385864,0.4179985523223877,0.12384033203125,0.7843320369720459,0.6997016072273254,2.4946537017822266,2.3284223079681396,3.905552387237549,Triangle
113.0,75.0,0.6637167930603027,0.5724226236343384,0.5084365606307983,0.9859283566474915,307.5634765625,4309.0,3.0,3.0,3.0,0.5084365606307983,0.39914044737815857,0.26300048828125,0.6647912263870239,0.6935689449310303,2.3895180225372314,2.311093330383301,3.8583478927612305,Triangle
61.0,74.0,0.8243243098258972,0.5417734980583191,0.5141780972480774,0.9737780690193176,232.02438354492188,2321.0,3.0,3.0,3.0,0.5141780972480774,0.4035651981830597,0.14166259765625,0.9035096764564514,0.6925135850906372,2.3573882579803467,2.310659885406494,3.7465789318084717,Triangle
83.0,56.0,0.6746987700462341,0.5824545621871948,0.5197934508323669,0.9859212636947632,228.30865478515625,2416.0,3.0,3.0,3.0,0.5197934508323669,0.4063432514667511,0.1474609375,0.7090465426445007,0.6904962062835693,2.3133299350738525,2.3113694190979004,3.7178590297698975,Triangle
55.0,61.0,0.9016393423080444,0.5577654242515564,0.5162444114685059,0.970579981803894,197.5391082763672,1732.0,3.0,3.0,3.0,0.5162444114685059,0.3790622055530548,0.105712890625,0.906511127948761,0.677878201007843,2.1353001594543457,2.3006832599639893,3.7734427452087402,Triangle
70.0,92.0,0.760869562625885,0.5257121324539185,0.5120341777801514,0.9768922924995422,280.7523193359375,3297.5,3.0,3.0,3.0,0.5120341777801514,0.383181095123291,0.201263427734375,0.919022798538208,0.6783644556999207,2.1486024856567383,2.282761573791504,3.50014591217041,Triangle
91.0,83.0,0.9120879173278809,0.5705106258392334,0.5161525011062622,0.9822373390197754,293.0365905761719,3898.5,3.0,3.0,3.0,0.5161525011062622,0.40803712606430054,0.237945556640625,0.8453031778335571,0.7005963921546936,2.543138027191162,2.3270888328552246,4.145208358764648,Triangle
47.0,65.0,0.7230769395828247,0.5233280658721924,0.5142389535903931,0.9658776521682739,194.22540283203125,1571.0,3.0,3.0,3.0,0.5142389535903931,0.3481077253818512,0.09588623046875,0.9387928247451782,0.6457351446151733,1.8436002731323242,2.2406585216522217,3.2561395168304443,Triangle
55.0,45.0,0.8181818127632141,0.5768851041793823,0.5082828402519226,0.9744384288787842,165.5391082763672,1258.0,3.0,3.0,3.0,0.5082828402519226,0.43527865409851074,0.0767822265625,0.7704183459281921,0.7152613401412964,3.5605249404907227,2.347928285598755,5.071993827819824,Triangle
80.0,58.0,0.7250000238418579,0.5769066214561462,0.5199353694915771,0.9812893867492676,229.2375946044922,2412.5,3.0,3.0,3.0,0.5199353694915771,0.4007369875907898,0.147247314453125,0.7805687785148621,0.6878983974456787,2.2709758281707764,2.303981065750122,3.63421630859375,Triangle
86.0,60.0,0.6976743936538696,0.5781797766685486,0.5109496116638184,0.9823025465011597,239.37973022460938,2636.5,3.0,3.0,3.0,0.5109496116638184,0.41433966159820557,0.160919189453125,0.6786139607429504,0.7016606330871582,2.577908515930176,2.3265583515167236,4.09443998336792,Triangle
77.0,80.0,0.9624999761581421,0.5548909306526184,0.511931836605072,0.9776778817176819,267.2375793457031,3153.5,3.0,3.0,3.0,0.511931836605072,0.3947177827358246,0.192474365234375,0.8760230541229248,0.6919187903404236,2.35152006149292,2.3151113986968994,3.980159044265747,Triangle
77.0,55.0,0.7142857313156128,0.5806906223297119,0.5121605396270752,0.9805606007575989,216.6518096923828,2169.0,3.0,3.0,3.0,0.5121605396270752,0.41551899909973145,0.13238525390625,0.7225034832954407,0.7009109258651733,2.550558567047119,2.325835704803467,4.002875804901123,Triangle
76.0,72.0,0.9473684430122375,0.5677378177642822,0.5128837823867798,0.9783859252929688,249.2375946044922,2806.5,3.0,3.0,3.0,0.5128837823867798,0.4265363812446594,0.171295166015625,0.8414632081985474,0.7118018865585327,3.0690388679504395,2.3423516750335693,4.651477336883545,Triangle
95.0,35.0,0.3684210479259491,0.454528272151947,0.5193985104560852,0.9773627519607544,218.50965881347656,1727.0,3.0,3.0,3.0,0.5193985104560852,0.24874158203601837,0.10540771484375,0.691045343875885,0.5628575682640076,1.4169914722442627,2.1702778339385986,3.2698185443878174,Triangle
77.0,55.0,0.7142857313156128,0.5806906223297119,0.5121605396270752,0.9805606007575989,216.6518096923828,2169.0,3.0,3.0,3.0,0.5121605396270752,0.41551899909973145,0.13238525390625,0.7225034832954407,0.7009109258651733,2.550558567047119,2.325835704803467,4.002875804901123,Triangle
81.0,63.0,0.7777777910232544,0.5578050017356873,0.5136194229125977,0.9790810346603394,242.9949493408203,2621.0,3.0,3.0,3.0,0.5136194229125977,0.3719732165336609,0.15997314453125,0.8171777129173279,0.6715735793113708,2.0684995651245117,2.280907154083252,3.5406081676483154,Triangle
77.0,64.0,0.8311688303947449,0.5691916346549988,0.5060876607894897,0.9778474569320679,234.65179443359375,2494.0,3.0,3.0,3.0,0.5060876607894897,0.4300655722618103,0.1522216796875,0.7689887881278992,0.7156351804733276,3.9471893310546875,2.3447909355163574,5.480011463165283,Triangle
91.0,50.0,0.5494505763053894,0.5433013439178467,0.5102197527885437,0.9803631901741028,231.72286987304688,2321.5,3.0,3.0,3.0,0.5102197527885437,0.35942572355270386,0.141693115234375,0.36985403299331665,0.6618457436561584,1.97402822971344,2.2664496898651123,3.4676513671875,Triangle
88.0,61.0,0.6931818127632141,0.578477680683136,0.5188152194023132,0.9832303524017334,245.96551513671875,2785.0,3.0,3.0,3.0,0.5188152194023132,0.4038657248020172,0.16998291015625,0.7463654279708862,0.6901297569274902,2.3090083599090576,2.3069210052490234,3.6688241958618164,Triangle
62.0,65.0,0.9538461565971375,0.5622050762176514,0.5152605175971985,0.9739680886268616,215.4385986328125,2076.5,3.0,3.0,3.0,0.5152605175971985,0.3812646269798279,0.126739501953125,0.8944653272628784,0.6810071468353271,2.176826000213623,2.3049492835998535,3.8648223876953125,Triangle
89.0,89.0,1.0,0.5588672757148743,0.5107941031455994,0.9863481521606445,301.62237548828125,4046.0,3.0,3.0,3.0,0.5107941031455994,0.41236937046051025,0.2469482421875,0.8611171841621399,0.7051583528518677,2.7054378986358643,2.330817461013794,4.293481826782227,Triangle
51.0,43.0,0.843137264251709,0.5956672430038452,0.5291837453842163,0.9727577567100525,156.46803283691406,1160.5,3.0,3.0,3.0,0.5291837453842163,0.41567039489746094,0.070831298828125,0.8607484698295593,0.6976223587989807,2.4129390716552734,2.3390684127807617,3.952538251876831,Triangle
66.0,46.0,0.6969696879386902,0.5527627468109131,0.5172924995422363,0.9733498692512512,188.9533233642578,1570.5,3.0,3.0,3.0,0.5172924995422363,0.3773292005062103,0.095855712890625,0.7786303758621216,0.6678697466850281,2.0253403186798096,2.2724053859710693,3.393536329269409,Triangle
78.0,81.0,0.9629629850387573,0.5540111660957336,0.508942723274231,0.9834837317466736,270.0660095214844,3215.5,3.0,3.0,3.0,0.508942723274231,0.4213147461414337,0.196258544921875,0.8624380230903625,0.7093496322631836,2.913200616836548,2.3355584144592285,4.362436771392822,Triangle
81.0,57.0,0.7037037014961243,0.5795453786849976,0.5115876197814941,0.9798796772956848,226.30865478515625,2362.0,3.0,3.0,3.0,0.5115876197814941,0.41902899742126465,0.1441650390625,0.6819454431533813,0.7042593955993652,2.6592612266540527,2.3320088386535645,4.2398481369018555,Triangle
89.0,68.0,0.7640449404716492,0.5815643668174744,0.5177627205848694,0.9816729426383972,260.2081604003906,3133.5,3.0,3.0,3.0,0.5177627205848694,0.41988953948020935,0.191253662109375,0.7665297985076904,0.7039726972579956,2.6381731033325195,2.3309378623962402,4.057944297790527,Triangle
79.0,73.0,0.9240506291389465,0.5731256008148193,0.5185538530349731,0.9793679118156433,256.0660095214844,2990.5,3.0,3.0,3.0,0.5185538530349731,0.4185660183429718,0.182525634765625,0.8463696241378784,0.7052916288375854,2.685598373413086,2.3355374336242676,4.29257869720459,Triangle
72.0,62.0,0.8611111044883728,0.5682581067085266,0.5063844323158264,0.9770910143852234,223.5807342529297,2260.5,3.0,3.0,3.0,0.5063844323158264,0.4314213693141937,0.137969970703125,0.7833575010299683,0.7161794304847717,4.8464179039001465,2.345409631729126,6.304942607879639,Triangle
82.0,52.0,0.6341463327407837,0.5686899423599243,0.5112570524215698,0.9806567430496216,219.480224609375,2180.0,3.0,3.0,3.0,0.5112570524215698,0.39296838641166687,0.133056640625,0.6387578845024109,0.6835274696350098,2.2146108150482178,2.2964234352111816,3.641388416290283,Triangle
65.0,61.0,0.9384615421295166,0.572665274143219,0.5150063037872314,0.9749343395233154,211.68124389648438,2042.0,3.0,3.0,3.0,0.5150063037872314,0.3924788534641266,0.1246337890625,0.8676493167877197,0.6876818537712097,2.2725331783294678,2.313164234161377,3.947045087814331,Triangle
73.0,60.0,0.8219178318977356,0.5797040462493896,0.5143835544586182,0.9888084530830383,220.9949493408203,2253.0,3.0,3.0,3.0,0.5143835544586182,0.39295825362205505,0.13751220703125,0.9677278399467468,0.6862950921058655,2.252182722091675,2.3061599731445312,3.774019241333008,Triangle
46.0,63.0,0.7301587462425232,0.525748074054718,0.5146653056144714,0.9672503471374512,188.81118774414062,1491.5,3.0,3.0,3.0,0.5146653056144714,0.35459989309310913,0.091033935546875,0.9370049238204956,0.6499983072280884,1.874346375465393,2.247056484222412,3.2828235626220703,Triangle
87.0,81.0,0.931034505367279,0.5663102865219116,0.5114232897758484,0.9806802868843079,282.7939453125,3604.0,3.0,3.0,3.0,0.5114232897758484,0.42187532782554626,0.219970703125,0.8373416662216187,0.7103842496871948,2.9744434356689453,2.338752269744873,4.56162166595459,Triangle
83.0,54.0,0.650602400302887,0.5360276103019714,0.5145024657249451,0.9773256778717041,232.50965881347656,2306.0,3.0,3.0,3.0,0.5145024657249451,0.3658462464809418,0.1407470703125,0.7326908111572266,0.658750593662262,1.946146845817566,2.2483510971069336,3.2579774856567383,Triangle
98.0,65.0,0.6632652878761292,0.5585541129112244,0.5170329809188843,0.982254683971405,272.2081604003906,3293.5,3.0,3.0,3.0,0.5170329809188843,0.3879820704460144,0.201019287109375,0.7084821462631226,0.6787243485450745,2.1489264965057373,2.2840638160705566,3.4801435470581055,Triangle
72.0,73.0,0.9863013625144958,0.5620600581169128,0.5132229924201965,0.977532148361206,245.5807342529297,2697.5,3.0,3.0,3.0,0.5132229924201965,0.426289826631546,0.164642333984375,0.859567403793335,0.7106974720954895,2.972062110900879,2.341054677963257,4.467105865478516,Triangle
65.0,30.0,0.4615384638309479,0.49925634264945984,0.5192307829856873,0.9740259647369385,159.6396026611328,1012.5,3.0,3.0,3.0,0.5192307829856873,0.31442612409591675,0.061798095703125,0.1344967931509018,0.609291136264801,1.620669960975647,2.1853349208831787,2.998936653137207,Triangle
65.0,53.0,0.8153846263885498,0.5815341472625732,0.5143686532974243,0.9830790758132935,195.68124389648438,1772.0,3.0,3.0,3.0,0.5143686532974243,0.43374815583229065,0.108154296875,0.7817054986953735,0.7129003405570984,3.1336686611175537,2.3462069034576416,4.61698055267334,Triangle
75.0,67.0,0.8933333158493042,0.5732188820838928,0.5134328603744507,0.9791271090507507,237.82337951660156,2580.0,3.0,3.0,3.0,0.5134328603744507,0.43268483877182007,0.157470703125,0.8175533413887024,0.7149335145950317,3.4825310707092285,2.3473410606384277,5.047136306762695,Triangle
85.0,74.0,0.8705882430076599,0.5759693384170532,0.5177265405654907,0.980430543422699,266.5513000488281,3256.5,3.0,3.0,3.0,0.5177265405654907,0.4251966178417206,0.198760986328125,0.8189404606819153,0.7091842293739319,2.864901065826416,2.340191602706909,4.4007954597473145,Triangle
95.0,37.0,0.38947367668151855,0.47311878204345703,0.5192034244537354,0.9793399572372437,220.16651916503906,1825.0,3.0,3.0,3.0,0.5192034244537354,0.2628566324710846,0.11138916015625,0.6332497596740723,0.5778953433036804,1.4787205457687378,2.1814780235290527,3.2524447441101074,Triangle
77.0,74.0,0.9610389471054077,0.5660410523414612,0.5126360058784485,0.983667254447937,254.65179443359375,2921.0,3.0,3.0,3.0,0.5126360058784485,0.43138107657432556,0.17828369140625,0.8434221744537354,0.7145683765411377,3.428391218185425,2.3457584381103516,4.90947961807251,Triangle
109.0,68.0,0.6238532066345215,0.5620526075363159,0.5083647966384888,0.9845831990242004,290.2497863769531,3768.0,3.0,3.0,3.0,0.5083647966384888,0.3857685327529907,0.22998046875,0.6061191558837891,0.6823142766952515,2.203256130218506,2.291944742202759,3.6376943588256836,Triangle
60.0,46.0,0.7666666507720947,0.5776488184928894,0.5077898502349854,0.9732638597488403,174.61016845703125,1401.5,3.0,3.0,3.0,0.5077898502349854,0.43033257126808167,0.085540771484375,0.7374370694160461,0.7125039100646973,3.1221776008605957,2.3441126346588135,4.676736831665039,Triangle
64.0,83.0,0.7710843086242676,0.5254855155944824,0.5112951993942261,0.9752244353294373,254.85281372070312,2716.0,3.0,3.0,3.0,0.5112951993942261,0.3789728283882141,0.165771484375,0.9227249622344971,0.672883927822113,2.0835678577423096,2.276867389678955,3.461353063583374,Triangle
57.0,72.0,0.7916666865348816,0.5369905233383179,0.5148635506629944,0.9730600714683533,222.36753845214844,2113.0,3.0,3.0,3.0,0.5148635506629944,0.3948161005973816,0.12896728515625,0.9108713865280151,0.6855024695396423,2.2393031120300293,2.2998101711273193,3.6241846084594727,Triangle
75.0,94.0,0.7978723645210266,0.532102644443512,0.5114893913269043,0.9788273572921753,291.8233642578125,3606.0,3.0,3.0,3.0,0.5114893913269043,0.39287230372428894,0.2200927734375,0.909855842590332,0.687213659286499,2.2729620933532715,2.2977612018585205,3.6388161182403564,Triangle
61.0,67.0,0.9104477763175964,0.5559541583061218,0.5145583748817444,0.9731605648994446,218.02438354492188,2103.0,3.0,3.0,3.0,0.5145583748817444,0.3737732172012329,0.12835693359375,0.9048259258270264,0.6762682795524597,2.1193506717681885,2.2972493171691895,3.7769904136657715,Triangle
87.0,96.0,0.90625,0.5476592183113098,0.5105363726615906,0.9815837740898132,312.7939453125,4264.0,3.0,3.0,3.0,0.5105363726615906,0.4135717451572418,0.26025390625,0.8755379319190979,0.7038343548774719,2.6573009490966797,2.3265583515167236,4.083789825439453,Triangle
93.0,44.0,0.47311827540397644,0.5210309624671936,0.5151515007019043,0.9809213876724243,225.480224609375,2108.0,3.0,3.0,3.0,0.5151515007019043,0.3169552981853485,0.128662109375,0.32223981618881226,0.6300065517425537,1.7392934560775757,2.2317698001861572,3.3341100215911865,Triangle
91.0,40.0,0.4395604431629181,0.4720744788646698,0.5152472257614136,0.9783515930175781,223.4385986328125,1875.5,3.0,3.0,3.0,0.5152472257614136,0.2946631908416748,0.114471435546875,0.26783448457717896,0.5898430347442627,1.5318838357925415,2.1278204917907715,2.8131139278411865,Triangle
91.0,69.0,0.7582417726516724,0.5806037783622742,0.5168816447257996,0.9831869006156921,265.0365905761719,3245.5,3.0,3.0,3.0,0.5168816447257996,0.41724422574043274,0.198089599609375,0.765367329120636,0.70265793800354,2.5970687866210938,2.3282999992370605,4.00970458984375,Triangle
84.0,46.0,0.5476190447807312,0.5765484571456909,0.5164337754249573,0.9837318062782288,208.55130004882812,1995.5,3.0,3.0,3.0,0.5164337754249573,0.3663676381111145,0.121795654296875,0.4863225519657135,0.6678511500358582,2.0256028175354004,2.2918591499328613,3.769648790359497,Triangle
67.0,51.0,0.7611940503120422,0.5752748250961304,0.5068773627281189,0.9757746458053589,194.50965881347656,1732.0,3.0,3.0,3.0,0.5068773627281189,0.42762961983680725,0.105712890625,0.7282650470733643,0.7119221091270447,3.0990347862243652,2.3412044048309326,4.672792911529541,Triangle
108.0,77.0,0.7129629850387573,0.5735235214233398,0.5088383555412292,0.9851006865501404,304.492431640625,4231.5,3.0,3.0,3.0,0.5088383555412292,0.41638001799583435,0.258270263671875,0.6757153868675232,0.7063072919845581,2.758495807647705,2.331681251525879,4.344315052032471,Triangle
63.0,91.0,0.692307710647583,0.5111260414123535,0.5128205418586731,0.9731876850128174,268.8528137207031,2940.0,3.0,3.0,3.0,0.5128205418586731,0.3661768138408661,0.179443359375,0.932894229888916,0.661769688129425,1.974190354347229,2.2511136531829834,3.2775890827178955,Triangle
82.0,101.0,0.8118811845779419,0.5330698490142822,0.5105651021003723,0.979159414768219,315.7228698730469,4228.5,3.0,3.0,3.0,0.5105651021003723,0.3958670198917389,0.258087158203125,0.9040849208831787,0.6896804571151733,2.3162994384765625,2.3015050888061523,3.688347816467285,Triangle
88.0,58.0,0.6590909361839294,0.5347989201545715,0.5135188102722168,0.9783501029014587,248.16651916503906,2621.0,3.0,3.0,3.0,0.5135188102722168,0.36356961727142334,0.15997314453125,0.7442387342453003,0.6580625772476196,1.941817283630371,2.2472355365753174,3.2647602558135986,Triangle
86.0,97.0,0.8865979313850403,0.5419669151306152,0.5077319741249084,0.9844276309013367,313.3797302246094,4235.5,3.0,3.0,3.0,0.5077319741249084,0.4069831371307373,0.258514404296875,0.8857954144477844,0.7005844712257385,2.558743953704834,2.3199143409729004,3.9753425121307373,Triangle
76.0,85.0,0.8941176533699036,0.5454121232032776,0.5111455321311951,0.9780805706977844,275.8233642578125,3302.0,3.0,3.0,3.0,0.5111455321311951,0.3795669376850128,0.2015380859375,0.8981272578239441,0.6813787817955017,2.18792724609375,2.2981395721435547,3.7637062072753906,Triangle
81.0,53.0,0.654321014881134,0.5790289640426636,0.5115303993225098,0.9812332391738892,218.30865478515625,2196.0,3.0,3.0,3.0,0.5115303993225098,0.40571168065071106,0.134033203125,0.6297616362571716,0.6952951550483704,2.414400577545166,2.31960129737854,3.9830498695373535,Triangle
83.0,62.0,0.7469879388809204,0.5841792225837708,0.5191410779953003,0.9816277623176575,239.72286987304688,2671.5,3.0,3.0,3.0,0.5191410779953003,0.42161568999290466,0.163055419921875,0.7527259588241577,0.7038687467575073,2.6271812915802,2.332115650177002,4.045180320739746,Triangle
101.0,82.0,0.8118811845779419,0.5759392380714417,0.5153948068618774,0.9838653802871704,305.1787109375,4268.5,3.0,3.0,3.0,0.5153948068618774,0.41521400213241577,0.260528564453125,0.7954729199409485,0.7036035060882568,2.637502670288086,2.3286831378936768,4.093022346496582,Triangle
72.0,56.0,0.7777777910232544,0.5870774984359741,0.5215773582458496,0.9827103018760681,212.16651916503906,2103.0,3.0,3.0,3.0,0.5215773582458496,0.4333733022212982,0.12835693359375,0.7680147886276245,0.7099924087524414,2.8697001934051514,2.345027208328247,4.317615032196045,Triangle
92.0,97.0,0.9484536051750183,0.5522202253341675,0.5101411938667297,0.9832613468170166,321.864990234375,4552.5,3.0,3.0,3.0,0.5101411938667297,0.4184221923351288,0.277862548828125,0.8749129772186279,0.707550048828125,2.8175137042999268,2.3316595554351807,4.247092247009277,Triangle
77.0,97.0,0.7938144207000732,0.5293942093849182,0.5098406672477722,0.9777891635894775,300.65179443359375,3808.0,3.0,3.0,3.0,0.5098406672477722,0.36808985471725464,0.232421875,0.917291522026062,0.6689843535423279,2.045689105987549,2.273012399673462,3.4968340396881104,Triangle
57.0,77.0,0.7402597665786743,0.5204412937164307,0.512075662612915,0.9706326723098755,232.9533233642578,2247.5,3.0,3.0,3.0,0.512075662612915,0.3646223545074463,0.137176513671875,0.928936243057251,0.6611484289169312,1.96705162525177,2.259226083755493,3.3464646339416504,Triangle
81.0,67.0,0.8271604776382446,0.5685817003250122,0.5058043003082275,0.9803571701049805,246.30865478515625,2745.0,3.0,3.0,3.0,0.5058043003082275,0.4258981943130493,0.16754150390625,0.7832140326499939,0.7139100432395935,3.398850440979004,2.3416833877563477,4.863410949707031,Triangle
69.0,45.0,0.6521739363670349,0.5908170342445374,0.5201288461685181,0.9805707335472107,185.3380889892578,1615.0,3.0,3.0,3.0,0.5201288461685181,0.4163280427455902,0.09857177734375,0.6395751237869263,0.695759654045105,2.403827428817749,2.329256534576416,4.0799713134765625,Triangle
55.0,77.0,0.7142857313156128,0.5173161625862122,0.5121605396270752,0.9704697728157043,229.5391082763672,2169.0,3.0,3.0,3.0,0.5121605396270752,0.3460947573184967,0.13238525390625,0.9393706321716309,0.6452075839042664,1.8418692350387573,2.233319044113159,3.225231885910034,Triangle
81.0,71.0,0.8765432238578796,0.5730102062225342,0.5127803683280945,0.9798970222473145,254.30865478515625,2949.0,3.0,3.0,3.0,0.5127803683280945,0.4272405505180359,0.17999267578125,0.8161567449569702,0.7124314308166504,3.1384551525115967,2.3422513008117676,4.671215057373047,Triangle
66.0,61.0,0.9242424368858337,0.5785085558891296,0.5221062898635864,0.9776744246482849,213.68124389648438,2102.0,3.0,3.0,3.0,0.5221062898635864,0.4255456030368805,0.1282958984375,0.85057532787323,0.7076610326766968,2.755510091781616,2.3429763317108154,4.3556036949157715,Triangle
71.0,66.0,0.9295774698257446,0.5711919069290161,0.5138711333274841,0.9772727489471436,230.16651916503906,2408.0,3.0,3.0,3.0,0.5138711333274841,0.43048739433288574,0.14697265625,0.8356550931930542,0.7133758068084717,3.2143309116363525,2.3456361293792725,4.791042327880859,Triangle
85.0,40.0,0.47058823704719543,0.4824163317680359,0.516029417514801,0.9766212105751038,213.78173828125,1754.5,3.0,3.0,3.0,0.516029417514801,0.3133564591407776,0.107086181640625,0.33668598532676697,0.5990947484970093,1.5741552114486694,2.13594388961792,2.812310218811035,Triangle
74.0,66.0,0.8918918967247009,0.5736867189407349,0.5136159062385559,0.9793090224266052,234.40916442871094,2508.5,3.0,3.0,3.0,0.5136159062385559,0.43349120020866394,0.153106689453125,0.8126078248023987,0.7152266502380371,3.5451667308807373,2.348031759262085,5.115965366363525,Triangle
82.0,68.0,0.8292682766914368,0.5603296756744385,0.5128228068351746,0.9791131615638733,253.23757934570312,2859.5,3.0,3.0,3.0,0.5128228068351746,0.36561787128448486,0.174530029296875,0.8453231453895569,0.6702893376350403,2.0561487674713135,2.282667875289917,3.6145060062408447,Triangle
94.0,71.0,0.7553191781044006,0.5753257870674133,0.5101138949394226,0.9862398505210876,272.69342041015625,3404.5,3.0,3.0,3.0,0.5101138949394226,0.41848137974739075,0.207794189453125,0.7405453324317932,0.7062271237373352,2.748258590698242,2.3309757709503174,4.188454627990723,Triangle
74.0,92.0,0.804347813129425,0.5322655439376831,0.5103554725646973,0.9781813025474548,286.4091491699219,3474.5,3.0,3.0,3.0,0.5103554725646973,0.35959962010383606,0.212066650390625,0.9227071404457092,0.6641328930854797,1.9978677034378052,2.268345832824707,3.48787784576416,Triangle
89.0,66.0,0.7415730357170105,0.570789635181427,0.5052775144577026,0.9809948801994324,255.6223602294922,2968.0,3.0,3.0,3.0,0.5052775144577026,0.4201694130897522,0.18115234375,0.7068288326263428,0.7101389169692993,2.9803035259246826,2.336238145828247,4.551346778869629,Triangle
81.0,65.0,0.8024691343307495,0.5824419260025024,0.5193732380867004,0.9801075458526611,242.89443969726562,2734.5,3.0,3.0,3.0,0.5193732380867004,0.42207035422325134,0.166900634765625,0.794501543045044,0.7050296664237976,2.667832374572754,2.334407091140747,4.11458158493042,Triangle
98.0,82.0,0.8367347121238708,0.5750175714492798,0.5156794190406799,0.9828056693077087,300.9360656738281,4144.0,3.0,3.0,3.0,0.5156794190406799,0.4231383204460144,0.2529296875,0.8014387488365173,0.7088156342506409,2.859893560409546,2.3373799324035645,4.346295356750488,Triangle
73.0,82.0,0.8902438879013062,0.5488433837890625,0.5123621821403503,0.9775298833847046,264.99493408203125,3067.0,3.0,3.0,3.0,0.5123621821403503,0.3482799530029297,0.18719482421875,0.9165694713592529,0.6622242331504822,1.9787287712097168,2.2764370441436768,3.6504170894622803,Triangle
67.0,43.0,0.641791045665741,0.5627305507659912,0.5249913334846497,0.9754917621612549,183.78173828125,1512.5,3.0,3.0,3.0,0.5249913334846497,0.39127543568611145,0.092315673828125,0.7080768942832947,0.6748340725898743,2.0873961448669434,2.2863059043884277,3.4132401943206787,Triangle
99.0,56.0,0.5656565427780151,0.5662124752998352,0.5141594409942627,0.9839488863945007,251.52186584472656,2850.5,3.0,3.0,3.0,0.5141594409942627,0.37154388427734375,0.173980712890625,0.4683123528957367,0.6709574460983276,2.0612151622772217,2.2862234115600586,3.6681532859802246,Triangle
57.0,70.0,0.8142856955528259,0.5372231602668762,0.5136591196060181,0.9734029769897461,218.9533233642578,2049.5,3.0,3.0,3.0,0.5136591196060181,0.37500980496406555,0.125091552734375,0.9167193174362183,0.6727187037467957,2.0790092945098877,2.2851452827453613,3.5588746070861816,Triangle
92.0,71.0,0.77173912525177,0.5751977562904358,0.5103337168693542,0.983043372631073,269.864990234375,3333.5,3.0,3.0,3.0,0.5103337168693542,0.4225313365459442,0.203460693359375,0.7511500716209412,0.7088097333908081,2.876638412475586,2.3355302810668945,4.343143463134766,Triangle
62.0,43.0,0.6935483813285828,0.586820125579834,0.5148162245750427,0.985991358757019,171.4385986328125,1372.5,3.0,3.0,3.0,0.5148162245750427,0.41349664330482483,0.083770751953125,0.7187918424606323,0.6969143748283386,2.4346275329589844,2.321018934249878,3.832481622695923,Triangle
59.0,56.0,0.9491525292396545,0.5797721743583679,0.5243644118309021,0.9738616943359375,193.78173828125,1732.5,3.0,3.0,3.0,0.5243644118309021,0.4212476909160614,0.105743408203125,0.8627722263336182,0.7044031023979187,2.6185355186462402,2.3417551517486572,4.253769874572754,Triangle
84.0,84.0,1.0,0.5567761659622192,0.5084325671195984,0.986118733882904,284.5513000488281,3587.5,3.0,3.0,3.0,0.5084325671195984,0.4242168664932251,0.218963623046875,0.856356680393219,0.7123447060585022,3.1690683364868164,2.3391168117523193,4.603649616241455,Triangle
71.0,65.0,0.9154929518699646,0.5725595951080322,0.5139761567115784,0.977942705154419,228.16651916503906,2372.0,3.0,3.0,3.0,0.5139761567115784,0.4196633994579315,0.144775390625,0.8347852230072021,0.7074993252754211,2.7852463722229004,2.337470054626465,4.377739429473877,Triangle
82.0,89.0,0.9213483333587646,0.5508533120155334,0.5111674666404724,0.9830039739608765,291.7228698730469,3730.5,3.0,3.0,3.0,0.5111674666404724,0.3961467146873474,0.227691650390625,0.8879886269569397,0.6943345069885254,2.4026412963867188,2.314696788787842,3.9617536067962646,Triangle
60.0,24.0,0.4000000059604645,0.4586172103881836,0.5218750238418579,0.977243185043335,143.49746704101562,751.5,3.0,3.0,3.0,0.5218750238418579,0.27455756068229675,0.045867919921875,0.30909574031829834,0.556412398815155,1.3894344568252563,2.083400011062622,2.6708920001983643,Triangle
69.0,52.0,0.7536231875419617,0.5752570629119873,0.5069676637649536,0.9766442775726318,199.3380889892578,1819.0,3.0,3.0,3.0,0.5069676637649536,0.4264247417449951,0.11102294921875,0.7234199643135071,0.7114099264144897,3.051535129547119,2.3405377864837646,4.627018928527832,Triangle
57.0,25.0,0.4385964870452881,0.5196330547332764,0.5228070020675659,0.9700520634651184,134.22540283203125,745.0,3.0,3.0,3.0,0.5228070020675659,0.3020881414413452,0.04547119140625,0.3407149910926819,0.6131784319877625,1.635892391204834,2.241764545440674,3.455702066421509,Triangle
61.0,78.0,0.7820512652397156,0.5351639986038208,0.5181798934936523,0.9766290187835693,240.61016845703125,2465.5,3.0,3.0,3.0,0.5181798934936523,0.3869105577468872,0.150482177734375,0.9215880036354065,0.6784869432449341,2.1421008110046387,2.2903995513916016,3.5379836559295654,Triangle
95.0,56.0,0.5894736647605896,0.5776158571243286,0.5148496031761169,0.983659565448761,244.10765075683594,2739.0,3.0,3.0,3.0,0.5148496031761169,0.3848789930343628,0.16717529296875,0.5168442726135254,0.6809390783309937,2.176347494125366,2.3045358657836914,3.8750786781311035,Triangle
68.0,62.0,0.9117646813392639,0.5740634202957153,0.5145872831344604,0.9805649518966675,217.9238739013672,2169.5,3.0,3.0,3.0,0.5145872831344604,0.4311823546886444,0.132415771484375,0.8310403227806091,0.7132575511932373,3.184727907180786,2.3462610244750977,4.760913848876953,Triangle
81.0,84.0,0.9642857313156128,0.5567252039909363,0.5116108059883118,0.9845849275588989,280.30865478515625,3481.0,3.0,3.0,3.0,0.5116108059883118,0.42344844341278076,0.21246337890625,0.8627663850784302,0.7100732922554016,2.9494612216949463,2.337651491165161,4.398599624633789,Triangle
56.0,56.0,1.0,0.5703610181808472,0.5167410969734192,0.9718140959739685,188.9533233642578,1620.5,3.0,3.0,3.0,0.5167410969734192,0.3757847249507904,0.098907470703125,0.8927440047264099,0.6769403219223022,2.1230854988098145,2.303218364715576,3.84763765335083,Triangle
80.0,70.0,0.875,0.5732401609420776,0.5127678513526917,0.981541633605957,250.89443969726562,2871.5,3.0,3.0,3.0,0.5127678513526917,0.4229218065738678,0.175262451171875,0.8205722570419312,0.7098010182380676,2.921213150024414,2.338813543319702,4.454919338226318,Triangle
85.0,81.0,0.9529411792755127,0.5646640658378601,0.5115468502044678,0.980512261390686,279.96551513671875,3522.0,3.0,3.0,3.0,0.5115468502044678,0.4220126271247864,0.2149658203125,0.8472467660903931,0.7102590799331665,2.964296340942383,2.3386619091033936,4.545073986053467,Triangle
82.0,57.0,0.6951219439506531,0.5727329850196838,0.5056696534156799,0.9796891212463379,227.72286987304688,2363.5,3.0,3.0,3.0,0.5056696534156799,0.4135589301586151,0.144256591796875,0.649702787399292,0.7045704126358032,2.687145948410034,2.3292813301086426,4.294321060180664,Triangle
77.0,86.0,0.895348846912384,0.5484760999679565,0.5117788910865784,0.978207528591156,278.65179443359375,3389.0,3.0,3.0,3.0,0.5117788910865784,0.373701274394989,0.20684814453125,0.9026448130607605,0.6778194904327393,2.142385721206665,2.2944557666778564,3.7596025466918945,Triangle
81.0,45.0,0.5555555820465088,0.5376624464988708,0.511522650718689,0.9792541861534119,208.75230407714844,1864.5,3.0,3.0,3.0,0.511522650718689,0.3617403209209442,0.113800048828125,0.46362364292144775,0.6594131588935852,1.950143575668335,2.2593226432800293,3.362265110015869,Triangle
74.0,31.0,0.4189189076423645,0.49721503257751465,0.5244114995002747,0.9756690859794617,174.36753845214844,1203.0,3.0,3.0,3.0,0.5244114995002747,0.28721150755882263,0.07342529296875,0.3174305856227875,0.592915415763855,1.5413038730621338,2.1872222423553467,3.1009809970855713,Triangle
83.0,69.0,0.8313252925872803,0.5802464485168457,0.5190326571464539,0.9810230731964111,253.72286987304688,2972.5,3.0,3.0,3.0,0.5190326571464539,0.4085432291030884,0.181427001953125,0.8225295543670654,0.6977442502975464,2.4620659351348877,2.323310375213623,3.95900559425354,Triangle
87.0,79.0,0.9080459475517273,0.572105884552002,0.5170231461524963,0.9817654490470886,279.3797302246094,3553.5,3.0,3.0,3.0,0.5170231461524963,0.4184548556804657,0.216888427734375,0.8395383358001709,0.7062979936599731,2.7300195693969727,2.335763931274414,4.312236785888672,Triangle
66.0,53.0,0.8030303120613098,0.5881561636924744,0.5228701829910278,0.9817498922348022,197.68124389648438,1829.0,3.0,3.0,3.0,0.5228701829910278,0.4052806794643402,0.11163330078125,0.8285256624221802,0.6935116052627563,2.3558695316314697,2.3206639289855957,3.803507089614868,Triangle
81.0,66.0,0.8148148059844971,0.5724550485610962,0.5086045861244202,0.9844315648078918,244.30865478515625,2719.0,3.0,3.0,3.0,0.5086045861244202,0.4256574213504791,0.16595458984375,0.771685004234314,0.7122058868408203,3.1365411281585693,2.3399643898010254,4.5730204582214355,Triangle
106.0,65.0,0.6132075190544128,0.5592687129974365,0.5085631608963013,0.9841314554214478,280.5929260253906,3504.0,3.0,3.0,3.0,0.5085631608963013,0.38264498114585876,0.2138671875,0.5815499424934387,0.6799036860466003,2.1698246002197266,2.2889111042022705,3.6074650287628174,Triangle
48.0,75.0,0.6399999856948853,0.500199019908905,0.5169444680213928,0.9675071239471436,216.22540283203125,1861.0,3.0,3.0,3.0,0.5169444680213928,0.3445418179035187,0.11358642578125,0.947886049747467,0.6322274208068848,1.7522938251495361,2.2050681114196777,3.040780782699585,Triangle
62.0,83.0,0.7469879388809204,0.5230574011802673,0.5113680362701416,0.9728280901908875,251.4385986328125,2631.5,3.0,3.0,3.0,0.5113680362701416,0.3620258867740631,0.160614013671875,0.9270337820053101,0.6595684885978699,1.9553223848342896,2.2569727897644043,3.356884002685547,Triangle
83.0,82.0,0.9879518151283264,0.5615695714950562,0.5116074085235596,0.980292797088623,279.1370849609375,3482.0,3.0,3.0,3.0,0.5116074085235596,0.4232290983200073,0.2125244140625,0.8542250394821167,0.7105949521064758,2.9875049591064453,2.339021921157837,4.523556232452393,Triangle
104.0,67.0,0.6442307829856873,0.561433732509613,0.5090413093566895,0.9870599508285522,281.7644958496094,3547.0,3.0,3.0,3.0,0.5090413093566895,0.38912227749824524,0.21649169921875,0.65055912733078,0.6834117770195007,2.217921495437622,2.2913718223571777,3.5980968475341797,Triangle
70.0,63.0,0.8999999761581421,0.574012279510498,0.5139455795288086,0.9786269664764404,222.75230407714844,2266.5,3.0,3.0,3.0,0.5139455795288086,0.4310896098613739,0.138336181640625,0.8288411498069763,0.7136595249176025,3.230792999267578,2.3470094203948975,4.8036088943481445,Triangle
69.0,49.0,0.7101449370384216,0.5836126804351807,0.5134575366973877,0.9780281782150269,193.3380889892578,1736.0,3.0,3.0,3.0,0.5134575366973877,0.42134636640548706,0.10595703125,0.700503945350647,0.7035584449768066,2.6229255199432373,2.332744598388672,4.143376350402832,Triangle
81.0,37.0,0.45679011940956116,0.4528316259384155,0.5171838402748108,0.9745362997055054,207.39697265625,1550.0,3.0,3.0,3.0,0.5171838402748108,0.29022231698036194,0.0946044921875,0.6301510334014893,0.5595253705978394,1.4049302339553833,2.045013189315796,2.558112621307373,Triangle
103.0,83.0,0.8058252334594727,0.5756596922874451,0.5149725079536438,0.9842387437820435,310.00714111328125,4402.5,3.0,3.0,3.0,0.5149725079536438,0.4214928150177002,0.268707275390625,0.7839455008506775,0.7077345848083496,2.8073537349700928,2.334656000137329,4.251499652862549,Triangle
96.0,103.0,0.9320388436317444,0.5467497706413269,0.5072309970855713,0.9860414862632751,339.5218505859375,5015.5,3.0,3.0,3.0,0.5072309970855713,0.4136608839035034,0.306121826171875,0.8724039793014526,0.7061498165130615,2.7567594051361084,2.328902006149292,4.189496040344238,Triangle
98.0,72.0,0.7346938848495483,0.5694305896759033,0.504747748374939,0.9823472499847412,280.35028076171875,3561.5,3.0,3.0,3.0,0.504747748374939,0.41811054944992065,0.217376708984375,0.6915979981422424,0.7094427943229675,2.935797929763794,2.3349127769470215,4.519612789154053,Triangle
108.0,66.0,0.6111111044883728,0.5665116310119629,0.5089085102081299,0.9858676195144653,283.66400146484375,3627.5,3.0,3.0,3.0,0.5089085102081299,0.3844405710697174,0.221405029296875,0.5905958414077759,0.6821641325950623,2.199702739715576,2.2948312759399414,3.6939756870269775,Triangle
77.0,73.0,0.948051929473877,0.5673604011535645,0.5127201676368713,0.9796057343482971,252.65179443359375,2882.0,3.0,3.0,3.0,0.5127201676368713,0.42413464188575745,0.1759033203125,0.8415085077285767,0.7106038928031921,2.9759857654571533,2.340364933013916,4.56107759475708,Triangle
77.0,60.0,0.7792207598686218,0.5750119686126709,0.5140692591667175,0.9822167158126831,227.82337951660156,2375.0,3.0,3.0,3.0,0.5140692591667175,0.394382119178772,0.14495849609375,0.8169847726821899,0.6858618259429932,2.2467362880706787,2.301574468612671,3.684497117996216,Triangle
82.0,60.0,0.7317073345184326,0.5722298622131348,0.5055894255638123,0.9822310209274292,233.72286987304688,2487.5,3.0,3.0,3.0,0.5055894255638123,0.41999274492263794,0.151824951171875,0.6989170908927917,0.708945095539093,2.9002535343170166,2.3348381519317627,4.488299369812012,Triangle
84.0,45.0,0.5357142686843872,0.5254676342010498,0.5129629373550415,0.9797877669334412,215.3380889892578,1939.0,3.0,3.0,3.0,0.5129629373550415,0.3512471318244934,0.11834716796875,0.4278492033481598,0.6482809782028198,1.8628896474838257,2.2372946739196777,3.235980272293091,Triangle
63.0,89.0,0.7078651785850525,0.5105369687080383,0.5105225443840027,0.9743022322654724,265.4385986328125,2862.5,3.0,3.0,3.0,0.5105225443840027,0.35584545135498047,0.174713134765625,0.9373596906661987,0.6534256935119629,1.904193639755249,2.240612030029297,3.2413549423217773,Triangle
84.0,88.0,0.9545454382896423,0.5547856688499451,0.5111607313156128,0.9813011288642883,292.5513000488281,3778.5,3.0,3.0,3.0,0.5111607313156128,0.42065542936325073,0.230621337890625,0.8715404272079468,0.7082267999649048,2.8436014652252197,2.3341264724731445,4.286785125732422,Triangle
101.0,75.0,0.7425742745399475,0.5689106583595276,0.5046864748001099,0.9842945337295532,290.5929260253906,3823.0,3.0,3.0,3.0,0.5046864748001099,0.41757723689079285,0.23333740234375,0.7085326313972473,0.7092661261558533,2.9279377460479736,2.3340871334075928,4.466008186340332,Triangle
65.0,68.0,0.9558823704719543,0.5608134269714355,0.5142533779144287,0.9759553670883179,225.68124389648438,2273.0,3.0,3.0,3.0,0.5142533779144287,0.42124199867248535,0.13873291015625,0.8727331757545471,0.706647515296936,2.7447571754455566,2.3357086181640625,4.24973726272583,Triangle
89.0,101.0,0.8811880946159363,0.543519914150238,0.5101791024208069,0.9825388193130493,325.62237548828125,4586.0,3.0,3.0,3.0,0.5101791024208069,0.4081829786300659,0.2799072265625,0.8795482516288757,0.7004359364509583,2.5512845516204834,2.3207318782806396,3.9718668460845947,Triangle
65.0,43.0,0.6615384817123413,0.5932239294052124,0.5212880373001099,0.9768689274787903,175.68124389648438,1457.0,3.0,3.0,3.0,0.5212880373001099,0.42067670822143555,0.08892822265625,0.6573947668075562,0.6977441906929016,2.441805839538574,2.333186149597168,4.107867240905762,Triangle
60.0,74.0,0.8108108043670654,0.5350835919380188,0.5126126408576965,0.9722340703010559,231.19595336914062,2276.0,3.0,3.0,3.0,0.5126126408576965,0.3875381350517273,0.138916015625,0.9111678600311279,0.6799868941307068,2.165548801422119,2.292940378189087,3.594388008117676,Triangle
76.0,76.0,1.0,0.5622197389602661,0.5125519633293152,0.9788394570350647,257.2375793457031,2960.5,3.0,3.0,3.0,0.5125519633293152,0.4192637503147125,0.180694580078125,0.8598679304122925,0.7077089548110962,2.806549072265625,2.336014747619629,4.373581409454346,Triangle
93.0,85.0,0.9139785170555115,0.5602167248725891,0.5051233172416687,0.9824086427688599,299.2792053222656,3993.0,3.0,3.0,3.0,0.5051233172416687,0.4256196916103363,0.24371337890625,0.8234335780143738,0.7153440713882446,3.906296491622925,2.3427894115448,5.387192249298096,Triangle
93.0,79.0,0.8494623899459839,0.5754222869873047,0.5164692997932434,0.9832858443260193,287.864990234375,3794.5,3.0,3.0,3.0,0.5164692997932434,0.42221808433532715,0.231597900390625,0.81083744764328,0.7079633474349976,2.8075647354125977,2.3371288776397705,4.309179306030273,Triangle
76.0,74.0,0.9736841917037964,0.5650325417518616,0.5127133727073669,0.9791171550750732,253.2375946044922,2883.5,3.0,3.0,3.0,0.5127133727073669,0.4297780692577362,0.175994873046875,0.8446820378303528,0.7133350372314453,3.2336971759796143,2.3441720008850098,4.7453107833862305,Triangle
73.0,45.0,0.6164383292198181,0.5801070928573608,0.512633204460144,0.9796393513679504,190.9949493408203,1684.0,3.0,3.0,3.0,0.512633204460144,0.3961487114429474,0.102783203125,0.5877944827079773,0.6876975297927856,2.2709927558898926,2.312908887863159,3.9069674015045166,Triangle
78.0,74.0,0.9487179517745972,0.5669928193092346,0.5125606656074524,0.979311466217041,256.0660095214844,2958.5,3.0,3.0,3.0,0.5125606656074524,0.4133622944355011,0.180572509765625,0.8514969944953918,0.7047936916351318,2.6819541454315186,2.332180976867676,4.297327518463135,Triangle
83.0,91.0,0.9120879173278809,0.5493934154510498,0.5110552310943604,0.9804419875144958,297.1370849609375,3860.0,3.0,3.0,3.0,0.5110552310943604,0.41561368107795715,0.235595703125,0.8755859136581421,0.704660177230835,2.684995174407959,2.3283493518829346,4.1122846603393555,Triangle
68.0,38.0,0.5588235259056091,0.5809130072593689,0.5201238393783569,0.9828153848648071,170.50967407226562,1344.0,3.0,3.0,3.0,0.5201238393783569,0.37683242559432983,0.08203125,0.4872927963733673,0.6682581305503845,2.0223166942596436,2.2981624603271484,3.72664213180542,Triangle
96.0,71.0,0.7395833134651184,0.5753273963928223,0.5099031925201416,0.982890248298645,275.5218505859375,3475.5,3.0,3.0,3.0,0.5099031925201416,0.41755586862564087,0.212127685546875,0.7252869009971619,0.7055578827857971,2.7211925983428955,2.330138921737671,4.182066440582275,Triangle
60.0,73.0,0.8219178318977356,0.5416061282157898,0.5142694115638733,0.9727920293807983,228.61016845703125,2252.5,3.0,3.0,3.0,0.5142694115638733,0.4054032266139984,0.137481689453125,0.9044133424758911,0.6927644610404968,2.3631179332733154,2.3100600242614746,3.737475633621216,Triangle
81.0,67.0,0.8271604776382446,0.5806266665458679,0.5189791917800903,0.9796521663665771,246.89443969726562,2816.5,3.0,3.0,3.0,0.5189791917800903,0.42047691345214844,0.171905517578125,0.8058427572250366,0.7048439979553223,2.6648621559143066,2.334172248840332,4.146933078765869,Triangle
73.0,61.0,0.835616409778595,0.5830898284912109,0.5208848118782043,0.9786919951438904,223.5807342529297,2319.5,3.0,3.0,3.0,0.5208848118782043,0.40583205223083496,0.141571044921875,0.8375399112701416,0.6953765153884888,2.4007296562194824,2.3231382369995117,3.913055658340454,Triangle
92.0,85.0,0.9239130616188049,0.569397509098053,0.5161125063896179,0.9833109974861145,298.4507751464844,4036.0,3.0,3.0,3.0,0.5161125063896179,0.4176446497440338,0.246337890625,0.8441401124000549,0.7065277695655823,2.7470011711120605,2.335192918777466,4.346779823303223,Triangle
89.0,60.0,0.6741573214530945,0.5806728005409241,0.518539309501648,0.9868139624595642,244.7939453125,2769.0,3.0,3.0,3.0,0.518539309501648,0.40476229786872864,0.16900634765625,0.7042293548583984,0.6904464960098267,2.3157739639282227,2.30985951423645,3.718658208847046,Triangle
101.0,83.0,0.8217821717262268,0.5748564004898071,0.5149111151695251,0.9835934638977051,307.1787109375,4316.5,3.0,3.0,3.0,0.5149111151695251,0.4218212366104126,0.263458251953125,0.7927852272987366,0.708200216293335,2.829402446746826,2.335792064666748,4.2909040451049805,Triangle
87.0,58.0,0.6666666865348816,0.5777655243873596,0.5108997225761414,0.9909667372703552,236.7939453125,2578.0,3.0,3.0,3.0,0.5108997225761414,0.4012710452079773,0.1573486328125,0.972567617893219,0.6913254261016846,2.3380961418151855,2.308992385864258,3.764890193939209,Triangle
71.0,90.0,0.7888888716697693,0.5313900709152222,0.5120500922203064,0.9771539568901062,278.1665344238281,3272.0,3.0,3.0,3.0,0.5120500922203064,0.3904730975627899,0.19970703125,0.9112669229507446,0.6844435334205627,2.2299201488494873,2.2942113876342773,3.600968599319458,Triangle
58.0,64.0,0.90625,0.5569593906402588,0.5154902935028076,0.9740391969680786,207.78173828125,1913.5,3.0,3.0,3.0,0.5154902935028076,0.362817645072937,0.116790771484375,0.9121510982513428,0.6694028973579407,2.043182373046875,2.2904272079467773,3.727034330368042,Triangle
52.0,73.0,0.7123287916183472,0.518034815788269,0.5127766132354736,0.9693725109100342,217.2964630126953,1946.5,3.0,3.0,3.0,0.5127766132354736,0.3596370816230774,0.118804931640625,0.9359428882598877,0.6530596613883972,1.899782419204712,2.244450569152832,3.257012367248535,Triangle
71.0,100.0,0.7099999785423279,0.5133787989616394,0.5115492939949036,0.976737916469574,298.1665344238281,3632.0,3.0,3.0,3.0,0.5115492939949036,0.36651015281677246,0.2216796875,0.9308955073356628,0.6647687554359436,2.003082275390625,2.2562947273254395,3.3218486309051514,Triangle
86.0,91.0,0.9450549483299255,0.5501521229743958,0.5081139802932739,0.9848916530609131,301.3797302246094,3976.5,3.0,3.0,3.0,0.5081139802932739,0.4172472357749939,0.242706298828125,0.8709503412246704,0.707648515701294,2.8218138217926025,2.3320705890655518,4.256772518157959,Triangle
68.0,76.0,0.8947368264198303,0.5511424541473389,0.5132546424865723,0.9816802144050598,245.9238739013672,2652.5,3.0,3.0,3.0,0.5132546424865723,0.41561612486839294,0.161895751953125,0.8868772983551025,0.7033324837684631,2.6257171630859375,2.3277759552001953,4.041279315948486,Triangle
92.0,50.0,0.54347825050354,0.5591256618499756,0.5152173638343811,0.9834024906158447,230.7939453125,2370.0,3.0,3.0,3.0,0.5152173638343811,0.36144375801086426,0.1446533203125,0.37920695543289185,0.6630215048789978,1.981485366821289,2.278170108795166,3.6055819988250732,Triangle
51.0,76.0,0.6710526347160339,0.5069253444671631,0.5123838782310486,0.968780517578125,221.8822479248047,1986.0,3.0,3.0,3.0,0.5123838782310486,0.3438718318939209,0.1212158203125,0.9457180500030518,0.6382056474685669,1.7929953336715698,2.215233325958252,3.112846851348877,Triangle
62.0,73.0,0.8493150472640991,0.5417734980583191,0.5128148198127747,0.9729616641998291,232.02438354492188,2321.0,3.0,3.0,3.0,0.5128148198127747,0.37907788157463074,0.14166259765625,0.9102774262428284,0.6775406002998352,2.135540723800659,2.292661428451538,3.6501107215881348,Triangle
58.0,81.0,0.7160493731498718,0.5190271139144897,0.5139421224594116,0.9710436463356018,241.78173828125,2414.5,3.0,3.0,3.0,0.5139421224594116,0.37806275486946106,0.147369384765625,0.9266340136528015,0.6702597737312317,2.054851770401001,2.2679073810577393,3.370389223098755,Triangle
86.0,67.0,0.7790697813034058,0.5763385891914368,0.5110204815864563,0.9849473237991333,253.37973022460938,2944.5,3.0,3.0,3.0,0.5110204815864563,0.4236519932746887,0.179718017578125,0.7537195682525635,0.709010660648346,2.8819384574890137,2.3361189365386963,4.330070495605469,Triangle
82.0,26.0,0.31707316637039185,0.41245830059051514,0.5272045135498047,0.9710583090782166,185.05381774902344,1124.0,3.0,3.0,3.0,0.5272045135498047,0.21799150109291077,0.068603515625,0.7117123007774353,0.5000016689300537,1.195885181427002,2.042027711868286,2.67893123626709,Triangle
92.0,51.0,0.554347813129425,0.5721498131752014,0.5153452754020691,0.9865360856056213,230.45079040527344,2418.0,3.0,3.0,3.0,0.5153452754020691,0.3680149018764496,0.1475830078125,0.42651990056037903,0.6678234934806824,2.0262362957000732,2.2898716926574707,3.7239978313446045,Triangle
89.0,36.0,0.40449437499046326,0.4681510031223297,0.5198189616203308,0.9765464663505554,211.4385986328125,1665.5,3.0,3.0,3.0,0.5198189616203308,0.27351614832878113,0.101654052734375,0.4737595021724701,0.5744297504425049,1.4638798236846924,2.1270315647125244,2.8519184589385986,Triangle
52.0,82.0,0.6341463327407837,0.5005945563316345,0.5172373652458191,0.9756690859794617,235.2964630126953,2205.5,3.0,3.0,3.0,0.5172373652458191,0.3355933725833893,0.134613037109375,0.9508423805236816,0.6264931559562683,1.7198333740234375,2.1924638748168945,3.01198148727417,Triangle
81.0,46.0,0.5679012537002563,0.5801202654838562,0.5171765685081482,0.9851738214492798,204.30865478515625,1927.0,3.0,3.0,3.0,0.5171765685081482,0.3776947855949402,0.11761474609375,0.47477585077285767,0.6746850609779358,2.095360279083252,2.298173666000366,3.784895658493042,Triangle
103.0,60.0,0.582524299621582,0.5501589775085449,0.5092232823371887,0.9828232526779175,268.1076354980469,3147.0,3.0,3.0,3.0,0.5092232823371887,0.37187671661376953,0.19207763671875,0.5051514506340027,0.6713733673095703,2.0684711933135986,2.2772531509399414,3.519503116607666,Triangle
81.0,33.0,0.40740740299224854,0.4551682770252228,0.5168350338935852,0.9742594957351685,195.2964630126953,1381.5,3.0,3.0,3.0,0.5168350338935852,0.2746676802635193,0.084320068359375,0.4112561047077179,0.5659643411636353,1.429822325706482,2.083385467529297,2.6875288486480713,Triangle
68.0,73.0,0.931506872177124,0.5565676093101501,0.5135979056358337,0.9768199324607849,239.9238739013672,2549.5,3.0,3.0,3.0,0.5135979056358337,0.4205334484577179,0.155609130859375,0.8791717886924744,0.7062738537788391,2.7310502529144287,2.334007740020752,4.180464267730713,Triangle
96.0,61.0,0.6354166865348816,0.5801883935928345,0.5147711634635925,0.9846480488777161,255.52186584472656,3014.5,3.0,3.0,3.0,0.5147711634635925,0.4022473096847534,0.183990478515625,0.5885841846466064,0.6923709511756897,2.355173349380493,2.3172447681427,3.9987220764160156,Triangle
72.0,51.0,0.7083333134651184,0.5824751853942871,0.5129357576370239,0.9776797294616699,201.5807342529297,1883.5,3.0,3.0,3.0,0.5129357576370239,0.4208427369594574,0.114959716796875,0.6920574307441711,0.7038388252258301,2.6358072757720947,2.3328185081481934,4.179093837738037,Triangle
102.0,47.0,0.46078431606292725,0.5188786387443542,0.5136629343032837,0.9824456572532654,244.20814514160156,2462.5,3.0,3.0,3.0,0.5136629343032837,0.3072356879711151,0.150299072265625,0.36793944239616394,0.626305878162384,1.7184724807739258,2.2306880950927734,3.384571075439453,Triangle
93.0,79.0,0.8494623899459839,0.5722136497497559,0.5115013122558594,0.9823552370071411,287.2792053222656,3758.0,3.0,3.0,3.0,0.5115013122558594,0.42429569363594055,0.2293701171875,0.79915851354599,0.7115415930747986,3.072998285293579,2.3393197059631348,4.562809467315674,Triangle
71.0,90.0,0.7888888716697693,0.5313900709152222,0.5120500922203064,0.977008044719696,278.1665344238281,3272.0,3.0,3.0,3.0,0.5120500922203064,0.39222630858421326,0.19970703125,0.9102190136909485,0.6856072545051575,2.2471024990081787,2.295947551727295,3.6120288372039795,Triangle
51.0,73.0,0.698630154132843,0.5147328972816467,0.5127585530281067,0.9682982563972473,215.8822479248047,1909.0,3.0,3.0,3.0,0.5127585530281067,0.35150402784347534,0.11651611328125,0.940506100654602,0.6465001106262207,1.8503427505493164,2.2325987815856934,3.200439691543579,Triangle
67.0,85.0,0.7882353067398071,0.52838534116745,0.5110623240470886,0.9747153520584106,263.095458984375,2910.5,3.0,3.0,3.0,0.5110623240470886,0.38050544261932373,0.177642822265625,0.9133771657943726,0.6754677295684814,2.1132519245147705,2.2828774452209473,3.5204341411590576,Triangle
69.0,53.0,0.7681159377098083,0.5821750164031982,0.5135356783866882,0.97685307264328,201.3380889892578,1878.0,3.0,3.0,3.0,0.5135356783866882,0.43068650364875793,0.1146240234375,0.74631667137146,0.7106384634971619,2.955453872680664,2.342489242553711,4.473103046417236,Triangle
61.0,99.0,0.6161616444587708,0.48614299297332764,0.5095214247703552,0.9732722043991089,282.0243835449219,3077.0,3.0,3.0,3.0,0.5095214247703552,0.33067813515663147,0.18780517578125,0.9476946592330933,0.6250138282775879,1.713722825050354,2.180387258529663,2.970862865447998,Triangle
74.0,94.0,0.7872340679168701,0.5302201509475708,0.5115727186203003,0.9781473278999329,290.4091491699219,3558.5,3.0,3.0,3.0,0.5115727186203003,0.382963627576828,0.217193603515625,0.9163122773170471,0.680661678314209,2.1786046028137207,2.2881011962890625,3.567232608795166,Triangle
67.0,74.0,0.9054054021835327,0.5530993938446045,0.5135135054588318,0.9754789471626282,240.50967407226562,2546.0,3.0,3.0,3.0,0.5135135054588318,0.40904998779296875,0.1553955078125,0.8892356157302856,0.6995058059692383,2.513292074203491,2.32344651222229,3.997936487197876,Triangle
64.0,40.0,0.625,0.5734059810638428,0.5259765386581421,0.9799854159355164,171.78173828125,1346.5,3.0,3.0,3.0,0.5259765386581421,0.3985731601715088,0.082183837890625,0.6669155359268188,0.6800264120101929,2.146862268447876,2.298431158065796,3.5212161540985107,Triangle
67.0,98.0,0.6836734414100647,0.5048419237136841,0.5092902779579163,0.9753536581993103,288.5096740722656,3344.0,3.0,3.0,3.0,0.5092902779579163,0.34623318910598755,0.2041015625,0.9407030940055847,0.6446400880813599,1.8397914171218872,2.2229180335998535,3.1631827354431152,Triangle
44.0,71.0,0.6197183132171631,0.49360474944114685,0.512964129447937,0.9624624848365784,201.98275756835938,1602.5,3.0,3.0,3.0,0.512964129447937,0.3432053327560425,0.097808837890625,0.948428213596344,0.6296201348304749,1.7383179664611816,2.1926519870758057,2.9943981170654297,Triangle
89.0,60.0,0.6741573214530945,0.5769551396369934,0.5102996230125427,0.9816282391548157,243.6223602294922,2725.0,3.0,3.0,3.0,0.5102996230125427,0.4094403386116028,0.16632080078125,0.6495141386985779,0.6990644931793213,2.507476329803467,2.323277235031128,4.072042942047119,Triangle
78.0,48.0,0.6153846383094788,0.5686467885971069,0.5120192170143127,0.9800613522529602,205.82337951660156,1917.0,3.0,3.0,3.0,0.5120192170143127,0.389713317155838,0.11700439453125,0.609225869178772,0.6810026168823242,2.176131010055542,2.29618239402771,3.640298843383789,Triangle
72.0,55.0,0.7638888955116272,0.5880622267723083,0.5219696760177612,0.9796208739280701,210.16651916503906,2067.0,3.0,3.0,3.0,0.5219696760177612,0.42881283164024353,0.12615966796875,0.7651458382606506,0.7068226933479309,2.717053174972534,2.3402161598205566,4.147447109222412,Triangle
37.0,39.0,0.9487179517745972,0.8566398024559021,0.7193347215652466,0.980169951915741,123.39696502685547,1038.0,8.0,8.0,4.0,0.7193347215652466,0.6812427043914795,0.0633544921875,0.7244634032249451,0.7686964869499207,2.4374921321868896,6.985091686248779,8.486173629760742,Ellipse
128.0,128.0,1.0,0.42198652029037476,0.8497314453125,0.8631657361984253,643.8822631835938,13922.0,9.0,7.0,6.0,0.8497314453125,0.549507200717926,0.8497314453125,0.554074227809906,0.6966381072998047,3.4427649974823,4.1396403312683105,3.891561269760132,Ellipse
27.0,43.0,0.6279069781303406,0.821281909942627,0.7433246970176697,0.9790130257606506,114.91168975830078,863.0,8.0,8.0,4.0,0.7433246970176697,0.6060647964477539,0.05267333984375,0.7835818529129028,0.7496739029884338,2.200711965560913,6.435470104217529,7.4489593505859375,Ellipse
33.0,33.0,1.0,0.8751299977302551,0.7309458255767822,0.9790897965431213,106.91168975830078,796.0,8.0,8.0,4.0,0.7309458255767822,0.7452116012573242,0.048583984375,0.6288884878158569,0.7848615050315857,2.805665969848633,7.24106502532959,8.96762466430664,Ellipse
67.0,41.0,0.611940324306488,0.820372998714447,0.7531852722167969,0.9859423637390137,178.02438354492188,2069.0,8.0,7.0,5.0,0.7531852722167969,0.5911841988563538,0.12628173828125,0.7953596711158752,0.7445502877235413,2.149815082550049,8.029592514038086,9.272459030151367,Ellipse
57.0,55.0,0.9649122953414917,0.7981650829315186,0.6491228342056274,0.984280526638031,178.9949493408203,2035.0,8.0,7.0,5.0,0.6491228342056274,0.55625319480896,0.12420654296875,0.8292340636253357,0.7286418080329895,2.020273447036743,7.255558013916016,8.419511795043945,Ellipse
35.0,47.0,0.7446808218955994,0.62885981798172,0.5197568535804749,0.9715909361839294,130.71067810058594,855.0,8.0,6.0,4.0,0.5197568535804749,0.36777424812316895,0.05218505859375,0.9264519214630127,0.6170883178710938,1.482237696647644,8.252614974975586,9.17620849609375,Ellipse
55.0,53.0,0.9636363387107849,0.7540262341499329,0.6060034036636353,0.9783993363380432,171.5807342529297,1766.5,8.0,8.0,4.0,0.6060034036636353,0.5070253014564514,0.107818603515625,0.8594417572021484,0.7064840793609619,1.8766013383865356,7.86741828918457,9.156169891357422,Ellipse
47.0,31.0,0.6595744490623474,0.8439528346061707,0.7481125593185425,0.9824244976043701,127.39696502685547,1090.0,8.0,8.0,4.0,0.7481125593185425,0.6366143226623535,0.0665283203125,0.7554919719696045,0.7589520215988159,2.3019232749938965,7.530828952789307,9.163400650024414,Ellipse
27.0,37.0,0.7297297120094299,0.8780357241630554,0.7407407164573669,0.9833887219429016,102.91168975830078,740.0,8.0,8.0,4.0,0.7407407164573669,0.7073476314544678,0.045166015625,0.688529908657074,0.7759361863136292,2.568838119506836,6.6296706199646,8.289844512939453,Ellipse
47.0,47.0,1.0,0.8517512679100037,0.7068809270858765,0.9811498522758484,151.78173828125,1561.5,8.0,8.0,5.0,0.7068809270858765,0.72138911485672,0.095306396484375,0.6781898140907288,0.7777975797653198,2.607151746749878,7.195398807525635,8.78601360321045,Ellipse
55.0,41.0,0.7454545497894287,0.6443470120429993,0.5312638878822327,0.971220076084137,152.85281372070312,1198.0,8.0,7.0,4.0,0.5312638878822327,0.362139493227005,0.0731201171875,0.9275401830673218,0.6155633330345154,1.4770225286483765,6.813265800476074,7.875540256500244,Ellipse
47.0,57.0,0.8245614171028137,0.6816917657852173,0.5457260012626648,0.9762938022613525,164.16651916503906,1462.0,8.0,8.0,4.0,0.5457260012626648,0.41662153601646423,0.0892333984375,0.9045180082321167,0.6569697260856628,1.6349667310714722,8.061921119689941,8.717062950134277,Ellipse
41.0,37.0,0.9024389982223511,0.8148053884506226,0.6684245467185974,0.9768785834312439,125.05382537841797,1014.0,8.0,8.0,4.0,0.6684245467185974,0.5794677138328552,0.0618896484375,0.7937158942222595,0.7469767928123474,2.173964738845825,6.653509140014648,7.809467792510986,Ellipse
55.0,31.0,0.5636363625526428,0.629551887512207,0.5797653794288635,0.9695929288864136,140.46803283691406,988.5,8.0,6.0,4.0,0.5797653794288635,0.3701731264591217,0.060333251953125,0.9260645508766174,0.6189528703689575,1.488945484161377,6.272596836090088,6.870779991149902,Ellipse
33.0,57.0,0.5789473652839661,0.7720692753791809,0.7256778478622437,0.9830752611160278,149.05381774902344,1365.0,8.0,8.0,4.0,0.7256778478622437,0.5023006200790405,0.08331298828125,0.8549234867095947,0.709505558013916,1.894601821899414,7.095472812652588,8.367159843444824,Ellipse
39.0,39.0,1.0,0.8967680335044861,0.7337278127670288,0.9863013625144958,125.05382537841797,1116.0,8.0,8.0,4.0,0.7337278127670288,0.7982708215713501,0.068115234375,0.5857537388801575,0.7894522547721863,2.9955530166625977,7.583922386169434,9.604204177856445,Ellipse
35.0,43.0,0.8139534592628479,0.7160320281982422,0.5700996518135071,0.9833810925483704,122.71067810058594,858.0,8.0,7.0,4.0,0.5700996518135071,0.42874056100845337,0.0523681640625,0.9007489681243896,0.6630873680114746,1.661002278327942,6.605910778045654,7.542393684387207,Ellipse
37.0,31.0,0.837837815284729,0.865034818649292,0.7227550148963928,0.9799054265022278,109.7401123046875,829.0,9.0,8.0,4.0,0.7227550148963928,0.6999368071556091,0.05059814453125,0.6703845858573914,0.7778741717338562,2.6118173599243164,6.972652435302734,8.667908668518066,Ellipse
39.0,63.0,0.6190476417541504,0.8118615746498108,0.7557997703552246,0.9820200800895691,169.5391082763672,1857.0,8.0,8.0,4.0,0.7557997703552246,0.6073441505432129,0.11334228515625,0.7854704260826111,0.7490900754928589,2.1932899951934814,7.370066165924072,8.817752838134766,Ellipse
46.0,43.0,0.9347826242446899,0.6078965067863464,0.4635995924472809,0.9667896628379822,137.68124389648438,917.0,8.0,6.0,4.0,0.4635995924472809,0.34542977809906006,0.05596923828125,0.9366410374641418,0.5905404686927795,1.3923298120498657,6.611081123352051,7.011253356933594,Ellipse
128.0,128.0,1.0,0.44549819827079773,0.88177490234375,0.8957157731056213,638.3675537109375,14447.0,8.0,7.0,6.0,0.88177490234375,0.570229172706604,0.88177490234375,0.9290046691894531,0.7129058837890625,3.8175127506256104,4.562239170074463,4.191512584686279,Ellipse
65.0,39.0,0.6000000238418579,0.800079345703125,0.7512820363044739,0.9804375767707825,172.9533233642578,1904.5,8.0,7.0,5.0,0.7512820363044739,0.5779002904891968,0.116241455078125,0.804561972618103,0.7401352524757385,2.1113431453704834,7.3242316246032715,8.680912017822266,Ellipse
45.0,55.0,0.8181818127632141,0.7422103881835938,0.6084848642349243,0.9823874831199646,159.68124389648438,1506.0,8.0,8.0,4.0,0.6084848642349243,0.4552437961101532,0.0919189453125,0.8843089938163757,0.6842839121818542,1.7584201097488403,7.265768527984619,7.895159721374512,Ellipse
33.0,51.0,0.6470588445663452,0.6442491412162781,0.5721924901008606,0.9697884917259216,137.05381774902344,963.0,8.0,7.0,4.0,0.5721924901008606,0.3860582709312439,0.05877685546875,0.9195129871368408,0.6326931715011597,1.5391467809677124,6.8959150314331055,7.357297420501709,Ellipse
41.0,59.0,0.694915235042572,0.6926290988922119,0.5938404202461243,0.9778761267662048,161.4385986328125,1436.5,8.0,6.0,4.0,0.5938404202461243,0.41073378920555115,0.087677001953125,0.90546053647995,0.6559210419654846,1.6306596994400024,6.924707412719727,7.59384298324585,Ellipse
33.0,49.0,0.6734693646430969,0.62885981798172,0.5287569761276245,0.9715909361839294,130.71067810058594,855.0,8.0,6.0,4.0,0.5287569761276245,0.36530601978302,0.05218505859375,0.9283384084701538,0.6134280562400818,1.469370722770691,6.697121620178223,7.133111476898193,Ellipse
37.0,53.0,0.698113203048706,0.8546030521392822,0.7524222135543823,0.9849799871444702,147.2964630126953,1475.5,8.0,8.0,4.0,0.7524222135543823,0.6745604872703552,0.090057373046875,0.7202360033988953,0.7689691185951233,2.4401986598968506,6.614434242248535,8.024580955505371,Ellipse
128.0,128.0,1.0,0.42521458864212036,0.887786865234375,0.9018228054046631,655.6395874023438,14545.5,8.0,7.0,7.0,0.887786865234375,0.5741170048713684,0.887786865234375,0.815281331539154,0.7138065099716187,3.996129274368286,4.789159297943115,4.257472991943359,Ellipse
61.0,25.0,0.4098360538482666,0.6276943683624268,0.701311469078064,0.9749316573143005,146.32589721679688,1069.5,8.0,6.0,4.0,0.701311469078064,0.3587252199649811,0.065277099609375,0.9340196251869202,0.6004837155342102,1.4250017404556274,6.9626569747924805,7.76768159866333,Ellipse
35.0,43.0,0.8139534592628479,0.8710522651672363,0.7475082874298096,0.9791122674942017,127.39696502685547,1125.0,8.0,8.0,6.0,0.7475082874298096,0.7767794132232666,0.06866455078125,0.5856046080589294,0.7871909737586975,2.893911361694336,7.156968116760254,9.04772663116455,Ellipse
128.0,128.0,1.0,0.4311451315879822,0.86724853515625,0.8809597492218018,643.5391235351562,14209.0,8.0,7.0,7.0,0.86724853515625,0.5608351826667786,0.86724853515625,0.6519177556037903,0.7146064043045044,3.508206367492676,4.259770393371582,4.034115791320801,Ellipse
49.0,23.0,0.4693877696990967,0.684963583946228,0.6974267959594727,0.9727723002433777,120.08325958251953,786.0,8.0,6.0,4.0,0.6974267959594727,0.4088064730167389,0.0479736328125,0.9160414934158325,0.6415000557899475,1.573036789894104,7.65822172164917,8.427877426147461,Ellipse
35.0,27.0,0.7714285850524902,0.8574545383453369,0.7148148417472839,0.9804064035415649,99.49747467041016,675.5,8.0,8.0,4.0,0.7148148417472839,0.6615875959396362,0.041229248046875,0.7340937852859497,0.765906572341919,2.3971762657165527,6.023030757904053,7.340929985046387,Ellipse
29.0,45.0,0.644444465637207,0.8292420506477356,0.7494252920150757,0.9794691801071167,121.7401123046875,978.0,8.0,8.0,4.0,0.7494252920150757,0.6226086020469666,0.0596923828125,0.7712127566337585,0.7535348534584045,2.240455150604248,7.42853307723999,8.825275421142578,Ellipse
43.0,59.0,0.7288135886192322,0.756787896156311,0.6543161273002625,0.9721815586090088,166.02438354492188,1660.0,8.0,8.0,4.0,0.6543161273002625,0.539174497127533,0.101318359375,0.835148274898529,0.7239906787872314,1.9879010915756226,7.500033855438232,8.781463623046875,Ellipse
33.0,43.0,0.7674418687820435,0.8690189719200134,0.7420718669891357,0.9799907207489014,123.39696502685547,1053.0,8.0,8.0,4.0,0.7420718669891357,0.7334293723106384,0.06427001953125,0.6428526043891907,0.7814027070999146,2.6995530128479004,7.02642297744751,8.556145668029785,Ellipse
47.0,27.0,0.5744680762290955,0.7889869213104248,0.7403467297554016,0.9781363606452942,122.32589721679688,939.5,8.0,8.0,4.0,0.7403467297554016,0.5610686540603638,0.057342529296875,0.8235810399055481,0.7321902513504028,2.047435998916626,7.638516902923584,8.88231086730957,Ellipse
37.0,51.0,0.7254902124404907,0.7583135366439819,0.6512983441352844,0.9820215702056885,142.71067810058594,1229.0,8.0,6.0,4.0,0.6512983441352844,0.48838967084884644,0.07501220703125,0.866245687007904,0.7021282911300659,1.852121114730835,6.935976982116699,7.9494194984436035,Ellipse
65.0,43.0,0.6615384817123413,0.7389851808547974,0.6493738889694214,0.9742351174354553,175.68124389648438,1815.0,8.0,7.0,4.0,0.6493738889694214,0.49189358949661255,0.11077880859375,0.8645774722099304,0.7018229365348816,1.8501824140548706,7.0072855949401855,7.761476993560791,Ellipse
47.0,51.0,0.9215686321258545,0.6819623708724976,0.5323320627212524,0.9744177460670471,153.3380889892578,1276.0,8.0,6.0,4.0,0.5323320627212524,0.4161483943462372,0.077880859375,0.9077692627906799,0.6514194011688232,1.6123510599136353,7.414353370666504,8.596531867980957,Ellipse
25.0,51.0,0.4901960790157318,0.7406002283096313,0.7376470565795898,0.9781591296195984,126.32589721679688,940.5,8.0,8.0,4.0,0.7376470565795898,0.47218936681747437,0.057403564453125,0.8763315677642822,0.6905260682106018,1.78998601436615,6.450008392333984,7.164811134338379,Ellipse
35.0,61.0,0.5737704634666443,0.6970212459564209,0.6592505574226379,0.9760748744010925,159.2964630126953,1407.5,8.0,6.0,4.0,0.6592505574226379,0.42913639545440674,0.085906982421875,0.9006484150886536,0.6639647483825684,1.664841651916504,7.7198052406311035,8.756107330322266,Ellipse
45.0,35.0,0.7777777910232544,0.8603015542030334,0.7371428608894348,0.9822335243225098,130.22540283203125,1161.0,8.0,8.0,4.0,0.7371428608894348,0.680266261100769,0.07086181640625,0.7155898213386536,0.7709136009216309,2.473146438598633,6.660943984985352,8.256852149963379,Ellipse
61.0,27.0,0.44262295961380005,0.7062336802482605,0.7413479089736938,0.9815112352371216,147.39697265625,1221.0,8.0,7.0,4.0,0.7413479089736938,0.4201663136482239,0.07452392578125,0.9023032188415527,0.6567108035087585,1.6339880228042603,6.56394100189209,7.100413799285889,Ellipse
33.0,63.0,0.523809552192688,0.7639420032501221,0.747474730014801,0.9816803336143494,159.8822479248047,1554.0,8.0,8.0,4.0,0.747474730014801,0.504102349281311,0.0948486328125,0.8547879457473755,0.7076557278633118,1.8835740089416504,7.7530717849731445,8.776293754577637,Ellipse
31.0,41.0,0.7560975551605225,0.8437009453773499,0.7250196933746338,0.9808408617973328,117.15432739257812,921.5,8.0,8.0,4.0,0.7250196933746338,0.6532734632492065,0.056243896484375,0.7405328750610352,0.7643735408782959,2.3734872341156006,6.75868034362793,8.34756851196289,Ellipse
53.0,41.0,0.7735849022865295,0.8608835339546204,0.7432121634483337,0.9853569269180298,153.5391082763672,1615.0,9.0,7.0,4.0,0.7432121634483337,0.6790841817855835,0.09857177734375,0.7152214050292969,0.770557701587677,2.4665377140045166,7.139739513397217,8.533652305603027,Ellipse
39.0,59.0,0.6610169410705566,0.8306829333305359,0.7551064491271973,0.9827488660812378,162.12489318847656,1737.5,8.0,8.0,4.0,0.7551064491271973,0.6453438401222229,0.106048583984375,0.7551171779632568,0.760377824306488,2.318648099899292,8.4758939743042,10.023406028747559,Ellipse
45.0,57.0,0.7894737124443054,0.5463811159133911,0.42222222685813904,0.9691275358200073,157.82337951660156,1083.0,8.0,4.0,4.0,0.42222222685813904,0.291155070066452,0.06610107421875,0.9552806615829468,0.5321426391601562,1.2157108783721924,6.436690330505371,7.108898162841797,Ellipse
59.0,29.0,0.49152541160583496,0.7397812008857727,0.7475160956382751,0.9808282256126404,147.39697265625,1279.0,9.0,7.0,5.0,0.7475160956382751,0.47504734992980957,0.07806396484375,0.8763327598571777,0.689748227596283,1.7857528924942017,8.586068153381348,9.451560020446777,Ellipse
39.0,39.0,1.0,0.8888862133026123,0.747863233089447,0.9801809787750244,126.8111801147461,1137.5,8.0,8.0,5.0,0.747863233089447,0.8831071853637695,0.069427490234375,0.4386836290359497,0.7956077456474304,3.564213752746582,6.690338134765625,9.15828800201416,Ellipse
33.0,57.0,0.5789473652839661,0.7271506786346436,0.6780967712402344,0.974035918712616,148.46803283691406,1275.5,8.0,8.0,4.0,0.6780967712402344,0.4776487946510315,0.077850341796875,0.8744744062423706,0.6918190121650696,1.796652913093567,7.001185417175293,7.87697172164917,Ellipse
41.0,41.0,1.0,0.7723333239555359,0.6302796006202698,0.9720183610916138,131.2964630126953,1059.5,8.0,8.0,4.0,0.6302796006202698,0.5789640545845032,0.064666748046875,0.8149105906486511,0.7362618446350098,2.0802857875823975,6.799371719360352,7.754713535308838,Ellipse
33.0,59.0,0.5593220591545105,0.7785730361938477,0.7511556148529053,0.9785881638526917,153.6396026611328,1462.5,8.0,8.0,4.0,0.7511556148529053,0.5432030558586121,0.089263916015625,0.8347419500350952,0.7240321040153503,1.9879417419433594,7.337037563323975,8.687493324279785,Ellipse
41.0,43.0,0.9534883499145508,0.8269146680831909,0.6891661882400513,0.9790491461753845,135.8822479248047,1215.0,8.0,8.0,4.0,0.6891661882400513,0.6599715352058411,0.07415771484375,0.7459766864776611,0.7627763152122498,2.350745916366577,6.546306610107422,8.08679485321045,Ellipse
39.0,53.0,0.7358490824699402,0.7749699354171753,0.636187732219696,0.9791511297225952,146.02438354492188,1315.0,8.0,8.0,4.0,0.636187732219696,0.5251876711845398,0.08026123046875,0.8458340764045715,0.7172452807426453,1.9426543712615967,7.759978294372559,8.550381660461426,Ellipse
41.0,41.0,1.0,0.6705285310745239,0.5374776721000671,0.9668271541595459,130.12489318847656,903.5,8.0,8.0,4.0,0.5374776721000671,0.41984060406684875,0.055145263671875,0.9049901962280273,0.654904305934906,1.6267797946929932,7.250675201416016,7.998851776123047,Ellipse
37.0,39.0,0.9487179517745972,0.8891232013702393,0.732501745223999,0.9864675402641296,122.22539520263672,1057.0,8.0,8.0,4.0,0.732501745223999,0.7560683488845825,0.06451416015625,0.6461695432662964,0.783699095249176,2.7649786472320557,6.598534107208252,8.400778770446777,Ellipse
29.0,61.0,0.4754098355770111,0.7305618524551392,0.7416619658470154,0.9831397533416748,150.2253875732422,1312.0,8.0,8.0,4.0,0.7416619658470154,0.4514809250831604,0.080078125,0.8870006203651428,0.6791483163833618,1.7337621450424194,7.0586018562316895,8.167677879333496,Ellipse
39.0,43.0,0.9069767594337463,0.8908382654190063,0.7483601570129395,0.9823874831199646,133.05381774902344,1255.0,8.0,8.0,4.0,0.7483601570129395,0.8741251826286316,0.07659912109375,0.430716872215271,0.795662522315979,3.561401128768921,6.712581634521484,9.451815605163574,Ellipse
39.0,39.0,1.0,0.7705679535865784,0.6423405408859253,0.9731075763702393,126.22539520263672,977.0,8.0,8.0,4.0,0.6423405408859253,0.5361831188201904,0.05963134765625,0.839087724685669,0.722467303276062,1.9782328605651855,6.614379405975342,7.81935977935791,Ellipse
38.0,33.0,0.8684210777282715,0.8960058689117432,0.7539872527122498,0.9854090809822083,115.15432739257812,945.5,8.0,8.0,6.0,0.7539872527122498,0.8101418614387512,0.057708740234375,0.54436194896698,0.7912502884864807,3.108483076095581,6.622373580932617,8.891552925109863,Ellipse
45.0,39.0,0.8666666746139526,0.8454011678695679,0.7262108325958252,0.9800077080726624,137.6396026611328,1274.5,8.0,8.0,4.0,0.7262108325958252,0.6934745907783508,0.077789306640625,0.7050653100013733,0.7733892798423767,2.5174365043640137,7.169610500335693,8.800887107849121,Ellipse
43.0,43.0,1.0,0.6366017460823059,0.5227149724960327,0.9669834971427917,138.12489318847656,966.5,8.0,6.0,4.0,0.5227149724960327,0.3835964500904083,0.058990478515625,0.9189764857292175,0.6329882740974426,1.540567398071289,7.208763599395752,7.680882930755615,Ellipse
53.0,53.0,1.0,0.7857885956764221,0.6472054123878479,0.9816414713859558,170.50965881347656,1818.0,8.0,8.0,4.0,0.6472054123878479,0.5469601154327393,0.1109619140625,0.8268188834190369,0.7304063439369202,2.0337226390838623,7.463738918304443,8.348484992980957,Ellipse
55.0,25.0,0.4545454680919647,0.617403507232666,0.6447272896766663,0.965160608291626,134.32589721679688,886.5,8.0,5.0,4.0,0.6447272896766663,0.35583823919296265,0.054107666015625,0.9337254166603088,0.6003469228744507,1.4248179197311401,6.750580310821533,7.14769172668457,Ellipse
45.0,29.0,0.644444465637207,0.8402491807937622,0.7448275685310364,0.9818181991577148,120.56854248046875,972.0,8.0,8.0,4.0,0.7448275685310364,0.6275749206542969,0.059326171875,0.7705265283584595,0.7551977634429932,2.258406162261963,7.10711145401001,8.563403129577637,Ellipse
47.0,33.0,0.7021276354789734,0.8380715250968933,0.7292069792747498,0.986050546169281,130.22540283203125,1131.0,8.0,8.0,4.0,0.7292069792747498,0.607092022895813,0.06903076171875,0.7863836884498596,0.7502284049987793,2.205068349838257,7.49236536026001,8.539519309997559,Ellipse
49.0,57.0,0.859649121761322,0.7973734140396118,0.665055513381958,0.9859341979026794,171.095458984375,1857.5,9.0,7.0,4.0,0.665055513381958,0.5292075276374817,0.113372802734375,0.8385267853736877,0.7248057723045349,1.9931257963180542,7.192982196807861,8.067185401916504,Ellipse
49.0,37.0,0.7551020383834839,0.8540741205215454,0.7520684003829956,0.980935275554657,141.6396026611328,1363.5,8.0,8.0,4.0,0.7520684003829956,0.7279027700424194,0.083221435546875,0.6648644804954529,0.7796057462692261,2.6495840549468994,6.796451568603516,8.447660446166992,Ellipse
39.0,49.0,0.795918345451355,0.8522680401802063,0.7407116889953613,0.9816227555274963,144.46803283691406,1415.5,8.0,8.0,4.0,0.7407116889953613,0.7040064334869385,0.086395263671875,0.697730302810669,0.7755945324897766,2.561368465423584,7.60638427734375,8.9579496383667,Ellipse
57.0,43.0,0.7543859481811523,0.7022075057029724,0.5728273987770081,0.9743233919143677,158.50967407226562,1404.0,8.0,8.0,4.0,0.5728273987770081,0.43900224566459656,0.085693359375,0.8978155255317688,0.663855254650116,1.664361596107483,7.601842880249023,8.212005615234375,Ellipse
53.0,29.0,0.5471698045730591,0.7814421653747559,0.7417046427726746,0.9810671210289001,135.39697265625,1140.0,8.0,8.0,4.0,0.7417046427726746,0.5211785435676575,0.069580078125,0.8430205583572388,0.7174379825592041,1.943913459777832,6.836280822753906,7.784595489501953,Ellipse
29.0,31.0,0.9354838728904724,0.7758705615997314,0.6340377926826477,0.9661017060279846,96.08325958251953,570.0,8.0,8.0,4.0,0.6340377926826477,0.5367889404296875,0.0347900390625,0.8280943036079407,0.729743242263794,2.0314645767211914,6.195404529571533,7.0423383712768555,Ellipse
43.0,37.0,0.8604651093482971,0.6224542856216431,0.5138278007507324,0.965171217918396,128.46803283691406,817.5,8.0,8.0,4.0,0.5138278007507324,0.3776725232601166,0.049896240234375,0.9229673743247986,0.6251295804977417,1.511528491973877,6.769526958465576,7.299142360687256,Ellipse
27.0,65.0,0.4153846204280853,0.686387836933136,0.7515669465065002,0.9806691408157349,155.39697265625,1319.0,8.0,8.0,4.0,0.7515669465065002,0.4075206518173218,0.08050537109375,0.9121763706207275,0.6431586742401123,1.5789743661880493,7.0500030517578125,7.9405927658081055,Ellipse
41.0,41.0,1.0,0.879539966583252,0.7501487135887146,0.9790372848510742,134.22540283203125,1261.0,8.0,8.0,4.0,0.7501487135887146,0.9444350600242615,0.07696533203125,0.054955415427684784,0.7979927062988281,7.205549716949463,6.971800804138184,10.959585189819336,Ellipse
59.0,45.0,0.7627118825912476,0.7360838651657104,0.6246704459190369,0.978177547454834,168.26702880859375,1658.5,8.0,8.0,4.0,0.6246704459190369,0.47645655274391174,0.101226806640625,0.8738511800765991,0.6931565999984741,1.8032931089401245,7.260207653045654,8.287820816040039,Ellipse
37.0,35.0,0.9459459185600281,0.8887314200401306,0.7420849204063416,0.9806122183799744,116.56854248046875,961.0,9.0,8.0,5.0,0.7420849204063416,0.8113863468170166,0.05865478515625,0.5448602437973022,0.7915222644805908,3.122807741165161,6.864870071411133,8.954384803771973,Ellipse
31.0,45.0,0.6888889074325562,0.6577883362770081,0.5659497976303101,0.9699017405509949,122.8111801147461,789.5,8.0,6.0,4.0,0.5659497976303101,0.39250868558883667,0.048187255859375,0.9175580143928528,0.6381902098655701,1.5601482391357422,6.431663990020752,7.207333087921143,Ellipse
25.0,55.0,0.4545454680919647,0.7114243507385254,0.7429090738296509,0.9770444631576538,134.32589721679688,1021.5,8.0,8.0,4.0,0.7429090738296509,0.440584272146225,0.062347412109375,0.8952758312225342,0.6681263446807861,1.6831789016723633,6.701026916503906,7.892617702484131,Ellipse
27.0,41.0,0.6585366129875183,0.8566870093345642,0.7416440844535828,0.9855942130088806,109.7401123046875,821.0,8.0,8.0,4.0,0.7416440844535828,0.6281968355178833,0.05010986328125,0.7559130191802979,0.7590107321739197,2.303701400756836,8.872807502746582,10.43931770324707,Ellipse
55.0,35.0,0.6363636255264282,0.79412841796875,0.7293506264686584,0.9804469347000122,149.05381774902344,1404.0,8.0,8.0,4.0,0.7293506264686584,0.5577583909034729,0.085693359375,0.825057864189148,0.731752872467041,2.043933391571045,8.049718856811523,9.03334903717041,Ellipse
69.0,31.0,0.4492753744125366,0.7113044857978821,0.7510519027709961,0.9801708459854126,168.46803283691406,1606.5,8.0,8.0,4.0,0.7510519027709961,0.438937246799469,0.098052978515625,0.897519588470459,0.6662186980247498,1.6745296716690063,7.854300498962402,9.050002098083496,Ellipse
31.0,35.0,0.8857142925262451,0.8021640181541443,0.6433179974555969,0.9789621233940125,104.56854248046875,698.0,8.0,8.0,4.0,0.6433179974555969,0.5418978333473206,0.0426025390625,0.8342305421829224,0.7274054288864136,2.0129122734069824,7.2656145095825195,8.172819137573242,Ellipse
31.0,49.0,0.6326530575752258,0.7587844729423523,0.6741276979446411,0.97292160987854,130.22540283203125,1024.0,8.0,8.0,4.0,0.6741276979446411,0.5092918276786804,0.0625,0.8550777435302734,0.7105311751365662,1.9012624025344849,6.616035461425781,7.472275257110596,Ellipse
59.0,43.0,0.7288135886192322,0.6189050674438477,0.5053212642669678,0.9734244346618652,161.3380889892578,1282.0,8.0,5.0,4.0,0.5053212642669678,0.3502754867076874,0.0782470703125,0.9346248507499695,0.599463939666748,1.4215902090072632,6.687402725219727,7.122434139251709,Ellipse
39.0,53.0,0.7358490824699402,0.856431782245636,0.748911440372467,0.9844197034835815,150.71067810058594,1548.0,8.0,8.0,4.0,0.748911440372467,0.7077056169509888,0.094482421875,0.6786476969718933,0.7766130566596985,2.581411600112915,7.843087196350098,9.314274787902832,Ellipse
59.0,35.0,0.5932203531265259,0.7150664329528809,0.6595641374588013,0.9791516661643982,154.71067810058594,1362.0,9.0,6.0,4.0,0.6595641374588013,0.4401373565196991,0.0831298828125,0.8910276889801025,0.6743437647819519,1.7114088535308838,8.273395538330078,8.749746322631836,Ellipse
31.0,59.0,0.5254237055778503,0.6888715028762817,0.6711317896842957,0.9726624488830566,149.6396026611328,1227.5,8.0,7.0,4.0,0.6711317896842957,0.4237774908542633,0.074920654296875,0.9017085433006287,0.6603354215621948,1.649378776550293,7.156045436859131,8.28857421875,Ellipse
128.0,128.0,1.0,0.42504221200942993,0.883331298828125,0.8972967863082886,654.1248779296875,14472.5,8.0,7.0,7.0,0.883331298828125,0.5712356567382812,0.883331298828125,0.8860061168670654,0.7165436744689941,3.8211095333099365,4.622946262359619,4.167901992797852,Ellipse
57.0,35.0,0.6140350699424744,0.7958771586418152,0.7323307991027832,0.9835072159767151,151.8822479248047,1461.0,8.0,8.0,4.0,0.7323307991027832,0.5431212782859802,0.08917236328125,0.8337936401367188,0.7265310287475586,2.005250930786133,7.768868446350098,8.643176078796387,Ellipse
31.0,51.0,0.6078431606292725,0.7353523969650269,0.6726755499839783,0.9685792326927185,134.81118774414062,1063.5,8.0,8.0,4.0,0.6726755499839783,0.49132075905799866,0.064910888671875,0.8660513162612915,0.7008001208305359,1.8451298475265503,6.437088489532471,7.2597975730896,Ellipse
128.0,128.0,1.0,0.44026046991348267,0.88519287109375,0.8991878032684326,643.39697265625,14503.0,8.0,7.0,7.0,0.88519287109375,0.5724394917488098,0.88519287109375,0.7412241697311401,0.7133780121803284,3.8733022212982178,4.619364261627197,4.237081527709961,Ellipse
41.0,65.0,0.6307692527770996,0.8257861733436584,0.7568480372428894,0.9831830263137817,175.19595336914062,2017.0,8.0,8.0,4.0,0.7568480372428894,0.612037181854248,0.12310791015625,0.7809452414512634,0.7515984177589417,2.2185888290405273,7.07820463180542,8.521432876586914,Ellipse
128.0,128.0,1.0,0.42155921459198,0.89776611328125,0.9119598269462585,662.16650390625,14709.0,7.0,7.0,6.0,0.89776611328125,0.5805703997612,0.89776611328125,0.6614201664924622,0.7256669998168945,4.06388521194458,4.9922566413879395,4.310003280639648,Ellipse
25.0,39.0,0.6410256624221802,0.8270611763000488,0.7312820553779602,0.9807427525520325,104.08325958251953,713.0,8.0,8.0,4.0,0.7312820553779602,0.6019963026046753,0.04351806640625,0.7712216973304749,0.7512702345848083,2.218337297439575,6.623413562774658,7.8645501136779785,Ellipse
31.0,53.0,0.5849056839942932,0.644555389881134,0.5964698791503906,0.9683794379234314,138.22540283203125,980.0,8.0,6.0,4.0,0.5964698791503906,0.39139461517333984,0.059814453125,0.9178191423416138,0.633526086807251,1.542224645614624,6.805569648742676,7.616771697998047,Ellipse
49.0,31.0,0.6326530575752258,0.6710716485977173,0.5908492207527161,0.9634997248649597,129.6396026611328,897.5,8.0,8.0,4.0,0.5908492207527161,0.40987229347229004,0.054779052734375,0.9075490832328796,0.6516352891921997,1.6135855913162231,6.856837272644043,7.460300445556641,Ellipse
35.0,39.0,0.8974359035491943,0.882383406162262,0.7333333492279053,0.9818538427352905,119.39696502685547,1001.0,8.0,8.0,4.0,0.7333333492279053,0.7636311054229736,0.06109619140625,0.6027277112007141,0.7883263826370239,2.94530987739563,7.016564846038818,8.70919132232666,Ellipse
43.0,53.0,0.8113207817077637,0.8587225675582886,0.7167617082595825,0.9784366488456726,154.61016845703125,1633.5,8.0,8.0,4.0,0.7167617082595825,0.751380443572998,0.099700927734375,0.6366255283355713,0.7832254767417908,2.748802900314331,8.490364074707031,10.19193172454834,Ellipse
59.0,27.0,0.4576271176338196,0.7106306552886963,0.7479598522186279,0.9758394956588745,145.15432739257812,1191.5,8.0,8.0,4.0,0.7479598522186279,0.44619250297546387,0.072723388671875,0.8929762244224548,0.6713742613792419,1.6977322101593018,7.3622541427612305,7.991659164428711,Ellipse
49.0,48.0,0.9795918464660645,0.6185668110847473,0.4719387888908386,0.974539041519165,150.16651916503906,1110.0,8.0,6.0,4.0,0.4719387888908386,0.3474156856536865,0.0677490234375,0.9384483098983765,0.5924034714698792,1.398375153541565,6.326103210449219,7.0157270431518555,Ellipse
33.0,25.0,0.7575757503509521,0.7941330671310425,0.6745454668998718,0.9763157963752747,93.84062194824219,556.5,8.0,7.0,4.0,0.6745454668998718,0.5450385212898254,0.033966064453125,0.8234178423881531,0.7319368720054626,2.046776056289673,6.249687671661377,7.196802139282227,Ellipse
29.0,41.0,0.707317054271698,0.7138170003890991,0.5866274237632751,0.9680777192115784,110.8111801147461,697.5,8.0,7.0,4.0,0.5866274237632751,0.44403836131095886,0.042572021484375,0.890174150466919,0.6750091314315796,1.7151639461517334,6.679533958435059,7.4846930503845215,Ellipse
31.0,51.0,0.6078431606292725,0.7848695516586304,0.7242251634597778,0.980728030204773,135.39697265625,1145.0,8.0,8.0,4.0,0.7242251634597778,0.5289725065231323,0.06988525390625,0.8433791399002075,0.7213758230209351,1.9698961973190308,7.0390095710754395,7.989981651306152,Ellipse
33.0,31.0,0.939393937587738,0.8709165453910828,0.7174975275993347,0.9793195724487305,102.91168975830078,734.0,10.0,8.0,4.0,0.7174975275993347,0.7188827991485596,0.0447998046875,0.6800773739814758,0.7780207991600037,2.6169142723083496,6.60744047164917,8.172721862792969,Ellipse
39.0,35.0,0.8974359035491943,0.8060902953147888,0.6633699536323547,0.9768068790435791,118.8111801147461,905.5,9.0,8.0,4.0,0.6633699536323547,0.5846389532089233,0.055267333984375,0.8039414286613464,0.7417113184928894,2.125749349594116,6.21409273147583,7.56749153137207,Ellipse
27.0,47.0,0.5744680762290955,0.7681935429573059,0.7139480113983154,0.9773463010787964,121.7401123046875,906.0,8.0,8.0,4.0,0.7139480113983154,0.4989384114742279,0.0552978515625,0.8628162145614624,0.7052814364433289,1.8702890872955322,6.382145404815674,7.149532318115234,Ellipse
45.0,35.0,0.7777777910232544,0.8588195443153381,0.7358730435371399,0.981787383556366,130.22540283203125,1159.0,8.0,8.0,4.0,0.7358730435371399,0.6732081174850464,0.07073974609375,0.717047929763794,0.7714977264404297,2.4841721057891846,6.5898661613464355,7.9681782722473145,Ellipse
43.0,55.0,0.7818182110786438,0.7397397756576538,0.621564507484436,0.9806537628173828,158.02438354492188,1470.0,8.0,6.0,4.0,0.621564507484436,0.4750381410121918,0.0897216796875,0.8749989867210388,0.6937562823295593,1.806519865989685,7.651456832885742,8.3623685836792,Ellipse
33.0,45.0,0.7333333492279053,0.8332871198654175,0.6983165144920349,0.9737089276313782,125.05382537841797,1037.0,8.0,8.0,4.0,0.6983165144920349,0.6601688265800476,0.06329345703125,0.7286275625228882,0.7665178775787354,2.404773473739624,12.0,12.0,Ellipse
37.0,59.0,0.6271186470985413,0.7142537236213684,0.6271186470985413,0.9768105745315552,155.19595336914062,1369.0,8.0,8.0,4.0,0.6271186470985413,0.44239944219589233,0.08355712890625,0.8921468257904053,0.6740717887878418,1.7100046873092651,7.606317520141602,8.569851875305176,Ellipse
29.0,35.0,0.8285714387893677,0.8732895851135254,0.7251231670379639,0.9800266027450562,102.91168975830078,736.0,8.0,8.0,5.0,0.7251231670379639,0.6931169629096985,0.044921875,0.6947810053825378,0.7773306369781494,2.603355884552002,7.225273132324219,8.798685073852539,Ellipse
35.0,69.0,0.5072463750839233,0.7495604753494263,0.7488613128662109,0.9823465347290039,174.12489318847656,1808.5,8.0,8.0,4.0,0.7488613128662109,0.4874344766139984,0.110382080078125,0.8653311133384705,0.6983038187026978,1.8307771682739258,8.120780944824219,9.153364181518555,Ellipse
61.0,29.0,0.4754098355770111,0.566530168056488,0.5706613659858704,0.9660286903381348,149.6396026611328,1009.5,8.0,4.0,4.0,0.5706613659858704,0.3147226572036743,0.061614990234375,0.9497377276420593,0.5548337697982788,1.281503438949585,6.3074469566345215,7.267910957336426,Ellipse
67.0,37.0,0.5522388219833374,0.7219921350479126,0.6885840892791748,0.9801895022392273,172.36752319335938,1707.0,8.0,7.0,4.0,0.6885840892791748,0.4607507884502411,0.10418701171875,0.8828617930412292,0.6828259229660034,1.7514017820358276,8.64069938659668,9.500828742980957,Ellipse
29.0,61.0,0.4754098355770111,0.5724059343338013,0.5720745921134949,0.9688846468925476,149.05381774902344,1012.0,8.0,6.0,4.0,0.5720745921134949,0.3155020475387573,0.061767578125,0.9499481916427612,0.5560243129730225,1.2850675582885742,7.196312427520752,8.033702850341797,Ellipse
33.0,35.0,0.9428571462631226,0.7651830911636353,0.628138542175293,0.9738255143165588,109.15432739257812,725.5,8.0,8.0,4.0,0.628138542175293,0.5109107494354248,0.044281005859375,0.8539602160453796,0.7128266096115112,1.9159972667694092,6.3200836181640625,7.482635021209717,Ellipse
25.0,37.0,0.6756756901741028,0.7809410095214844,0.6572973132133484,0.9814366698265076,98.91168975830078,608.0,8.0,8.0,4.0,0.6572973132133484,0.5188483595848083,0.037109375,0.8491249680519104,0.7137501835823059,1.9211143255233765,6.382941722869873,7.630250930786133,Ellipse
45.0,43.0,0.9555555582046509,0.8791126608848572,0.7423772811889648,0.9855917692184448,143.2964630126953,1436.5,9.0,7.0,5.0,0.7423772811889648,0.7671954035758972,0.087677001953125,0.6103970408439636,0.786789059638977,2.8725218772888184,7.636857509613037,9.636507987976074,Ellipse
37.0,51.0,0.7254902124404907,0.7751510143280029,0.6767355799674988,0.9777947664260864,143.8822479248047,1277.0,8.0,8.0,4.0,0.6767355799674988,0.5448777675628662,0.07794189453125,0.832750141620636,0.7263326048851013,2.004131317138672,6.9226393699646,7.960488319396973,Ellipse
61.0,43.0,0.7049180269241333,0.7924715876579285,0.690240204334259,0.9813008308410645,169.4385986328125,1810.5,8.0,8.0,4.0,0.690240204334259,0.5520081520080566,0.110504150390625,0.8255365490913391,0.7304731011390686,2.0339412689208984,7.634461879730225,8.75178050994873,Ellipse
35.0,41.0,0.8536585569381714,0.8759503364562988,0.7466899156570435,0.9803293943405151,123.98275756835938,1071.5,8.0,8.0,5.0,0.7466899156570435,0.8140484690666199,0.065399169921875,0.5288015007972717,0.7914719581604004,3.1210598945617676,8.611621856689453,10.603386878967285,Ellipse
21.0,67.0,0.31343284249305725,0.566128134727478,0.7405828237533569,0.9729225039482117,152.08326721191406,1042.0,8.0,5.0,4.0,0.7405828237533569,0.30207371711730957,0.0635986328125,0.9519973397254944,0.5414834022521973,1.2423756122589111,6.692683696746826,6.970925331115723,Ellipse
59.0,35.0,0.5932203531265259,0.7150664329528809,0.6595641374588013,0.9791516661643982,154.71067810058594,1362.0,9.0,6.0,4.0,0.6595641374588013,0.4401373565196991,0.0831298828125,0.8910276889801025,0.6743437647819519,1.7114088535308838,8.273395538330078,8.749746322631836,Ellipse
49.0,37.0,0.7551020383834839,0.8484366536140442,0.7471042275428772,0.9783315062522888,141.6396026611328,1354.5,8.0,8.0,4.0,0.7471042275428772,0.7282710075378418,0.082672119140625,0.6556898951530457,0.7800410985946655,2.6615149974823,6.600543022155762,8.333081245422363,Ellipse
37.0,53.0,0.698113203048706,0.7671526670455933,0.6700662970542908,0.9795005321502686,146.71067810058594,1314.0,9.0,8.0,4.0,0.6700662970542908,0.5264726281166077,0.0802001953125,0.8446395993232727,0.7181822061538696,1.948839545249939,7.187844753265381,8.10346508026123,Ellipse
33.0,43.0,0.7674418687820435,0.8587828278541565,0.7403100728988647,0.9767550230026245,123.98275756835938,1050.5,8.0,8.0,5.0,0.7403100728988647,0.7375250458717346,0.064117431640625,0.6482921242713928,0.7810155749320984,2.6900548934936523,7.1630449295043945,9.079739570617676,Ellipse
29.0,63.0,0.460317462682724,0.6341778635978699,0.6620142459869385,0.97148597240448,154.81118774414062,1209.5,8.0,6.0,4.0,0.6620142459869385,0.36947545409202576,0.073822021484375,0.9267768859863281,0.6169812679290771,1.4817310571670532,7.672195911407471,8.176148414611816,Ellipse
23.0,47.0,0.4893617033958435,0.726633608341217,0.7354301810264587,0.9754601120948792,117.25483703613281,795.0,8.0,8.0,4.0,0.7354301810264587,0.4643196165561676,0.04852294921875,0.8779956698417664,0.6851085424423218,1.7630456686019897,6.356201648712158,7.018289566040039,Ellipse
23.0,55.0,0.41818180680274963,0.6742022037506104,0.739920973777771,0.9770354628562927,132.08326721191406,936.0,8.0,8.0,4.0,0.739920973777771,0.3999139666557312,0.05712890625,0.9136926531791687,0.6350699067115784,1.5482614040374756,7.234927177429199,7.9238996505737305,Ellipse
67.0,21.0,0.31343284249305725,0.5628682971000671,0.7363184094429016,0.9732268452644348,152.08326721191406,1036.0,8.0,4.0,4.0,0.7363184094429016,0.3003343343734741,0.063232421875,0.9524927139282227,0.5404320955276489,1.2393938302993774,6.1361565589904785,6.473325729370117,Ellipse
41.0,53.0,0.7735849022865295,0.8583947420120239,0.7524160146713257,0.9831629395484924,154.71067810058594,1635.0,8.0,8.0,4.0,0.7524160146713257,0.7424148321151733,0.09979248046875,0.6378605365753174,0.782325267791748,2.722368001937866,6.9688191413879395,8.589491844177246,Ellipse
33.0,43.0,0.7674418687820435,0.8587828278541565,0.7403100728988647,0.9785747528076172,123.98275756835938,1050.5,9.0,8.0,5.0,0.7403100728988647,0.7375250458717346,0.064117431640625,0.6484529972076416,0.7810220122337341,2.6900382041931152,6.542366027832031,8.126974105834961,Ellipse
37.0,45.0,0.8222222328186035,0.6427160501480103,0.5108107924461365,0.9731121063232422,128.9533233642578,850.5,8.0,6.0,4.0,0.5108107924461365,0.3658386170864105,0.051910400390625,0.930711567401886,0.6132104396820068,1.4688550233840942,7.159956455230713,7.929556369781494,Ellipse
29.0,51.0,0.5686274766921997,0.7058888673782349,0.6615957021713257,0.9755733013153076,131.98275756835938,978.5,8.0,8.0,4.0,0.6615957021713257,0.4520520567893982,0.059722900390625,0.8869871497154236,0.6782443523406982,1.7297885417938232,6.723112106323242,7.45106840133667,Ellipse
43.0,31.0,0.7209302186965942,0.6751934885978699,0.563390851020813,0.969657838344574,118.22539520263672,751.0,8.0,8.0,4.0,0.563390851020813,0.40863037109375,0.04583740234375,0.9072538018226624,0.6511595845222473,1.611573576927185,6.755825996398926,7.269873142242432,Ellipse
29.0,47.0,0.6170212626457214,0.8130961060523987,0.7435803413391113,0.9797003269195557,125.15432739257812,1013.5,8.0,7.0,4.0,0.7435803413391113,0.5996363162994385,0.061859130859375,0.7973171472549438,0.74537593126297,2.158660888671875,7.0645856857299805,8.396896362304688,Ellipse
128.0,128.0,1.0,0.4013672173023224,0.8492431640625,0.8626697063446045,660.0244140625,13914.0,9.0,7.0,7.0,0.8492431640625,0.549191415309906,0.8492431640625,0.6098592877388,0.6999111771583557,3.4195706844329834,4.156627655029297,3.8715062141418457,Ellipse
43.0,37.0,0.8604651093482971,0.8714165687561035,0.7391577363014221,0.9820459485054016,130.22540283203125,1176.0,9.0,7.0,5.0,0.7391577363014221,0.7467912435531616,0.07177734375,0.6361413598060608,0.7841345071792603,2.7781195640563965,6.469920635223389,8.113677024841309,Ellipse
45.0,41.0,0.9111111164093018,0.8602352738380432,0.7382113933563232,0.983038604259491,141.05381774902344,1362.0,9.0,8.0,4.0,0.7382113933563232,0.7337987422943115,0.0831298828125,0.6638769507408142,0.7802767157554626,2.667438507080078,6.572661399841309,8.291714668273926,Ellipse
55.0,41.0,0.7454545497894287,0.8536403775215149,0.7532150745391846,0.9829282164573669,158.12489318847656,1698.5,8.0,7.0,5.0,0.7532150745391846,0.7256985902786255,0.103668212890625,0.6734788417816162,0.7786163687705994,2.6252079010009766,7.4546918869018555,8.966570854187012,Ellipse
31.0,45.0,0.6888889074325562,0.789023220539093,0.6724014282226562,0.9755589962005615,122.22539520263672,938.0,8.0,8.0,4.0,0.6724014282226562,0.5448397397994995,0.0572509765625,0.8267033100128174,0.7297766804695129,2.029766082763672,6.602045059204102,7.60242223739624,Ellipse
31.0,29.0,0.9354838728904724,0.7758705615997314,0.6340377926826477,0.9661017060279846,96.08325958251953,570.0,8.0,8.0,4.0,0.6340377926826477,0.5367889404296875,0.0347900390625,0.8280943036079407,0.729743242263794,2.0314645767211914,6.195404529571533,7.0423383712768555,Ellipse
41.0,41.0,1.0,0.8742504715919495,0.7391433715820312,0.9802761077880859,133.6396026611328,1242.5,8.0,8.0,4.0,0.7391433715820312,0.7933731079101562,0.075836181640625,0.5765082240104675,0.7893462777137756,2.991265058517456,7.0603790283203125,9.180526733398438,Ellipse
53.0,29.0,0.5471698045730591,0.6596457362174988,0.6099544763565063,0.9674922823905945,133.6396026611328,937.5,8.0,6.0,4.0,0.6099544763565063,0.3942052125930786,0.057220458984375,0.9137020111083984,0.6400483250617981,1.567347526550293,6.4269022941589355,7.535775184631348,Ellipse
45.0,27.0,0.6000000238418579,0.7255919575691223,0.6522634029388428,0.9664633870124817,117.15432739257812,792.5,8.0,8.0,4.0,0.6522634029388428,0.4732803702354431,0.048370361328125,0.877508282661438,0.6899951696395874,1.7880589962005615,7.315932750701904,8.2268648147583,Ellipse
39.0,39.0,1.0,0.882634699344635,0.7426035404205322,0.9808945059776306,126.8111801147461,1129.5,8.0,8.0,5.0,0.7426035404205322,0.882267415523529,0.068939208984375,0.416318416595459,0.7960817217826843,3.661912679672241,7.0681562423706055,9.819721221923828,Ellipse
41.0,23.0,0.5609756112098694,0.7418285012245178,0.6935312747955322,0.9761193990707397,105.25483703613281,654.0,8.0,8.0,4.0,0.6935312747955322,0.4636363089084625,0.0399169921875,0.8797481656074524,0.6923608183860779,1.8000651597976685,7.305929660797119,8.500622749328613,Ellipse
37.0,41.0,0.9024389982223511,0.8959726095199585,0.7488464117050171,0.9839757680892944,126.22539520263672,1136.0,8.0,8.0,6.0,0.7488464117050171,0.8630509376525879,0.0693359375,0.4304508864879608,0.7954267859458923,3.5258657932281494,7.008523941040039,9.679413795471191,Ellipse
29.0,33.0,0.8787878751754761,0.8066298365592957,0.6562173366546631,0.9713844060897827,98.91168975830078,628.0,8.0,8.0,4.0,0.6562173366546631,0.577735424041748,0.038330078125,0.7877004742622375,0.7487050890922546,2.1916143894195557,6.294194221496582,7.355635643005371,Ellipse
47.0,35.0,0.7446808218955994,0.6777299046516418,0.5501520037651062,0.9746903777122498,129.5391082763672,905.0,8.0,8.0,4.0,0.5501520037651062,0.4236298203468323,0.05523681640625,0.9056853652000427,0.6537266969680786,1.6218535900115967,6.195626735687256,6.7242841720581055,Ellipse
39.0,37.0,0.9487179517745972,0.7835971117019653,0.6517671346664429,0.977142870426178,122.8111801147461,940.5,8.0,8.0,4.0,0.6517671346664429,0.5452967286109924,0.057403564453125,0.8263004422187805,0.7317202091217041,2.0444953441619873,6.255764484405518,7.466195583343506,Ellipse
23.0,53.0,0.43396225571632385,0.6817342638969421,0.7301066517829895,0.978559672832489,128.08326721191406,890.0,8.0,6.0,4.0,0.7301066517829895,0.40412792563438416,0.0543212890625,0.9045366644859314,0.6496686339378357,1.605551838874817,7.092653751373291,7.692441463470459,Ellipse
45.0,55.0,0.8181818127632141,0.6732910871505737,0.5319191813468933,0.9791744351387024,156.75230407714844,1316.5,8.0,8.0,4.0,0.5319191813468933,0.4041006565093994,0.080352783203125,0.9126340746879578,0.6415127515792847,1.5725804567337036,7.69984245300293,8.305627822875977,Ellipse
65.0,35.0,0.5384615659713745,0.6407974362373352,0.6098901033401489,0.9699406027793884,164.9533233642578,1387.5,8.0,6.0,4.0,0.6098901033401489,0.3781270682811737,0.084686279296875,0.9249924421310425,0.6212465763092041,1.4970496892929077,6.788362503051758,7.229359149932861,Ellipse
33.0,59.0,0.5593220591545105,0.7729339599609375,0.7514124512672424,0.9779411554336548,154.22540283203125,1463.0,8.0,8.0,4.0,0.7514124512672424,0.5478637218475342,0.08929443359375,0.8334859013557434,0.7257716655731201,1.9999933242797852,6.860082626342773,8.051203727722168,Ellipse
47.0,55.0,0.8545454740524292,0.5491890907287598,0.4179883897304535,0.9725472331047058,157.2375946044922,1080.5,8.0,4.0,4.0,0.4179883897304535,0.2939588725566864,0.065948486328125,0.9545221328735352,0.5359128713607788,1.226338505744934,6.214341163635254,6.558516979217529,Ellipse
67.0,23.0,0.34328359365463257,0.5597823262214661,0.6937053799629211,0.9700544476509094,154.91168212890625,1069.0,8.0,4.0,4.0,0.6937053799629211,0.3024633526802063,0.06524658203125,0.955201268196106,0.5357836484909058,1.226075530052185,7.187111854553223,7.506299018859863,Ellipse
55.0,31.0,0.5636363625526428,0.7840490341186523,0.7463343143463135,0.9799768924713135,142.81118774414062,1272.5,8.0,8.0,4.0,0.7463343143463135,0.5488433241844177,0.077667236328125,0.8314096331596375,0.7265259623527527,2.0054221153259277,6.819736003875732,7.952082633972168,Ellipse
45.0,31.0,0.6888889074325562,0.842221736907959,0.7455196976661682,0.9806694984436035,124.56854248046875,1040.0,8.0,8.0,4.0,0.7455196976661682,0.6620786786079407,0.0634765625,0.7320237159729004,0.764517068862915,2.3761823177337646,7.068723678588867,8.37347412109375,Ellipse
65.0,43.0,0.6615384817123413,0.8148037195205688,0.7400715351104736,0.9835948348045349,178.61016845703125,2068.5,8.0,8.0,4.0,0.7400715351104736,0.5958552956581116,0.126251220703125,0.795741617679596,0.7464145421981812,2.1672632694244385,7.281261444091797,8.315354347229004,Ellipse
39.0,41.0,0.9512194991111755,0.8899415731430054,0.7510944604873657,0.9812091588973999,130.22540283203125,1201.0,8.0,8.0,4.0,0.7510944604873657,0.9189578294754028,0.07330322265625,0.31790754199028015,0.7973644733428955,4.15498685836792,7.110238552093506,11.350271224975586,Ellipse
41.0,37.0,0.9024389982223511,0.8849890828132629,0.7534607648849487,0.9811158776283264,127.39696502685547,1143.0,8.0,8.0,5.0,0.7534607648849487,0.8745785355567932,0.06976318359375,0.4456450343132019,0.7953518033027649,3.511173963546753,6.82178258895874,9.417908668518066,Ellipse
55.0,41.0,0.7454545497894287,0.8471011519432068,0.7529933452606201,0.9817866683006287,158.71067810058594,1698.0,8.0,8.0,5.0,0.7529933452606201,0.7168253064155579,0.1036376953125,0.6690472960472107,0.7781715393066406,2.6158511638641357,7.144035339355469,8.917960166931152,Ellipse
41.0,41.0,1.0,0.7971179485321045,0.6505056619644165,0.9802778959274292,131.2964630126953,1093.5,8.0,8.0,4.0,0.6505056619644165,0.5641313791275024,0.066741943359375,0.8282310366630554,0.7307234406471252,2.03642201423645,7.217440128326416,8.349138259887695,Ellipse
31.0,67.0,0.46268656849861145,0.6849914193153381,0.714973509311676,0.9789057374000549,165.05381774902344,1485.0,8.0,8.0,4.0,0.714973509311676,0.40996310114860535,0.09063720703125,0.9109220504760742,0.6461354494094849,1.5908783674240112,6.885692119598389,7.520431995391846,Ellipse
45.0,45.0,1.0,0.8661869764328003,0.7385185360908508,0.9838815927505493,147.2964630126953,1495.5,8.0,8.0,5.0,0.7385185360908508,0.7323518395423889,0.091278076171875,0.6573153138160706,0.7816557884216309,2.7033543586730957,7.603537082672119,9.190718650817871,Ellipse
63.0,41.0,0.6507936716079712,0.8309532999992371,0.7502903342247009,0.9832572340965271,171.19595336914062,1938.0,8.0,8.0,4.0,0.7502903342247009,0.6314029097557068,0.1182861328125,0.7648223638534546,0.7576691508293152,2.285836696624756,7.241548538208008,8.471834182739258,Ellipse
27.0,53.0,0.5094339847564697,0.7440162897109985,0.7400419116020203,0.9755873084068298,133.7401123046875,1059.0,8.0,8.0,4.0,0.7400419116020203,0.48414742946624756,0.06463623046875,0.8659560084342957,0.6979594230651855,1.8294594287872314,6.071402072906494,6.818512916564941,Ellipse
25.0,45.0,0.5555555820465088,0.7927321195602417,0.7404444217681885,0.978848397731781,114.91168975830078,833.0,8.0,8.0,4.0,0.7404444217681885,0.543339729309082,0.05084228515625,0.8378474712371826,0.722779393196106,1.9796833992004395,6.566792964935303,7.695196628570557,Ellipse
37.0,37.0,1.0,0.8973689675331116,0.7436084747314453,0.982151448726654,119.39696502685547,1018.0,8.0,8.0,6.0,0.7436084747314453,0.8757733106613159,0.0621337890625,0.4413883686065674,0.7955836057662964,3.5570321083068848,7.977746963500977,10.343528747558594,Ellipse
51.0,43.0,0.843137264251709,0.8742098808288574,0.7478340268135071,0.9817419648170471,153.5391082763672,1640.0,8.0,8.0,4.0,0.7478340268135071,0.7489588260650635,0.10009765625,0.6342946290969849,0.784307062625885,2.7829699516296387,7.711026191711426,9.689509391784668,Ellipse
33.0,55.0,0.6000000238418579,0.8078039884567261,0.7512396574020386,0.9812882542610168,145.6396026611328,1363.5,8.0,8.0,4.0,0.7512396574020386,0.5825669765472412,0.083221435546875,0.8054885864257812,0.7405127882957458,2.1144590377807617,6.987796306610107,8.242525100708008,Ellipse
45.0,37.0,0.8222222328186035,0.8607075810432434,0.741141140460968,0.9793650507926941,134.22540283203125,1234.0,8.0,8.0,6.0,0.741141140460968,0.7167720794677734,0.0753173828125,0.6790311336517334,0.7775381803512573,2.6017303466796875,6.722479343414307,8.253035545349121,Ellipse
31.0,31.0,1.0,0.7839898467063904,0.6201872825622559,0.9786535501480103,97.7401123046875,596.0,8.0,8.0,4.0,0.6201872825622559,0.5141211748123169,0.036376953125,0.8530144691467285,0.7129446864128113,1.9165289402008057,6.253114700317383,7.054992198944092,Ellipse
51.0,41.0,0.8039215803146362,0.8601574301719666,0.7551410794258118,0.9813548922538757,151.8822479248047,1579.0,8.0,7.0,5.0,0.7551410794258118,0.7732421159744263,0.09637451171875,0.6041481494903564,0.7867081165313721,2.867949962615967,6.900003910064697,8.931429862976074,Ellipse
27.0,49.0,0.5510203838348389,0.7398127913475037,0.7101284861564636,0.9796662926673889,126.32589721679688,939.5,8.0,8.0,4.0,0.7101284861564636,0.47847962379455566,0.057342529296875,0.8750277161598206,0.6909357309341431,1.7921688556671143,7.062129497528076,7.8166704177856445,Ellipse
41.0,35.0,0.8536585569381714,0.873970627784729,0.7379791140556335,0.9801018238067627,123.39696502685547,1059.0,8.0,8.0,6.0,0.7379791140556335,0.7507505416870117,0.06463623046875,0.6474673748016357,0.7827315330505371,2.7377045154571533,6.973790168762207,8.83646011352539,Ellipse
33.0,63.0,0.523809552192688,0.6308863759040833,0.5993266105651855,0.9764890074729919,157.5391082763672,1246.0,8.0,6.0,4.0,0.5993266105651855,0.3589246869087219,0.0760498046875,0.9320212006568909,0.6050485968589783,1.4402860403060913,6.780436038970947,7.194005489349365,Ellipse
29.0,47.0,0.6170212626457214,0.7518293261528015,0.6683785915374756,0.9764201641082764,123.39696502685547,911.0,8.0,8.0,4.0,0.6683785915374756,0.489001601934433,0.05560302734375,0.8671261668205261,0.6990581750869751,1.8350642919540405,6.772514820098877,7.60605525970459,Ellipse
37.0,41.0,0.9024389982223511,0.8818920254707336,0.750823974609375,0.9802065491676331,127.39696502685547,1139.0,8.0,8.0,4.0,0.750823974609375,0.8715178370475769,0.06951904296875,0.4377184808254242,0.7954989075660706,3.541902780532837,7.198802947998047,9.688580513000488,Ellipse
47.0,53.0,0.8867924809455872,0.8137631416320801,0.6824568510055542,0.9823750257492065,162.02438354492188,1700.0,8.0,8.0,4.0,0.6824568510055542,0.5824792981147766,0.103759765625,0.8009433746337891,0.7440381050109863,2.1454086303710938,8.629310607910156,9.707926750183105,Ellipse
41.0,27.0,0.6585366129875183,0.7241666316986084,0.6269196271896362,0.9754040837287903,109.7401123046875,694.0,8.0,6.0,4.0,0.6269196271896362,0.4418102204799652,0.0423583984375,0.8906925916671753,0.6750721335411072,1.7151726484298706,7.499952793121338,8.185582160949707,Ellipse
31.0,33.0,0.939393937587738,0.7988243699073792,0.6432062387466431,0.973372757434845,101.7401123046875,658.0,8.0,8.0,4.0,0.6432062387466431,0.5738239288330078,0.0401611328125,0.8084439039230347,0.7394179105758667,2.106821060180664,6.487743854522705,7.79123067855835,Ellipse
45.0,45.0,1.0,0.6273552179336548,0.4972839653491974,0.9673390984535217,142.02438354492188,1007.0,8.0,6.0,4.0,0.4972839653491974,0.36341941356658936,0.06146240234375,0.9272545576095581,0.6155441999435425,1.4769195318222046,6.749183177947998,7.883894443511963,Ellipse
41.0,37.0,0.9024389982223511,0.8148053884506226,0.6684245467185974,0.9768785834312439,125.05382537841797,1014.0,8.0,8.0,4.0,0.6684245467185974,0.5794677138328552,0.0618896484375,0.7937158942222595,0.7469767928123474,2.173964738845825,6.653509140014648,7.809467792510986,Ellipse
35.0,41.0,0.8536585569381714,0.8830487132072449,0.7456446290016174,0.9798534512519836,123.39696502685547,1070.0,8.0,8.0,6.0,0.7456446290016174,0.8307030200958252,0.0653076171875,0.5187607407569885,0.7918922901153564,3.153604030609131,7.295165061950684,9.35279369354248,Ellipse
55.0,27.0,0.4909090995788574,0.6548997163772583,0.6545454263687134,0.9744361042976379,136.56854248046875,972.0,8.0,6.0,4.0,0.6545454263687134,0.3819692134857178,0.059326171875,0.9190853238105774,0.6318666934967041,1.5359342098236084,6.118310451507568,7.244753837585449,Ellipse
41.0,67.0,0.611940324306488,0.80344557762146,0.7571896910667419,0.9811320900917053,180.36752319335938,2080.0,8.0,8.0,4.0,0.7571896910667419,0.5943272709846497,0.126953125,0.7920536398887634,0.7460871934890747,2.164351224899292,7.345796585083008,8.809037208557129,Ellipse
128.0,128.0,1.0,0.38356876373291016,0.84429931640625,0.857647716999054,673.1959838867188,13833.0,9.0,7.0,6.0,0.84429931640625,0.5459943413734436,0.84429931640625,0.6871312260627747,0.7125449180603027,3.1087894439697266,3.6843349933624268,3.9878668785095215,Ellipse
41.0,27.0,0.6585366129875183,0.8525131940841675,0.738030731678009,0.9861195087432861,109.7401123046875,817.0,8.0,8.0,4.0,0.738030731678009,0.6251361966133118,0.04986572265625,0.7642852663993835,0.7576592564582825,2.2871968746185303,7.200621604919434,8.609946250915527,Ellipse
39.0,63.0,0.6190476417541504,0.6519688367843628,0.5657305717468262,0.976123571395874,163.68124389648438,1390.0,9.0,6.0,4.0,0.5657305717468262,0.38240984082221985,0.0848388671875,0.9217788577079773,0.625615119934082,1.5127168893814087,6.6439056396484375,7.392831802368164,Ellipse
37.0,43.0,0.8604651093482971,0.7847195267677307,0.6656191349029541,0.9746893644332886,130.22540283203125,1059.0,8.0,8.0,4.0,0.6656191349029541,0.5655829310417175,0.06463623046875,0.8134629726409912,0.7369353771209717,2.085070848464966,7.734114170074463,9.058703422546387,Ellipse
61.0,23.0,0.37704917788505554,0.5714191794395447,0.6728439331054688,0.9549822807312012,144.08326721191406,944.0,8.0,6.0,4.0,0.6728439331054688,0.3248460292816162,0.0576171875,0.9425345063209534,0.5743656754493713,1.341166377067566,7.71474552154541,8.51223087310791,Ellipse
37.0,49.0,0.7551020383834839,0.8592919707298279,0.7380033135414124,0.9856353402137756,139.8822479248047,1338.0,8.0,8.0,5.0,0.7380033135414124,0.6628201007843018,0.0816650390625,0.7336700558662415,0.7658793926239014,2.3932554721832275,7.699475288391113,9.334237098693848,Ellipse
33.0,56.0,0.5892857313156128,0.7116941809654236,0.6417748928070068,0.9773382544517517,144.71067810058594,1186.0,8.0,7.0,4.0,0.6417748928070068,0.4408910572528839,0.0723876953125,0.8952562808990479,0.6708794236183167,1.695556640625,6.638670921325684,7.389132022857666,Ellipse
35.0,37.0,0.9459459185600281,0.7439228296279907,0.5903474688529968,0.9720279574394226,113.63961029052734,764.5,8.0,8.0,4.0,0.5903474688529968,0.5017437934875488,0.046661376953125,0.8630460500717163,0.7040558457374573,1.8633404970169067,6.972455978393555,7.867897033691406,Ellipse
55.0,45.0,0.8181818127632141,0.7092095613479614,0.572929322719574,0.9775939583778381,158.50967407226562,1418.0,8.0,8.0,4.0,0.572929322719574,0.4286425709724426,0.0865478515625,0.8995088338851929,0.6637405157089233,1.6640114784240723,7.282899856567383,7.947257995605469,Ellipse
49.0,29.0,0.5918367505073547,0.6388542056083679,0.564743161201477,0.975683867931366,125.63961029052734,802.5,8.0,6.0,4.0,0.564743161201477,0.3664874732494354,0.048980712890625,0.9264184236526489,0.6189650893211365,1.4890305995941162,7.520315170288086,7.965798377990723,Ellipse
63.0,37.0,0.5873016119003296,0.5697057247161865,0.5032175183296204,0.9686209559440613,160.85281372070312,1173.0,8.0,5.0,4.0,0.5032175183296204,0.31481900811195374,0.07159423828125,0.946010410785675,0.5643171072006226,1.3099066019058228,6.393009662628174,6.730050086975098,Ellipse
63.0,25.0,0.3968254029750824,0.6540401577949524,0.7409523725509644,0.9786163568496704,149.7401123046875,1167.0,8.0,8.0,4.0,0.7409523725509644,0.37673965096473694,0.07122802734375,0.9222584962844849,0.6202237606048584,1.4934543371200562,7.0039215087890625,7.841969013214111,Ellipse
39.0,49.0,0.795918345451355,0.7101424932479858,0.5973312258720398,0.974807858467102,142.12489318847656,1141.5,8.0,6.0,4.0,0.5973312258720398,0.45361822843551636,0.069671630859375,0.8878427743911743,0.6799538731575012,1.7378063201904297,6.497409820556641,7.355823993682861,Ellipse
25.0,39.0,0.6410256624221802,0.8340209722518921,0.7374358773231506,0.9822404384613037,104.08325958251953,719.0,8.0,8.0,4.0,0.7374358773231506,0.6070622205734253,0.04388427734375,0.7690281867980957,0.753356397151947,2.239382743835449,6.566440105438232,7.753116130828857,Ellipse
128.0,128.0,1.0,0.4618283212184906,0.9146728515625,0.9291338324546814,638.5685424804688,14986.0,8.0,7.0,6.0,0.9146728515625,0.5915036797523499,0.9146728515625,0.989911675453186,0.7435874938964844,3.8781120777130127,4.586928844451904,4.587488174438477,Ellipse
29.0,57.0,0.5087719559669495,0.7510724067687988,0.7434966564178467,0.980063796043396,143.39697265625,1229.0,8.0,8.0,4.0,0.7434966564178467,0.4864160418510437,0.07501220703125,0.8651560544967651,0.6980130672454834,1.8294998407363892,7.0293660163879395,7.915462493896484,Ellipse
27.0,39.0,0.692307710647583,0.8553406000137329,0.7388414144515991,0.9804663062095642,106.91168975830078,778.0,8.0,8.0,4.0,0.7388414144515991,0.6693041324615479,0.0474853515625,0.7226305603981018,0.7677674293518066,2.4243030548095703,7.0611252784729,8.424653053283691,Ellipse
128.0,128.0,1.0,0.47817298769950867,0.91619873046875,0.9306838512420654,628.083251953125,15011.0,7.0,7.0,7.0,0.91619873046875,0.5924904942512512,0.91619873046875,0.7782719731330872,0.7352730631828308,4.205663204193115,4.996812343597412,4.584805965423584,Ellipse
41.0,27.0,0.6585366129875183,0.8376625180244446,0.7407407164573669,0.9791044592857361,110.91168975830078,820.0,8.0,8.0,4.0,0.7407407164573669,0.6381700038909912,0.050048828125,0.761206865310669,0.7587149143218994,2.3000800609588623,6.707364082336426,7.9604010581970215,Ellipse
47.0,33.0,0.7021276354789734,0.8272777199745178,0.7263056039810181,0.9804177284240723,130.81118774414062,1126.5,8.0,8.0,4.0,0.7263056039810181,0.6126837730407715,0.068756103515625,0.7786504030227661,0.7535827159881592,2.24080753326416,8.026835441589355,9.126775741577148,Ellipse
51.0,35.0,0.686274528503418,0.8127328157424927,0.7268907427787781,0.9818388223648071,141.6396026611328,1297.5,8.0,8.0,4.0,0.7268907427787781,0.592332661151886,0.079193115234375,0.7870258092880249,0.7482866048812866,2.186201810836792,6.269130706787109,7.370431900024414,Ellipse
51.0,41.0,0.8039215803146362,0.8449044823646545,0.7417503595352173,0.9800947904586792,151.8822479248047,1551.0,8.0,8.0,4.0,0.7417503595352173,0.7072993516921997,0.09466552734375,0.6833963990211487,0.7770997285842896,2.5915839672088623,6.68521785736084,8.273700714111328,Ellipse
41.0,39.0,0.9512194991111755,0.8864127397537231,0.7414008975028992,0.9809681177139282,129.6396026611328,1185.5,9.0,7.0,5.0,0.7414008975028992,0.83162522315979,0.072357177734375,0.5089183449745178,0.7934935688972473,3.281780481338501,7.676727294921875,9.527986526489258,Ellipse
41.0,49.0,0.8367347121238708,0.8848403096199036,0.7483822703361511,0.9855784773826599,146.12489318847656,1503.5,8.0,8.0,5.0,0.7483822703361511,0.8070405125617981,0.091766357421875,0.5464204549789429,0.7904223203659058,3.0495760440826416,7.104255199432373,9.26460075378418,Ellipse
41.0,41.0,1.0,0.879539966583252,0.7501487135887146,0.9790372848510742,134.22540283203125,1261.0,8.0,8.0,4.0,0.7501487135887146,0.9444350600242615,0.07696533203125,0.054955415427684784,0.7979927062988281,7.205549716949463,6.971800804138184,10.959585189819336,Ellipse
43.0,59.0,0.7288135886192322,0.7579724192619324,0.6369727849960327,0.981475830078125,163.68124389648438,1616.0,8.0,8.0,4.0,0.6369727849960327,0.4946015477180481,0.0986328125,0.8658002018928528,0.7015078067779541,1.848171353340149,7.780826091766357,9.063282012939453,Ellipse
43.0,59.0,0.7288135886192322,0.6556931734085083,0.5431612133979797,0.9818311333656311,162.50967407226562,1378.0,8.0,7.0,4.0,0.5431612133979797,0.36491554975509644,0.0841064453125,0.9232810139656067,0.6238490343093872,1.5064103603363037,8.545507431030273,9.692924499511719,Ellipse
53.0,49.0,0.9245283007621765,0.8105859160423279,0.6750096082687378,0.9848314523696899,164.85281372070312,1753.0,9.0,8.0,4.0,0.6750096082687378,0.5768867135047913,0.10699462890625,0.8130905032157898,0.7393621802330017,2.104722499847412,6.71303129196167,7.6863226890563965,Ellipse
38.0,38.0,1.0,0.8835776448249817,0.7344182729721069,0.9828544855117798,122.8111801147461,1060.5,8.0,8.0,5.0,0.7344182729721069,0.8233276009559631,0.064727783203125,0.5489012002944946,0.7918053269386292,3.1451847553253174,6.250688076019287,8.439241409301758,Ellipse
43.0,65.0,0.6615384817123413,0.794716477394104,0.7076923251152039,0.9801784157752991,176.85281372070312,1978.0,8.0,8.0,4.0,0.7076923251152039,0.5697857141494751,0.1207275390625,0.8166623711585999,0.7349541783332825,2.0684120655059814,7.112103462219238,8.421255111694336,Ellipse
41.0,41.0,1.0,0.8915481567382812,0.7471743226051331,0.9827855825424194,133.05381774902344,1256.0,8.0,8.0,5.0,0.7471743226051331,0.8766968846321106,0.07666015625,0.4277245104312897,0.7957841753959656,3.5928866863250732,7.149334907531738,9.8253812789917,Ellipse
41.0,37.0,0.9024389982223511,0.8242000937461853,0.6888595819473267,0.9734513163566589,126.22539520263672,1045.0,8.0,8.0,5.0,0.6888595819473267,0.6672635078430176,0.06378173828125,0.7281307578086853,0.7666061520576477,2.4064767360687256,6.6420087814331055,8.237905502319336,Ellipse
27.0,43.0,0.6279069781303406,0.7414843440055847,0.6507321000099182,0.9679692387580872,113.15432739257812,755.5,9.0,6.0,4.0,0.6507321000099182,0.4907774329185486,0.046112060546875,0.8648347854614258,0.7016065120697021,1.8500770330429077,6.828286170959473,7.624433517456055,Ellipse
128.0,128.0,1.0,0.43645429611206055,0.8734130859375,0.8872217535972595,641.8822631835938,14310.0,9.0,7.0,6.0,0.8734130859375,0.564821720123291,0.8734130859375,0.6997195482254028,0.7189747095108032,3.449793577194214,4.08243465423584,4.14583158493042,Ellipse
47.0,39.0,0.8297872543334961,0.7373179197311401,0.6003819108009338,0.9821508526802063,136.9533233642578,1100.5,8.0,6.0,4.0,0.6003819108009338,0.4733749330043793,0.067169189453125,0.8770740032196045,0.6921180486679077,1.7981051206588745,7.187057971954346,8.4403076171875,Ellipse
128.0,128.0,1.0,0.4609433114528656,0.915985107421875,0.930466890335083,639.6395874023438,15007.5,7.0,7.0,6.0,0.915985107421875,0.5923523306846619,0.915985107421875,0.897364616394043,0.7360950112342834,4.137584209442139,4.884739875793457,4.600589275360107,Ellipse
37.0,29.0,0.7837837934494019,0.7472248673439026,0.6127679347991943,0.9769688248634338,105.15432739257812,657.5,8.0,6.0,4.0,0.6127679347991943,0.4703074097633362,0.040130615234375,0.8764583468437195,0.6926208138465881,1.801190972328186,6.481250286102295,7.396971225738525,Ellipse
45.0,47.0,0.957446813583374,0.8566529154777527,0.7151300311088562,0.9751772880554199,148.9533233642578,1512.5,8.0,8.0,4.0,0.7151300311088562,0.8242645859718323,0.092315673828125,0.5417703986167908,0.7912590503692627,3.101696252822876,6.9403300285339355,9.190973281860352,Ellipse
39.0,33.0,0.8461538553237915,0.7776913642883301,0.6468531489372253,0.9742539525032043,115.98275756835938,832.5,8.0,8.0,4.0,0.6468531489372253,0.5375062823295593,0.050811767578125,0.8365066647529602,0.723412275314331,1.9839730262756348,7.756570339202881,8.754138946533203,Ellipse
41.0,23.0,0.5609756112098694,0.7497685551643372,0.7009543776512146,0.9720588326454163,105.25482940673828,661.0,8.0,7.0,4.0,0.7009543776512146,0.48257070779800415,0.04034423828125,0.8755298852920532,0.6940919756889343,1.8094310760498047,6.669229030609131,7.39169454574585,Ellipse
33.0,41.0,0.8048780560493469,0.8618605732917786,0.7368810176849365,0.9822660088539124,120.56854248046875,997.0,8.0,8.0,4.0,0.7368810176849365,0.6877275705337524,0.06085205078125,0.7062163949012756,0.7728586196899414,2.5079379081726074,6.321895599365234,7.767400741577148,Ellipse
27.0,67.0,0.4029850661754608,0.6292383670806885,0.7136539816856384,0.9739720821380615,160.56854248046875,1291.0,8.0,6.0,4.0,0.7136539816856384,0.361103355884552,0.07879638671875,0.9364010691642761,0.5987181067466736,1.4191961288452148,7.430185794830322,8.325520515441895,Ellipse
65.0,37.0,0.5692307949066162,0.7834856510162354,0.7503118515014648,0.9815066456794739,170.12489318847656,1804.5,8.0,7.0,5.0,0.7503118515014648,0.5500470995903015,0.110137939453125,0.8267400860786438,0.7287274599075317,2.0210318565368652,6.836461544036865,7.7985615730285645,Ellipse
33.0,37.0,0.8918918967247009,0.7883932590484619,0.6511056423187256,0.9784615635871887,112.56854248046875,795.0,8.0,6.0,4.0,0.6511056423187256,0.552519679069519,0.04852294921875,0.8194704055786133,0.7333766222000122,2.05704665184021,6.277691841125488,7.496833324432373,Ellipse
51.0,37.0,0.7254902124404907,0.8155401349067688,0.7178060412406921,0.983660101890564,144.46803283691406,1354.5,8.0,8.0,4.0,0.7178060412406921,0.5786827802658081,0.082672119140625,0.8041720986366272,0.7417494654655457,2.125866174697876,6.843398571014404,8.140654563903809,Ellipse
128.0,128.0,1.0,0.46045467257499695,0.900848388671875,0.9150908589363098,634.6690673828125,14759.5,7.0,7.0,6.0,0.900848388671875,0.5825636386871338,0.900848388671875,0.9973006844520569,0.7383600473403931,3.6960575580596924,4.39570951461792,4.443141460418701,Ellipse
55.0,25.0,0.4545454680919647,0.6231751441955566,0.6450909376144409,0.9709907174110413,133.7401123046875,887.0,8.0,6.0,4.0,0.6450909376144409,0.3560389578342438,0.05413818359375,0.9342577457427979,0.5995212197303772,1.4219245910644531,6.521950721740723,7.131717681884766,Ellipse
29.0,63.0,0.460317462682724,0.7175464630126953,0.7490421533584595,0.9799498915672302,154.81118774414062,1368.5,8.0,7.0,4.0,0.7490421533584595,0.44757699966430664,0.083526611328125,0.8930684328079224,0.6719603538513184,1.7003192901611328,7.067024230957031,7.88662576675415,Ellipse
53.0,33.0,0.6226415038108826,0.6038392782211304,0.5197255611419678,0.9716728925704956,137.5391082763672,909.0,8.0,6.0,4.0,0.5197255611419678,0.3318139314651489,0.05548095703125,0.9391836524009705,0.586310088634491,1.378637671470642,6.896385669708252,7.264613628387451,Ellipse
57.0,31.0,0.5438596606254578,0.772224485874176,0.7495755553245544,0.9796597361564636,146.81118774414062,1324.5,8.0,7.0,5.0,0.7495755553245544,0.5269981026649475,0.080841064453125,0.8449462056159973,0.7175101637840271,1.9442169666290283,6.766014575958252,7.902464866638184,Ellipse
31.0,37.0,0.837837815284729,0.8821998238563538,0.7449869513511658,0.981056272983551,110.32589721679688,854.5,8.0,8.0,4.0,0.7449869513511658,0.808900773525238,0.052154541015625,0.5536110997200012,0.7906319499015808,3.059941530227661,6.261353969573975,8.268647193908691,Ellipse
33.0,37.0,0.8918918967247009,0.7465656399726868,0.5974611043930054,0.970079779624939,110.8111801147461,729.5,8.0,8.0,4.0,0.5974611043930054,0.513727605342865,0.044525146484375,0.8518819808959961,0.7123556137084961,1.9129194021224976,6.1309590339660645,6.974863052368164,Ellipse
59.0,29.0,0.49152541160583496,0.7442389726638794,0.7460549473762512,0.9781609177589417,146.81118774414062,1276.5,8.0,8.0,4.0,0.7460549473762512,0.4780232608318329,0.077911376953125,0.8761842250823975,0.6924605369567871,1.7998600006103516,6.955069541931152,8.135683059692383,Ellipse
31.0,37.0,0.837837815284729,0.8764810562133789,0.7480383515357971,0.9750000238418579,110.91168975830078,858.0,8.0,8.0,4.0,0.7480383515357971,0.8201408982276917,0.0523681640625,0.5458537340164185,0.7905453443527222,3.0670814514160156,12.0,12.0,Ellipse
59.0,41.0,0.694915235042572,0.6872408986091614,0.5849524736404419,0.9738472104072571,160.85281372070312,1415.0,8.0,8.0,4.0,0.5849524736404419,0.4330824315547943,0.08636474609375,0.8983750343322754,0.6646553874015808,1.667891502380371,7.379055500030518,8.4393892288208,Ellipse
33.0,46.0,0.717391312122345,0.8284972310066223,0.7140974998474121,0.9748201370239258,128.22540283203125,1084.0,8.0,8.0,4.0,0.7140974998474121,0.6431406140327454,0.066162109375,0.7565879821777344,0.7601815462112427,2.318539619445801,6.62066650390625,8.197933197021484,Ellipse
37.0,35.0,0.9459459185600281,0.9049814343452454,0.7405405640602112,0.983085572719574,115.39696502685547,959.0,8.0,8.0,4.0,0.7405405640602112,0.905669093132019,0.05853271484375,0.34447020292282104,0.7970883846282959,4.042412281036377,7.255223751068115,10.185647964477539,Ellipse
37.0,37.0,1.0,0.8894354104995728,0.7370343208312988,0.9839102625846863,119.39696502685547,1009.0,8.0,8.0,4.0,0.7370343208312988,0.7870780229568481,0.06158447265625,0.6095153093338013,0.7871745228767395,2.891974449157715,6.408373832702637,8.390046119689941,Ellipse
27.0,35.0,0.7714285850524902,0.8568556904792786,0.7227513194084167,0.9799138903617859,100.08325958251953,683.0,8.0,8.0,4.0,0.7227513194084167,0.6432049870491028,0.04168701171875,0.7576723694801331,0.7640724182128906,2.371504306793213,7.0754289627075195,8.559407234191895,Ellipse
57.0,55.0,0.9649122953414917,0.8067879676818848,0.6647527813911438,0.9781741499900818,180.16651916503906,2084.0,8.0,8.0,4.0,0.6647527813911438,0.5962731242179871,0.127197265625,0.7943294048309326,0.7460730671882629,2.164734363555908,7.428508281707764,8.487615585327148,Ellipse
39.0,37.0,0.9487179517745972,0.8805728554725647,0.7394317388534546,0.9780018329620361,123.39696502685547,1067.0,9.0,8.0,5.0,0.7394317388534546,0.828373908996582,0.06512451171875,0.5255640745162964,0.7925811409950256,3.206786632537842,6.558736324310303,8.81092357635498,Ellipse
47.0,41.0,0.8723404407501221,0.8795566558837891,0.7519460320472717,0.9807106852531433,143.8822479248047,1449.0,9.0,8.0,6.0,0.7519460320472717,0.8462882041931152,0.08843994140625,0.48990076780319214,0.7934670448303223,3.2762205600738525,7.261940002441406,9.720500946044922,Ellipse
39.0,65.0,0.6000000238418579,0.8095448017120361,0.755029559135437,0.9830508232116699,172.36753845214844,1914.0,8.0,8.0,4.0,0.755029559135437,0.580782949924469,0.1168212890625,0.8047487139701843,0.7403889894485474,2.1131174564361572,7.458329200744629,8.863187789916992,Ellipse
39.0,31.0,0.7948718070983887,0.8205860257148743,0.7059553265571594,0.9776632189750671,114.32589721679688,853.5,8.0,8.0,5.0,0.7059553265571594,0.6105055212974548,0.052093505859375,0.786742091178894,0.7498259544372559,2.202622413635254,6.38193941116333,7.762620449066162,Ellipse
39.0,47.0,0.8297872543334961,0.6796992421150208,0.5534642934799194,0.9698852896690369,136.9533233642578,1014.5,8.0,6.0,4.0,0.5534642934799194,0.4363824427127838,0.061920166015625,0.8966274857521057,0.6671236157417297,1.6790432929992676,6.404037952423096,7.413159370422363,Ellipse
41.0,47.0,0.8723404407501221,0.8564473390579224,0.7441619038581848,0.9798428416252136,145.05381774902344,1434.0,8.0,8.0,5.0,0.7441619038581848,0.7658601999282837,0.0875244140625,0.607142448425293,0.786089301109314,2.84645414352417,7.570250034332275,9.444147109985352,Ellipse
39.0,51.0,0.7647058963775635,0.8525705933570862,0.7518853545188904,0.9800131320953369,148.46803283691406,1495.5,8.0,8.0,4.0,0.7518853545188904,0.7426344752311707,0.091278076171875,0.6531100273132324,0.7816540002822876,2.702031373977661,7.268667697906494,8.963111877441406,Ellipse
53.0,37.0,0.698113203048706,0.8098099827766418,0.6960734128952026,0.9806034564971924,145.5391082763672,1365.0,8.0,8.0,4.0,0.6960734128952026,0.579107403755188,0.08331298828125,0.8057075142860413,0.7411185503005981,2.1200103759765625,6.640852451324463,7.955564975738525,Ellipse
37.0,31.0,0.837837815284729,0.8646487593650818,0.7301656603813171,0.9801053404808044,110.32589721679688,837.5,8.0,7.0,5.0,0.7301656603813171,0.7146965265274048,0.051116943359375,0.6753628849983215,0.778539776802063,2.6284732818603516,6.732723236083984,8.318366050720215,Ellipse
51.0,41.0,0.8039215803146362,0.845325231552124,0.7137733101844788,0.9764475226402283,148.9533233642578,1492.5,8.0,8.0,4.0,0.7137733101844788,0.7411447167396545,0.091094970703125,0.6463434100151062,0.781940221786499,2.712716579437256,7.872226238250732,9.483113288879395,Ellipse
33.0,31.0,0.939393937587738,0.7624038457870483,0.6138807535171509,0.97364342212677,101.7401123046875,628.0,8.0,6.0,6.0,0.6138807535171509,0.4997415542602539,0.038330078125,0.8638903498649597,0.704406201839447,1.865473985671997,6.544260025024414,7.809239387512207,Ellipse
51.0,49.0,0.9607843160629272,0.8251747488975525,0.6798719763755798,0.9840718507766724,160.85281372070312,1699.0,9.0,8.0,4.0,0.6798719763755798,0.6008943319320679,0.10369873046875,0.7977164387702942,0.7456374764442444,2.160276174545288,6.948725700378418,8.221624374389648,Ellipse
51.0,31.0,0.6078431606292725,0.7325866222381592,0.6701454520225525,0.9742528796195984,134.81118774414062,1059.5,8.0,7.0,4.0,0.6701454520225525,0.48947280645370483,0.064666748046875,0.8642660975456238,0.7022882699966431,1.8531389236450195,6.892010688781738,7.784513473510742,Ellipse
45.0,31.0,0.6888889074325562,0.761264443397522,0.6487455368041992,0.9799675345420837,122.22539520263672,905.0,8.0,6.0,4.0,0.6487455368041992,0.4924240708351135,0.05523681640625,0.866096019744873,0.7004375457763672,1.842949628829956,7.260296821594238,8.239177703857422,Ellipse
37.0,31.0,0.837837815284729,0.904060959815979,0.7393199801445007,0.9866201281547546,108.56854248046875,848.0,8.0,8.0,4.0,0.7393199801445007,0.810582160949707,0.0517578125,0.5614647269248962,0.7907596230506897,3.072208881378174,6.763561725616455,8.82075309753418,Ellipse
59.0,21.0,0.35593220591545105,0.606343150138855,0.7336561679840088,0.9727126955986023,137.2548370361328,909.0,8.0,6.0,4.0,0.7336561679840088,0.3404020071029663,0.05548095703125,0.9381885528564453,0.5840269327163696,1.3713164329528809,7.103908061981201,7.866763114929199,Ellipse
37.0,43.0,0.8604651093482971,0.89015132188797,0.7482715249061584,0.9818556904792786,129.6396026611328,1190.5,8.0,8.0,4.0,0.7482715249061584,0.829200029373169,0.072662353515625,0.5176858305931091,0.7927466034889221,3.2078068256378174,6.688129425048828,8.875718116760254,Ellipse
37.0,33.0,0.8918918967247009,0.7787793874740601,0.64987713098526,0.9700489044189453,113.15432739257812,793.5,8.0,8.0,4.0,0.64987713098526,0.5587976574897766,0.048431396484375,0.8163834810256958,0.7349472641944885,2.07030987739563,7.454957008361816,8.811690330505371,Ellipse
45.0,47.0,0.957446813583374,0.7912304401397705,0.66572105884552,0.9798190593719482,149.5391082763672,1408.0,8.0,8.0,4.0,0.66572105884552,0.5546747446060181,0.0859375,0.8214414119720459,0.7330662608146667,2.054314613342285,7.154885292053223,8.397391319274902,Ellipse
47.0,47.0,1.0,0.7931391000747681,0.6380715370178223,0.9774618744850159,149.4385986328125,1409.5,8.0,8.0,4.0,0.6380715370178223,0.5698041915893555,0.086029052734375,0.8192084431648254,0.7342361211776733,2.063239812850952,7.723176002502441,9.10012149810791,Ellipse
51.0,51.0,1.0,0.7884496450424194,0.637062668800354,0.981925904750824,162.50965881347656,1657.0,8.0,8.0,4.0,0.637062668800354,0.5437485575675964,0.10113525390625,0.8355966806411743,0.7242907881736755,1.98946213722229,7.683910369873047,8.6375732421875,Ellipse
37.0,21.0,0.5675675868988037,0.7976996302604675,0.7284427285194397,0.9767040610313416,94.42640686035156,566.0,8.0,7.0,4.0,0.7284427285194397,0.5410253405570984,0.0345458984375,0.8283287882804871,0.7273470759391785,2.012652635574341,6.866592884063721,7.793533802032471,Ellipse
47.0,37.0,0.7872340679168701,0.8697028756141663,0.7475560903549194,0.9778112173080444,137.05381774902344,1300.0,8.0,8.0,4.0,0.7475560903549194,0.7524001002311707,0.079345703125,0.6302820444107056,0.7836936712265015,2.765350818634033,6.710277080535889,8.658053398132324,Ellipse
49.0,39.0,0.795918345451355,0.8661162853240967,0.7527472376823425,0.9802384972572327,144.46803283691406,1438.5,8.0,8.0,4.0,0.7527472376823425,0.7618720531463623,0.087799072265625,0.6118674874305725,0.7854172587394714,2.8225655555725098,7.794708251953125,9.715608596801758,Ellipse
63.0,23.0,0.3650793731212616,0.6288121342658997,0.7453415989875793,0.9756097793579102,146.91168212890625,1080.0,8.0,7.0,4.0,0.7453415989875793,0.3562408983707428,0.06591796875,0.9341501593589783,0.5980749726295471,1.416979193687439,6.151573181152344,6.6496148109436035,Ellipse
49.0,47.0,0.9591836929321289,0.8495980501174927,0.7231871485710144,0.9855029582977295,156.9533233642578,1665.5,8.0,8.0,4.0,0.7231871485710144,0.6610241532325745,0.101654052734375,0.7355332970619202,0.766949474811554,2.4097042083740234,7.667237281799316,9.19072151184082,Ellipse
43.0,37.0,0.8604651093482971,0.854373574256897,0.724701464176178,0.9842082858085632,130.22540283203125,1153.0,8.0,8.0,4.0,0.724701464176178,0.668198823928833,0.07037353515625,0.7281840443611145,0.7685151696205139,2.4337997436523438,6.292242527008057,7.650717258453369,Ellipse
63.0,41.0,0.6507936716079712,0.8239254355430603,0.7541618347167969,0.9830936193466187,172.36752319335938,1948.0,8.0,8.0,4.0,0.7541618347167969,0.6288679242134094,0.118896484375,0.765285849571228,0.7563335299491882,2.270371198654175,7.221625804901123,8.737811088562012,Ellipse
29.0,59.0,0.49152541160583496,0.6652895212173462,0.6616014242172241,0.9741824269294739,146.22540283203125,1132.0,8.0,8.0,4.0,0.6616014242172241,0.3981485366821289,0.069091796875,0.9163389801979065,0.6362096667289734,1.552272915840149,7.072112560272217,7.984287261962891,Ellipse
29.0,41.0,0.707317054271698,0.7913683652877808,0.6711522340774536,0.970802903175354,112.56854248046875,798.0,8.0,8.0,4.0,0.6711522340774536,0.565721333026886,0.0487060546875,0.8226366639137268,0.732852578163147,2.053685188293457,8.372779846191406,9.764277458190918,Ellipse
69.0,31.0,0.4492753744125366,0.7030858397483826,0.747545599937439,0.9797794222831726,169.05381774902344,1599.0,8.0,7.0,4.0,0.747545599937439,0.4327095150947571,0.09759521484375,0.8981638550758362,0.6640103459358215,1.6649290323257446,6.968693256378174,8.132411003112793,Ellipse
45.0,39.0,0.8666666746139526,0.6242162585258484,0.4871794879436493,0.9666478037834167,131.19595336914062,855.0,8.0,6.0,4.0,0.4871794879436493,0.3728122413158417,0.05218505859375,0.926801860332489,0.614578127861023,1.473535180091858,6.609755039215088,7.355076789855957,Ellipse
128.0,128.0,1.0,0.4247952103614807,0.88702392578125,0.9010478258132935,655.6812133789062,14533.0,9.0,7.0,6.0,0.88702392578125,0.5736235976219177,0.88702392578125,0.8882628083229065,0.7161251902580261,3.9123175144195557,4.714685916900635,4.214940547943115,Ellipse
41.0,35.0,0.8536585569381714,0.8285803198814392,0.6996515393257141,0.9799902439117432,123.39696502685547,1004.0,8.0,8.0,4.0,0.6996515393257141,0.5956763625144958,0.061279296875,0.7910802960395813,0.7486728429794312,2.190920352935791,6.571235179901123,7.625490188598633,Ellipse
31.0,53.0,0.5849056839942932,0.797278106212616,0.7440657615661621,0.9807460904121399,138.81118774414062,1222.5,8.0,8.0,4.0,0.7440657615661621,0.5623278617858887,0.074615478515625,0.8134475350379944,0.7349013090133667,2.068668842315674,6.976781368255615,7.982898712158203,Ellipse
31.0,53.0,0.5849056839942932,0.778728187084198,0.7206329703330994,0.9833887219429016,138.22540283203125,1184.0,8.0,8.0,4.0,0.7206329703330994,0.5092920660972595,0.072265625,0.85514235496521,0.7120222449302673,1.9100254774093628,7.419729709625244,8.19180965423584,Ellipse
45.0,23.0,0.5111111402511597,0.7455573081970215,0.7352656722068787,0.9719029664993286,113.25482940673828,761.0,8.0,8.0,4.0,0.7352656722068787,0.49134209752082825,0.04644775390625,0.8647587895393372,0.7003636956214905,1.8425606489181519,6.874373435974121,8.066469192504883,Ellipse
43.0,55.0,0.7818182110786438,0.8369359374046326,0.7084566354751587,0.9815465807914734,158.61016845703125,1675.5,8.0,8.0,4.0,0.7084566354751587,0.6691649556159973,0.102264404296875,0.7380226850509644,0.7656206488609314,2.3896350860595703,7.549347400665283,8.79482364654541,Ellipse
39.0,39.0,1.0,0.8888741731643677,0.740959882736206,0.9847095012664795,126.22539520263672,1127.0,8.0,8.0,4.0,0.740959882736206,0.7832574844360352,0.06878662109375,0.5941105484962463,0.7879335284233093,2.9204609394073486,6.870294094085693,8.859686851501465,Ellipse
35.0,39.0,0.8974359035491943,0.7425058484077454,0.5871794819831848,0.9774390459060669,116.46803283691406,801.5,8.0,7.0,4.0,0.5871794819831848,0.48136448860168457,0.048919677734375,0.8790478110313416,0.6914617419242859,1.7950468063354492,6.899384498596191,7.627717018127441,Ellipse
39.0,59.0,0.6610169410705566,0.7627459168434143,0.6784006953239441,0.9789902567863464,160.36752319335938,1561.0,8.0,7.0,4.0,0.6784006953239441,0.5063730478286743,0.09527587890625,0.8553589582443237,0.709739625453949,1.8959083557128906,7.18869686126709,8.428964614868164,Ellipse
27.0,33.0,0.8181818127632141,0.811916172504425,0.6941638588905334,0.9770932197570801,97.84062194824219,618.5,8.0,7.0,5.0,0.6941638588905334,0.5689957737922668,0.037750244140625,0.791656494140625,0.7478483319282532,2.1838231086730957,6.959614276885986,8.084617614746094,Ellipse
43.0,49.0,0.8775510191917419,0.8243856430053711,0.6962506175041199,0.976047933101654,149.5391082763672,1467.0,8.0,8.0,5.0,0.6962506175041199,0.6781741380691528,0.08953857421875,0.7179436683654785,0.7695106267929077,2.4498519897460938,7.067098617553711,8.409379005432129,Ellipse
39.0,59.0,0.6610169410705566,0.6348869204521179,0.5401999354362488,0.9733750820159912,156.85281372070312,1243.0,8.0,6.0,4.0,0.5401999354362488,0.36067166924476624,0.07586669921875,0.9309071898460388,0.6078127026557922,1.4498412609100342,9.114447593688965,10.151166915893555,Ellipse
35.0,37.0,0.9459459185600281,0.894280195236206,0.746718168258667,0.9782498478889465,116.56854248046875,967.0,8.0,8.0,4.0,0.746718168258667,0.905301034450531,0.05902099609375,0.3210577368736267,0.7971928119659424,4.135433673858643,6.167515754699707,8.854289054870605,Ellipse
27.0,41.0,0.6585366129875183,0.83868408203125,0.7416440844535828,0.9791293740272522,110.91168975830078,821.0,9.0,7.0,4.0,0.7416440844535828,0.6389482617378235,0.05010986328125,0.7578198313713074,0.7593463659286499,2.3074023723602295,6.6250901222229,8.125595092773438,Ellipse
43.0,53.0,0.8113207817077637,0.8400705456733704,0.7334356904029846,0.9812151193618774,158.12489318847656,1671.5,8.0,8.0,4.0,0.7334356904029846,0.6673992276191711,0.102020263671875,0.7322072982788086,0.7675198316574097,2.4178996086120605,7.417173385620117,8.978723526000977,Ellipse
41.0,35.0,0.8536585569381714,0.8653228282928467,0.7376306653022766,0.979185938835144,123.98275756835938,1058.5,10.0,8.0,4.0,0.7376306653022766,0.7261377573013306,0.064605712890625,0.6469053030014038,0.782273530960083,2.7228190898895264,7.680294036865234,9.421340942382812,Ellipse
69.0,29.0,0.4202898442745209,0.6489667892456055,0.693153440952301,0.9695910811424255,163.8822479248047,1387.0,8.0,7.0,4.0,0.693153440952301,0.37533965706825256,0.08465576171875,0.9236519932746887,0.6218999028205872,1.4994282722473145,7.004478931427002,7.500208854675293,Ellipse
45.0,31.0,0.6888889074325562,0.8514253497123718,0.7465949654579163,0.9806967973709106,123.98275756835938,1041.5,8.0,8.0,4.0,0.7465949654579163,0.6724478006362915,0.063568115234375,0.7332541346549988,0.7667756080627441,2.407332181930542,6.886554718017578,8.303936004638672,Ellipse
37.0,43.0,0.8604651093482971,0.8565965890884399,0.7265870571136475,0.9813242554664612,130.22540283203125,1156.0,8.0,8.0,4.0,0.7265870571136475,0.6764028072357178,0.070556640625,0.720537006855011,0.7699205875396729,2.456965923309326,8.075077056884766,9.583293914794922,Ellipse
29.0,37.0,0.7837837934494019,0.8553406000137329,0.7250698804855347,0.9792321920394897,106.91168975830078,778.0,8.0,8.0,4.0,0.7250698804855347,0.6761570572853088,0.0474853515625,0.7210294008255005,0.7690784335136414,2.4443745613098145,7.156289577484131,8.654827117919922,Ellipse
35.0,39.0,0.8974359035491943,0.8991319537162781,0.7472527623176575,0.9836065769195557,119.39697265625,1020.0,8.0,8.0,4.0,0.7472527623176575,0.8693189024925232,0.062255859375,0.44823816418647766,0.7951682806015015,3.4852185249328613,7.148535251617432,9.63979434967041,Ellipse
43.0,61.0,0.7049180269241333,0.6794110536575317,0.5714830160140991,0.9771838188171387,166.50965881347656,1499.0,8.0,6.0,4.0,0.5714830160140991,0.4055621027946472,0.09149169921875,0.9102551341056824,0.6484547257423401,1.6000415086746216,6.547003269195557,7.45556640625,Ellipse
41.0,53.0,0.7735849022865295,0.7320966720581055,0.6081454157829285,0.9803412556648254,150.61016845703125,1321.5,8.0,7.0,4.0,0.6081454157829285,0.45598241686820984,0.080657958984375,0.8842511177062988,0.6832698583602905,1.7535275220870972,7.701237678527832,8.55891227722168,Ellipse
43.0,45.0,0.9555555582046509,0.8607532382011414,0.7268733978271484,0.984599232673645,143.2964630126953,1406.5,8.0,8.0,4.0,0.7268733978271484,0.7100703120231628,0.085845947265625,0.6940686106681824,0.7756447196006775,2.5618886947631836,6.790650367736816,8.303996086120605,Ellipse
47.0,41.0,0.8723404407501221,0.8795566558837891,0.7519460320472717,0.9807106852531433,143.8822479248047,1449.0,8.0,8.0,5.0,0.7519460320472717,0.8462882041931152,0.08843994140625,0.49059396982192993,0.7934740781784058,3.276376724243164,7.182333469390869,9.432756423950195,Ellipse
29.0,69.0,0.4202898442745209,0.6499025821685791,0.6941529512405396,0.9706498980522156,163.8822479248047,1389.0,8.0,7.0,4.0,0.6941529512405396,0.3758808672428131,0.08477783203125,0.9237157106399536,0.6221569776535034,1.50033700466156,8.033031463623047,8.882721900939941,Ellipse
39.0,53.0,0.7358490824699402,0.8437070250511169,0.737784206867218,0.9832366108894348,150.71067810058594,1525.0,8.0,8.0,4.0,0.737784206867218,0.6559716463088989,0.09307861328125,0.7503723502159119,0.7634713649749756,2.360029935836792,7.206801414489746,8.666657447814941,Ellipse
53.0,29.0,0.5471698045730591,0.7855550050735474,0.7456083297729492,0.9815846085548401,135.39697265625,1146.0,8.0,8.0,4.0,0.7456083297729492,0.5300114154815674,0.0699462890625,0.8427848219871521,0.7194136381149292,1.9567890167236328,6.988409519195557,7.815918922424316,Ellipse
55.0,35.0,0.6363636255264282,0.8173187971115112,0.7506493330001831,0.9780033826828003,149.05381774902344,1445.0,8.0,8.0,4.0,0.7506493330001831,0.6232445240020752,0.08819580078125,0.7776433825492859,0.7532749176025391,2.236868381500244,7.651867866516113,9.010470390319824,Ellipse
47.0,51.0,0.9215686321258545,0.8389818072319031,0.7110971808433533,0.9784730076789856,159.78173828125,1704.5,8.0,8.0,4.0,0.7110971808433533,0.7282621264457703,0.104034423828125,0.6659919023513794,0.7793793082237244,2.6450440883636475,8.416242599487305,10.246159553527832,Ellipse
37.0,63.0,0.5873016119003296,0.7297709584236145,0.6924067139625549,0.9749320149421692,166.71067810058594,1614.0,8.0,8.0,4.0,0.6924067139625549,0.4930412471294403,0.0985107421875,0.8650552034378052,0.7019832134246826,1.8510481119155884,7.490841388702393,8.539621353149414,Ellipse
45.0,41.0,0.9111111164093018,0.8836653828620911,0.7520325183868408,0.9816059470176697,140.46803283691406,1387.5,8.0,8.0,6.0,0.7520325183868408,0.8833020925521851,0.084686279296875,0.41977909207344055,0.795936644077301,3.6124532222747803,7.306950569152832,9.965106964111328,Ellipse
51.0,35.0,0.686274528503418,0.7588376998901367,0.667506992816925,0.9790468215942383,140.46803283691406,1191.5,8.0,8.0,4.0,0.667506992816925,0.5083960890769958,0.072723388671875,0.856297492980957,0.7086523771286011,1.88959538936615,7.040223121643066,7.8305511474609375,Ellipse
35.0,47.0,0.7446808218955994,0.8759318590164185,0.7501519918441772,0.9852295517921448,133.05381774902344,1234.0,8.0,8.0,4.0,0.7501519918441772,0.7257109880447388,0.0753173828125,0.6671688556671143,0.7792437672615051,2.6402361392974854,6.509564399719238,8.284790992736816,Ellipse
35.0,45.0,0.7777777910232544,0.6848900318145752,0.5711110830307007,0.9771863222122192,128.46803283691406,899.5,8.0,6.0,4.0,0.5711110830307007,0.4038330018520355,0.054901123046875,0.906060516834259,0.656880259513855,1.6348514556884766,6.764326095581055,7.301917552947998,Ellipse
35.0,53.0,0.6603773832321167,0.6397016644477844,0.5407007932662964,0.9686142206192017,140.36753845214844,1003.0,8.0,7.0,4.0,0.5407007932662964,0.3756030797958374,0.06121826171875,0.9249200820922852,0.6201097965240479,1.4930620193481445,6.6096038818359375,7.317718029022217,Ellipse
39.0,47.0,0.8297872543334961,0.8665512800216675,0.7484997510910034,0.978951096534729,141.05381774902344,1372.0,8.0,8.0,4.0,0.7484997510910034,0.7969297170639038,0.083740234375,0.5690165162086487,0.7894003391265869,2.9913806915283203,8.205016136169434,10.346854209899902,Ellipse
43.0,41.0,0.9534883499145508,0.6720266938209534,0.5314804315567017,0.971487820148468,132.36752319335938,937.0,8.0,7.0,4.0,0.5314804315567017,0.4085673391819,0.05718994140625,0.9137635231018066,0.643494725227356,1.580687165260315,6.122040271759033,6.803830146789551,Ellipse
51.0,47.0,0.9215686321258545,0.8019699454307556,0.669795572757721,0.9801587462425232,158.61016845703125,1605.5,9.0,7.0,5.0,0.669795572757721,0.5583873391151428,0.097991943359375,0.8242707848548889,0.7331705093383789,2.0548741817474365,6.949174404144287,7.906559467315674,Ellipse
41.0,39.0,0.9512194991111755,0.8832725882530212,0.7454659342765808,0.9814738631248474,130.22540283203125,1192.0,8.0,7.0,5.0,0.7454659342765808,0.8316094875335693,0.07275390625,0.5149684548377991,0.79331374168396,3.2677361965179443,7.217811584472656,9.18537712097168,Ellipse
65.0,33.0,0.5076923370361328,0.5702071189880371,0.5480186343193054,0.9698845148086548,160.9533233642578,1175.5,8.0,5.0,4.0,0.5480186343193054,0.3203519880771637,0.071746826171875,0.9460065364837646,0.5653039813041687,1.3128334283828735,6.8157057762146,7.388367652893066,Ellipse
41.0,35.0,0.8536585569381714,0.6576487421989441,0.5292682647705078,0.9656707048416138,120.46803283691406,759.5,8.0,6.0,4.0,0.5292682647705078,0.4125501215457916,0.046356201171875,0.9101114869117737,0.6475570797920227,1.5971286296844482,5.94310188293457,6.478796005249023,Ellipse
43.0,35.0,0.8139534592628479,0.866224467754364,0.7365448474884033,0.9818423390388489,126.8111801147461,1108.5,8.0,8.0,5.0,0.7365448474884033,0.6986998319625854,0.067657470703125,0.6888253092765808,0.7762442827224731,2.5744271278381348,7.2728447914123535,8.609424591064453,Ellipse
51.0,45.0,0.8823529481887817,0.838516891002655,0.6897603273391724,0.9838408827781677,154.02438354492188,1583.0,8.0,8.0,4.0,0.6897603273391724,0.6290649771690369,0.09661865234375,0.7672248482704163,0.7572699785232544,2.281485080718994,7.831271648406982,9.293926239013672,Ellipse
37.0,47.0,0.7872340679168701,0.8425260186195374,0.7366302609443665,0.9834932684898376,138.22540283203125,1281.0,8.0,8.0,4.0,0.7366302609443665,0.6876081824302673,0.07818603515625,0.7154809832572937,0.7711690068244934,2.4772093296051025,7.131346702575684,8.652596473693848,Ellipse
35.0,33.0,0.9428571462631226,0.892164945602417,0.7402597665786743,0.9799426794052124,109.7401123046875,855.0,8.0,8.0,5.0,0.7402597665786743,0.8075727820396423,0.05218505859375,0.5491719841957092,0.7914069294929504,3.1187543869018555,6.553227424621582,8.70079517364502,Ellipse
51.0,53.0,0.9622641801834106,0.8303986191749573,0.6873843669891357,0.9859378933906555,167.68124389648438,1858.0,8.0,8.0,4.0,0.6873843669891357,0.6059589982032776,0.1134033203125,0.7888774871826172,0.7490297555923462,2.192596912384033,7.362553596496582,8.58821964263916,Ellipse
35.0,57.0,0.6140350699424744,0.7313971519470215,0.6626566648483276,0.980348527431488,150.71067810058594,1322.0,8.0,7.0,4.0,0.6626566648483276,0.4592665135860443,0.0806884765625,0.8856357336044312,0.6823952794075012,1.7493184804916382,6.654548645019531,7.371010780334473,Ellipse
47.0,41.0,0.8723404407501221,0.8807706832885742,0.7529839277267456,0.9804053902626038,143.8822479248047,1451.0,8.0,8.0,6.0,0.7529839277267456,0.8474563360214233,0.08856201171875,0.4891679286956787,0.7938608527183533,3.3127527236938477,7.0807271003723145,9.455060005187988,Ellipse
69.0,29.0,0.4202898442745209,0.6708604693412781,0.742378830909729,0.9792353510856628,166.81118774414062,1485.5,8.0,8.0,4.0,0.742378830909729,0.4019949734210968,0.090667724609375,0.9113498330116272,0.641119122505188,1.5711535215377808,6.4114861488342285,6.9490966796875,Ellipse
57.0,27.0,0.4736842215061188,0.7249873876571655,0.7469135522842407,0.9778817296028137,141.15432739257812,1149.5,8.0,8.0,4.0,0.7469135522842407,0.46140560507774353,0.070159912109375,0.8850775361061096,0.6806685924530029,1.741093397140503,8.06319808959961,9.308520317077637,Ellipse
33.0,49.0,0.6734693646430969,0.7435286045074463,0.659245491027832,0.9748513698577881,134.2253875732422,1066.0,9.0,7.0,4.0,0.659245491027832,0.48682326078414917,0.0650634765625,0.8643736839294434,0.7025811076164246,1.8547277450561523,6.816806316375732,7.960370063781738,Ellipse
47.0,35.0,0.7446808218955994,0.6777299046516418,0.5501520037651062,0.9746903777122498,129.5391082763672,905.0,8.0,8.0,4.0,0.5501520037651062,0.4236298203468323,0.05523681640625,0.9056853652000427,0.6537266969680786,1.6218535900115967,6.195626735687256,6.7242841720581055,Ellipse
51.0,43.0,0.843137264251709,0.6862242817878723,0.5560875535011292,0.9740415215492249,149.4385986328125,1219.5,8.0,7.0,4.0,0.5560875535011292,0.4178432524204254,0.074432373046875,0.9010502696037292,0.6614952087402344,1.6544033288955688,6.701539516448975,7.271750450134277,Ellipse
39.0,61.0,0.6393442749977112,0.8112148642539978,0.7383354306221008,0.9845852255821228,164.9533233642578,1756.5,8.0,8.0,4.0,0.7383354306221008,0.5699365735054016,0.107208251953125,0.8125759363174438,0.737568736076355,2.0895044803619385,7.935580730438232,9.136777877807617,Ellipse
39.0,43.0,0.9069767594337463,0.8912151455879211,0.7420989871025085,0.9814668893814087,132.46803283691406,1244.5,8.0,8.0,6.0,0.7420989871025085,0.8730135560035706,0.075958251953125,0.4255852699279785,0.7956486940383911,3.5681521892547607,6.727321624755859,9.238884925842285,Ellipse
37.0,43.0,0.8604651093482971,0.8239308595657349,0.686360776424408,0.9771811962127686,129.05381774902344,1092.0,8.0,8.0,4.0,0.686360776424408,0.6240421533584595,0.066650390625,0.7591323256492615,0.7593159675598145,2.3073208332061768,6.6923089027404785,8.06188678741455,Ellipse
25.0,61.0,0.4098360538482666,0.6762353777885437,0.7495082020759583,0.9790149927139282,145.7401123046875,1143.0,8.0,8.0,4.0,0.7495082020759583,0.40024837851524353,0.06976318359375,0.9161207675933838,0.6363790035247803,1.552826166152954,7.026673793792725,7.8924665451049805,Ellipse
39.0,41.0,0.9512194991111755,0.7269096970558167,0.5916197896003723,0.9757606983184814,127.88224792480469,946.0,8.0,8.0,4.0,0.5916197896003723,0.4632596969604492,0.0577392578125,0.8808596730232239,0.6896721720695496,1.785964012145996,6.014981269836426,6.7417521476745605,Ellipse
31.0,45.0,0.6888889074325562,0.7410629391670227,0.6498208045959473,0.9721179604530334,123.98275756835938,906.5,8.0,8.0,4.0,0.6498208045959473,0.49324023723602295,0.055328369140625,0.8646751046180725,0.7019924521446228,1.8514199256896973,6.545263767242432,7.304315090179443,Ellipse
128.0,128.0,1.0,0.48200392723083496,0.925262451171875,0.9398908615112305,628.6690673828125,15159.5,7.0,7.0,6.0,0.925262451171875,0.5983518362045288,0.925262451171875,0.921332061290741,0.7421005368232727,4.273249626159668,5.0435004234313965,4.724757194519043,Ellipse
29.0,41.0,0.707317054271698,0.7130248546600342,0.6047098636627197,0.980231761932373,112.56854248046875,719.0,8.0,7.0,4.0,0.6047098636627197,0.42658498883247375,0.04388427734375,0.8993398547172546,0.6669653058052063,1.6782914400100708,6.625548362731934,7.2022175788879395,Ellipse
55.0,29.0,0.5272727012634277,0.6492354273796082,0.6241379380226135,0.9750244617462158,138.81118774414062,995.5,7.0,6.0,4.0,0.6241379380226135,0.3727944791316986,0.060760498046875,0.9247152209281921,0.6224471926689148,1.5014009475708008,6.262465476989746,7.386871814727783,Ellipse
39.0,39.0,1.0,0.8912305235862732,0.7498356103897095,0.9831896424293518,126.8111801147461,1140.5,8.0,8.0,4.0,0.7498356103897095,0.9629408121109009,0.069610595703125,0.07791145145893097,0.7979772686958313,6.782761573791504,6.845217704772949,10.662123680114746,Ellipse
53.0,45.0,0.849056601524353,0.8389716148376465,0.7199161648750305,0.9836723208427429,160.36752319335938,1717.0,8.0,8.0,5.0,0.7199161648750305,0.6380189657211304,0.10479736328125,0.758698046207428,0.7601837515830994,2.316842794418335,7.028748512268066,8.44296646118164,Ellipse
57.0,43.0,0.7543859481811523,0.8316590785980225,0.7294981479644775,0.9824175834655762,164.36752319335938,1788.0,8.0,8.0,4.0,0.7294981479644775,0.6151140928268433,0.109130859375,0.7725540399551392,0.754584014415741,2.251298427581787,7.2861714363098145,8.730910301208496,Ellipse
67.0,37.0,0.5522388219833374,0.7748428583145142,0.7541347146034241,0.979308545589447,174.12489318847656,1869.5,8.0,8.0,4.0,0.7541347146034241,0.5385310649871826,0.114105224609375,0.8376904129981995,0.7231929898262024,1.9818233251571655,7.434665203094482,8.308245658874512,Ellipse
53.0,39.0,0.7358490824699402,0.8104374408721924,0.7031930088996887,0.977142870426178,150.12489318847656,1453.5,8.0,8.0,4.0,0.7031930088996887,0.6209785342216492,0.088714599609375,0.774652898311615,0.7535828948020935,2.240593671798706,8.603889465332031,10.279826164245605,Ellipse
59.0,37.0,0.6271186470985413,0.7132102251052856,0.6262024641036987,0.9767774343490601,155.19595336914062,1367.0,8.0,8.0,4.0,0.6262024641036987,0.4417531490325928,0.08343505859375,0.892781674861908,0.67335045337677,1.70675790309906,7.195827007293701,8.238105773925781,Ellipse
47.0,31.0,0.6595744490623474,0.8474699854850769,0.7443376779556274,0.9836734533309937,126.8111801147461,1084.5,8.0,7.0,5.0,0.7443376779556274,0.6285009980201721,0.066192626953125,0.759368360042572,0.7580403685569763,2.291994333267212,8.151962280273438,9.672527313232422,Ellipse
47.0,49.0,0.9591836929321289,0.8220961093902588,0.6739035844802856,0.9857097268104553,154.02438354492188,1552.0,8.0,8.0,4.0,0.6739035844802856,0.5822198987007141,0.0947265625,0.8060451149940491,0.7407248616218567,2.1161444187164307,7.954720973968506,8.952594757080078,Ellipse
41.0,31.0,0.7560975551605225,0.8656746745109558,0.7439024448394775,0.9787784814834595,117.15432739257812,945.5,8.0,8.0,5.0,0.7439024448394775,0.7358411550521851,0.057708740234375,0.663677990436554,0.7798895835876465,2.658323287963867,7.238696575164795,9.068801879882812,Ellipse
35.0,49.0,0.7142857313156128,0.8484454154968262,0.7521865963935852,0.9794988632202148,138.22540283203125,1290.0,8.0,8.0,4.0,0.7521865963935852,0.6936087608337402,0.0787353515625,0.7084012031555176,0.7718585133552551,2.4895386695861816,7.004161357879639,8.70522689819336,Ellipse
39.0,41.0,0.9512194991111755,0.6579638719558716,0.5112570524215698,0.9767025113105774,124.95331573486328,817.5,8.0,8.0,4.0,0.5112570524215698,0.3776725232601166,0.049896240234375,0.9244282841682434,0.6227322816848755,1.5023860931396484,6.9882426261901855,7.477626323699951,Ellipse
41.0,59.0,0.694915235042572,0.586673378944397,0.48491111397743225,0.9734439849853516,158.50967407226562,1173.0,8.0,6.0,4.0,0.48491111397743225,0.3204938471317291,0.07159423828125,0.9457632303237915,0.5676168203353882,1.319999098777771,6.312193870544434,6.6674699783325195,Ellipse
33.0,37.0,0.8918918967247009,0.7188385128974915,0.5692055821418762,0.9713487029075623,110.22539520263672,695.0,8.0,6.0,4.0,0.5692055821418762,0.4487289786338806,0.04241943359375,0.8925470113754272,0.6728835105895996,1.7048839330673218,6.429110050201416,7.334536552429199,Ellipse
43.0,41.0,0.9534883499145508,0.8708075284957886,0.7509926557540894,0.9800148010253906,138.22540283203125,1324.0,8.0,8.0,4.0,0.7509926557540894,0.914548933506012,0.080810546875,0.30876973271369934,0.797314465045929,4.1076507568359375,6.869405746459961,10.117083549499512,Ellipse
43.0,53.0,0.8113207817077637,0.8587225675582886,0.7167617082595825,0.9784366488456726,154.61016845703125,1633.5,8.0,8.0,4.0,0.7167617082595825,0.751380443572998,0.099700927734375,0.6366255283355713,0.7832254767417908,2.748802900314331,8.490364074707031,10.19193172454834,Ellipse
39.0,37.0,0.9487179517745972,0.8718628287315369,0.7390852570533752,0.9775435328483582,123.98275756835938,1066.5,8.0,8.0,5.0,0.7390852570533752,0.8279857635498047,0.065093994140625,0.5184007883071899,0.792935848236084,3.2362489700317383,7.092071533203125,9.3486909866333,Ellipse
41.0,39.0,0.9512194991111755,0.9024004340171814,0.7479674816131592,0.9843621253967285,129.05381774902344,1196.0,8.0,8.0,5.0,0.7479674816131592,0.9151320457458496,0.072998046875,0.3169277310371399,0.7972918152809143,4.105285167694092,7.743577003479004,10.334769248962402,Ellipse
128.0,128.0,1.0,0.46917724609375,0.91143798828125,0.9258478283882141,632.4263916015625,14933.0,7.0,7.0,7.0,0.91143798828125,0.5894117951393127,0.91143798828125,0.8112167119979858,0.7309092879295349,4.184830188751221,4.963112831115723,4.550291538238525,Ellipse
53.0,41.0,0.7735849022865295,0.8726106882095337,0.7533364295959473,0.9843655824661255,153.5391082763672,1637.0,8.0,8.0,5.0,0.7533364295959473,0.7529903650283813,0.09991455078125,0.641770601272583,0.7831082940101624,2.743990659713745,7.925467491149902,9.624953269958496,Ellipse
49.0,37.0,0.7551020383834839,0.8244358897209167,0.7140099406242371,0.9851598143577576,140.46803283691406,1294.5,8.0,8.0,4.0,0.7140099406242371,0.5911327004432678,0.079010009765625,0.792331337928772,0.7474147081375122,2.177511692047119,6.6806864738464355,7.923730850219727,Ellipse
45.0,23.0,0.5111111402511597,0.7122472524642944,0.7024154663085938,0.9686875343322754,113.25482940673828,727.0,8.0,7.0,4.0,0.7024154663085938,0.44501781463623047,0.04437255859375,0.8983652591705322,0.6680396795272827,1.6836715936660767,7.011160373687744,7.887859344482422,Ellipse
53.0,29.0,0.5471698045730591,0.7445104718208313,0.7189329862594604,0.9757174253463745,136.56854248046875,1105.0,8.0,8.0,4.0,0.7189329862594604,0.4753105938434601,0.06744384765625,0.8763450980186462,0.6930053234100342,1.8031021356582642,6.967185020446777,7.949561595916748,Ellipse
51.0,45.0,0.8823529481887817,0.8415567874908447,0.7028322219848633,0.9793564081192017,155.19595336914062,1613.0,8.0,8.0,4.0,0.7028322219848633,0.6809418201446533,0.09844970703125,0.7128823399543762,0.7706598043441772,2.46842885017395,7.020114898681641,8.427781105041504,Ellipse
63.0,39.0,0.6190476417541504,0.8023645877838135,0.736670732498169,0.9842305779457092,168.36752319335938,1810.0,8.0,8.0,4.0,0.736670732498169,0.5529149174690247,0.1104736328125,0.8272375464439392,0.7300454378128052,2.03068470954895,7.105912685394287,8.1854829788208,Ellipse
35.0,29.0,0.8285714387893677,0.8024664521217346,0.6512315273284912,0.9763663411140442,101.7401123046875,661.0,8.0,8.0,4.0,0.6512315273284912,0.5686504244804382,0.04034423828125,0.8132316470146179,0.7358285188674927,2.0767974853515625,7.576437473297119,9.016254425048828,Ellipse
31.0,44.0,0.7045454382896423,0.8097056746482849,0.7096773982048035,0.9694541692733765,122.56854248046875,968.0,8.0,8.0,4.0,0.7096773982048035,0.6323677897453308,0.05908203125,0.771438479423523,0.7551818490028381,2.260187864303589,6.044861793518066,7.296641826629639,Ellipse
59.0,41.0,0.694915235042572,0.8398486971855164,0.7517569065093994,0.9819114208221436,164.9533233642578,1818.5,8.0,7.0,5.0,0.7517569065093994,0.6720959544181824,0.110992431640625,0.7225508093833923,0.7680211663246155,2.426028251647949,7.344187259674072,8.760493278503418,Ellipse
29.0,55.0,0.5272727012634277,0.7561630606651306,0.7454545497894287,0.9765913486480713,140.56854248046875,1189.0,8.0,8.0,4.0,0.7454545497894287,0.5080103874206543,0.07257080078125,0.853887677192688,0.7089415788650513,1.8914532661437988,6.392289638519287,7.295031547546387,Ellipse
37.0,51.0,0.7254902124404907,0.8504617214202881,0.7485426664352417,0.9812434911727905,144.46803283691406,1412.5,8.0,8.0,4.0,0.7485426664352417,0.6967984437942505,0.086212158203125,0.6932809352874756,0.7737441658973694,2.5246968269348145,7.267237186431885,8.841001510620117,Ellipse
61.0,41.0,0.6721311211585999,0.6170712113380432,0.514794111251831,0.974640429019928,161.9238739013672,1287.5,8.0,6.0,4.0,0.514794111251831,0.34467753767967224,0.078582763671875,0.9352154731750488,0.595714271068573,1.4090856313705444,6.578577518463135,7.282742500305176,Ellipse
41.0,51.0,0.8039215803146362,0.7284215688705444,0.6102343201637268,0.9766551852226257,148.36752319335938,1276.0,8.0,7.0,4.0,0.6102343201637268,0.46954989433288574,0.077880859375,0.8763989806175232,0.6915827989578247,1.7953375577926636,6.715959548950195,7.958329200744629,Ellipse
29.0,55.0,0.5272727012634277,0.7359024286270142,0.6896551847457886,0.9773433804512024,137.05381774902344,1100.0,8.0,8.0,4.0,0.6896551847457886,0.46437445282936096,0.067138671875,0.8785722851753235,0.6899030804634094,1.7869539260864258,7.4021430015563965,8.208822250366211,Ellipse
37.0,39.0,0.9487179517745972,0.8929520845413208,0.7498267292976379,0.982296884059906,123.39696502685547,1082.0,8.0,8.0,6.0,0.7498267292976379,0.9183802604675293,0.0660400390625,0.3153097927570343,0.7972604632377625,4.092553615570068,6.912846565246582,10.064922332763672,Ellipse
31.0,39.0,0.7948718070983887,0.85480135679245,0.7278742790222168,0.978865385055542,113.7401123046875,880.0,8.0,8.0,4.0,0.7278742790222168,0.6606367826461792,0.0537109375,0.719767153263092,0.769882321357727,2.4569785594940186,8.135562896728516,9.505204200744629,Ellipse
39.0,39.0,1.0,0.8571153879165649,0.7278106212615967,0.9813829660415649,127.39696502685547,1107.0,8.0,8.0,4.0,0.7278106212615967,0.7147380709648132,0.06756591796875,0.6866323351860046,0.7768442630767822,2.587392568588257,6.512976169586182,8.14087200164795,Ellipse
27.0,39.0,0.692307710647583,0.7278090715408325,0.6286799907684326,0.9713866710662842,106.91168975830078,662.0,8.0,8.0,4.0,0.6286799907684326,0.4735262393951416,0.0404052734375,0.8784146904945374,0.6899917125701904,1.7881062030792236,5.892856597900391,6.596263408660889,Ellipse
25.0,59.0,0.4237288236618042,0.6796015501022339,0.7427118420600891,0.9755120277404785,142.32589721679688,1095.5,8.0,8.0,4.0,0.7427118420600891,0.4102424681186676,0.066864013671875,0.9091578125953674,0.64678955078125,1.593503475189209,6.8093581199646,7.488360404968262,Ellipse
47.0,45.0,0.957446813583374,0.742638885974884,0.5862883925437927,0.9783037304878235,144.85281372070312,1240.0,8.0,8.0,4.0,0.5862883925437927,0.49214649200439453,0.07568359375,0.8671513199806213,0.7011539936065674,1.8466150760650635,8.332087516784668,9.2091703414917,Ellipse
51.0,47.0,0.9215686321258545,0.8423975706100464,0.6983729600906372,0.9826827049255371,158.02438354492188,1674.0,9.0,8.0,5.0,0.6983729600906372,0.6656427979469299,0.1021728515625,0.7367749810218811,0.7659225463867188,2.3937437534332275,7.723703384399414,9.079755783081055,Ellipse
43.0,37.0,0.8604651093482971,0.7952592372894287,0.6624764204025269,0.9759259223937988,129.05381774902344,1054.0,8.0,8.0,4.0,0.6624764204025269,0.5896235704421997,0.0643310546875,0.8089613914489746,0.7398712038993835,2.109943389892578,7.498830318450928,8.537755012512207,Ellipse
45.0,43.0,0.9555555582046509,0.8704515099525452,0.7410852909088135,0.9842141270637512,143.8822479248047,1434.0,8.0,7.0,5.0,0.7410852909088135,0.7658601999282837,0.0875244140625,0.6043184995651245,0.7867593169212341,2.8701751232147217,7.044075965881348,8.809704780578613,Ellipse
45.0,59.0,0.7627118825912476,0.6485863327980042,0.5239171385765076,0.9727272987365723,164.16651916503906,1391.0,8.0,7.0,4.0,0.5239171385765076,0.38005709648132324,0.08489990234375,0.9231814742088318,0.6229965090751648,1.5031917095184326,7.269095420837402,7.838776588439941,Ellipse
27.0,37.0,0.7297297120094299,0.8721030354499817,0.7357357144355774,0.9819639325141907,102.91168975830078,735.0,8.0,8.0,4.0,0.7357357144355774,0.7025682926177979,0.04486083984375,0.6893085241317749,0.7755204439163208,2.5632283687591553,7.196281433105469,8.663068771362305,Ellipse
128.0,128.0,1.0,0.3977012038230896,0.8741455078125,0.8879657983779907,672.710693359375,14322.0,9.0,7.0,7.0,0.8741455078125,0.5652953386306763,0.8741455078125,0.7888197898864746,0.7131540179252625,3.6726245880126953,4.435240745544434,4.089457035064697,Ellipse
45.0,35.0,0.7777777910232544,0.8766035437583923,0.7511110901832581,0.9825581312179565,130.22540283203125,1183.0,8.0,8.0,5.0,0.7511110901832581,0.7531145215034485,0.07220458984375,0.6368755102157593,0.7832514643669128,2.749436855316162,6.679798603057861,8.504334449768066,Ellipse
45.0,41.0,0.9111111164093018,0.8747619986534119,0.7506775259971619,0.980184018611908,141.05381774902344,1385.0,8.0,8.0,5.0,0.7506775259971619,0.8773494958877563,0.08453369140625,0.41687414050102234,0.7959332466125488,3.61934757232666,6.608988285064697,9.197516441345215,Ellipse
41.0,33.0,0.8048780560493469,0.8609961271286011,0.7361419200897217,0.9817644357681274,120.56854248046875,996.0,8.0,8.0,4.0,0.7361419200897217,0.6877086758613586,0.060791015625,0.7080236077308655,0.7736886739730835,2.5249717235565186,8.240062713623047,9.373945236206055,Ellipse
43.0,47.0,0.914893627166748,0.8383183479309082,0.7276101112365723,0.983612060546875,148.46803283691406,1470.5,8.0,8.0,4.0,0.7276101112365723,0.6817823648452759,0.089752197265625,0.7181721329689026,0.7704967856407166,2.466613292694092,9.07564926147461,10.974424362182617,Ellipse
41.0,31.0,0.7560975551605225,0.8647591471672058,0.7431156635284424,0.9797717928886414,117.15432739257812,944.5,8.0,7.0,5.0,0.7431156635284424,0.7226941585540771,0.057647705078125,0.6625959277153015,0.7783579230308533,2.6231064796447754,8.133498191833496,9.507787704467773,Ellipse
39.0,27.0,0.692307710647583,0.7267097234725952,0.6277303099632263,0.9699193239212036,106.91168975830078,661.0,8.0,6.0,4.0,0.6277303099632263,0.4564010500907898,0.04034423828125,0.880116879940033,0.6871775388717651,1.773474931716919,6.044864177703857,6.746525287628174,Ellipse
51.0,57.0,0.8947368264198303,0.7366380095481873,0.589611291885376,0.9813913702964783,170.9949493408203,1714.0,8.0,8.0,4.0,0.589611291885376,0.46851006150245667,0.1046142578125,0.8824079036712646,0.6856492161750793,1.7650691270828247,8.893417358398438,10.209697723388672,Ellipse
53.0,31.0,0.5849056839942932,0.7299835085868835,0.6698113083839417,0.9795282483100891,137.6396026611328,1100.5,8.0,6.0,4.0,0.6698113083839417,0.4627443552017212,0.067169189453125,0.8773353695869446,0.6883600354194641,1.7790377140045166,7.149393081665039,8.037442207336426,Ellipse
55.0,45.0,0.8181818127632141,0.8142418265342712,0.6872727274894714,0.9812517762184143,162.02438354492188,1701.0,8.0,8.0,4.0,0.6872727274894714,0.5839218497276306,0.10382080078125,0.8008916974067688,0.743887722492218,2.144376039505005,8.201681137084961,9.765786170959473,Ellipse
41.0,49.0,0.8367347121238708,0.8511278629302979,0.7314584255218506,0.9832720160484314,147.2964630126953,1469.5,8.0,8.0,5.0,0.7314584255218506,0.6710463166236877,0.089691162109375,0.7323783040046692,0.7686195373535156,2.435866355895996,7.467489242553711,8.949746131896973,Ellipse
57.0,47.0,0.8245614171028137,0.7736855745315552,0.6371780633926392,0.9818809032440186,166.50967407226562,1707.0,8.0,8.0,4.0,0.6371780633926392,0.516003429889679,0.10418701171875,0.8484528064727783,0.7157917618751526,1.9331209659576416,7.455581188201904,8.571474075317383,Ellipse
57.0,42.0,0.7368420958518982,0.5942094922065735,0.47660818696022034,0.9685908555984497,155.3380889892578,1141.0,8.0,4.0,4.0,0.47660818696022034,0.3277883231639862,0.06964111328125,0.942311704158783,0.5770353078842163,1.3492295742034912,6.116830348968506,7.111126899719238,Ellipse
33.0,53.0,0.6226415038108826,0.762958824634552,0.6792452931404114,0.9737704992294312,139.8822479248047,1188.0,8.0,8.0,4.0,0.6792452931404114,0.5110126733779907,0.072509765625,0.8537911176681519,0.7104411721229553,1.9005444049835205,7.529656887054443,8.286179542541504,Ellipse
41.0,55.0,0.7454545497894287,0.8103191256523132,0.7044345736503601,0.9796484708786011,156.9533233642578,1588.5,8.0,8.0,4.0,0.7044345736503601,0.6344187259674072,0.096954345703125,0.7643231749534607,0.757427453994751,2.283442497253418,8.147265434265137,9.264564514160156,Ellipse
39.0,59.0,0.6610169410705566,0.7773346900939941,0.69643634557724,0.977432131767273,160.9533233642578,1602.5,8.0,8.0,4.0,0.69643634557724,0.5532410740852356,0.097808837890625,0.8237223625183105,0.7318255305290222,2.0445809364318848,7.50998067855835,8.888053894042969,Ellipse
61.0,21.0,0.3442623019218445,0.5876041650772095,0.7283372282981873,0.9723814725875854,141.2548370361328,933.0,8.0,4.0,4.0,0.7283372282981873,0.32421526312828064,0.05694580078125,0.9426145553588867,0.570495069026947,1.3290483951568604,6.820332050323486,7.607522010803223,Ellipse
33.0,41.0,0.8048780560493469,0.8593853116035461,0.727642297744751,0.9825349450111389,119.98275756835938,984.5,8.0,8.0,4.0,0.727642297744751,0.6797682642936707,0.060089111328125,0.7038165330886841,0.772284984588623,2.4982516765594482,6.714989185333252,8.255284309387207,Ellipse
25.0,47.0,0.5319148898124695,0.7572942972183228,0.7395744919776917,0.9747616648674011,120.08325958251953,869.0,8.0,8.0,4.0,0.7395744919776917,0.5075393319129944,0.05303955078125,0.8522115349769592,0.7096015810966492,1.895888090133667,6.871264457702637,7.648864269256592,Ellipse
35.0,53.0,0.6603773832321167,0.8331547975540161,0.7520215511322021,0.9823943376541138,145.05381774902344,1395.0,8.0,8.0,4.0,0.7520215511322021,0.6482320427894592,0.08514404296875,0.7578673362731934,0.7598430514335632,2.3125739097595215,6.445518493652344,7.761780261993408,Ellipse
31.0,59.0,0.5254237055778503,0.6905550956726074,0.6727719902992249,0.9765872955322266,149.6396026611328,1230.5,8.0,7.0,4.0,0.6727719902992249,0.4248132109642029,0.075103759765625,0.9009435176849365,0.6603408455848694,1.6492561101913452,7.23256254196167,7.847911834716797,Ellipse
37.0,37.0,1.0,0.8852007985115051,0.7479912638664246,0.9780324697494507,120.56854248046875,1024.0,8.0,8.0,4.0,0.7479912638664246,0.9420399069786072,0.0625,0.027838770300149918,0.7978201508522034,11.090356826782227,6.310120582580566,10.083767890930176,Ellipse
47.0,65.0,0.7230769395828247,0.800112247467041,0.69869065284729,0.9818307161331177,183.095458984375,2134.5,8.0,8.0,4.0,0.69869065284729,0.5784585475921631,0.130279541015625,0.8089571595191956,0.7395991683006287,2.1063754558563232,7.569500923156738,8.908310890197754,Ellipse
21.0,61.0,0.3442623019218445,0.6019566655158997,0.7338017225265503,0.974598228931427,140.08326721191406,940.0,8.0,6.0,4.0,0.7338017225265503,0.32916316390037537,0.057373046875,0.9421778321266174,0.5730785131454468,1.336903691291809,6.342920303344727,6.700821876525879,Ellipse
45.0,37.0,0.8222222328186035,0.8697749972343445,0.7489489316940308,0.9811172485351562,134.22540283203125,1247.0,8.0,8.0,4.0,0.7489489316940308,0.7938578128814697,0.07611083984375,0.5721004009246826,0.7889783382415771,2.969357490539551,6.9986982345581055,9.02772045135498,Ellipse
47.0,43.0,0.914893627166748,0.7572201490402222,0.6063829660415649,0.982758641242981,142.61016845703125,1225.5,8.0,8.0,4.0,0.6063829660415649,0.5046390295028687,0.074798583984375,0.8671019077301025,0.7013755440711975,1.8476803302764893,6.677809238433838,7.3966875076293945,Ellipse
51.0,37.0,0.7254902124404907,0.8522680401802063,0.7501325011253357,0.9823039770126343,144.46803283691406,1415.5,8.0,8.0,4.0,0.7501325011253357,0.6982783675193787,0.086395263671875,0.6940725445747375,0.7737274765968323,2.52358341217041,7.1778693199157715,8.697522163391113,Ellipse
61.0,37.0,0.6065573692321777,0.7850788235664368,0.7328311800956726,0.9827688932418823,162.71067810058594,1654.0,8.0,8.0,4.0,0.7328311800956726,0.5414941310882568,0.1009521484375,0.8357540369033813,0.7240666747093201,1.987833857536316,8.065999031066895,9.16958999633789,Ellipse
39.0,39.0,1.0,0.8912305235862732,0.7498356103897095,0.9831896424293518,126.8111801147461,1140.5,8.0,8.0,4.0,0.7498356103897095,0.9629408121109009,0.069610595703125,0.07791145145893097,0.7979772686958313,6.782761573791504,6.845217704772949,10.662123680114746,Ellipse
39.0,41.0,0.9512194991111755,0.8880646228790283,0.736085057258606,0.9853495359420776,129.05381774902344,1177.0,8.0,8.0,4.0,0.736085057258606,0.7599338293075562,0.07183837890625,0.6375241279602051,0.7838358283042908,2.7693727016448975,6.9908246994018555,8.83129596710205,Ellipse
43.0,43.0,1.0,0.8315672278404236,0.6828014850616455,0.9813447594642639,138.12489318847656,1262.5,10.0,8.0,4.0,0.6828014850616455,0.6429808735847473,0.077056884765625,0.7678205370903015,0.7573786973953247,2.2831172943115234,6.855969429016113,8.29231071472168,Ellipse
41.0,37.0,0.9024389982223511,0.8833532333374023,0.7382992506027222,0.9794490337371826,126.22539520263672,1120.0,9.0,8.0,5.0,0.7382992506027222,0.7683271765708923,0.068359375,0.5986320376396179,0.788383424282074,2.948547840118408,6.658222675323486,8.617074966430664,Ellipse
31.0,45.0,0.6888889074325562,0.8406020998954773,0.7440860271453857,0.9797074198722839,124.56854248046875,1038.0,8.0,8.0,4.0,0.7440860271453857,0.6608054637908936,0.0633544921875,0.7299173474311829,0.764927089214325,2.3818252086639404,7.779796123504639,9.493289947509766,Ellipse
37.0,29.0,0.7837837934494019,0.775495707988739,0.6430568695068359,0.9711470603942871,105.7401123046875,690.0,8.0,8.0,4.0,0.6430568695068359,0.5423004627227783,0.0421142578125,0.8346018195152283,0.7267383337020874,2.008338689804077,6.234714508056641,7.0964579582214355,Ellipse
45.0,41.0,0.9111111164093018,0.6991288065910339,0.5655826330184937,0.9811941981315613,136.9533233642578,1043.5,8.0,6.0,4.0,0.5655826330184937,0.4110817611217499,0.063690185546875,0.9051152467727661,0.6602663993835449,1.649042010307312,6.915531635284424,7.474681377410889,Ellipse
37.0,45.0,0.8222222328186035,0.8784722089767456,0.7498498558998108,0.9826839566230774,133.6396026611328,1248.5,8.0,8.0,4.0,0.7498498558998108,0.7948127388954163,0.076202392578125,0.5694485902786255,0.7894349694252014,2.991955280303955,7.206295013427734,9.199250221252441,Ellipse
55.0,35.0,0.6363636255264282,0.753449559211731,0.6597402691841125,0.9822118878364563,145.5391082763672,1270.0,8.0,8.0,4.0,0.6597402691841125,0.47558915615081787,0.0775146484375,0.8784465193748474,0.6923471689224243,1.7991074323654175,6.989548206329346,8.197423934936523,Ellipse
45.0,53.0,0.849056601524353,0.8066686391830444,0.6721174120903015,0.9828326106071472,158.02438354492188,1603.0,8.0,8.0,4.0,0.6721174120903015,0.558257520198822,0.09783935546875,0.8226597309112549,0.7332730889320374,2.055413246154785,8.481283187866211,9.549134254455566,Ellipse
33.0,59.0,0.5593220591545105,0.6182449460029602,0.5562403798103333,0.9704301357269287,148.36753845214844,1083.0,8.0,6.0,4.0,0.5562403798103333,0.3499770760536194,0.06610107421875,0.9342593550682068,0.597734272480011,1.4159215688705444,6.368410110473633,6.784915924072266,Ellipse
59.0,37.0,0.6271186470985413,0.7132102251052856,0.6262024641036987,0.9767774343490601,155.19595336914062,1367.0,8.0,8.0,4.0,0.6262024641036987,0.4417531490325928,0.08343505859375,0.892781674861908,0.67335045337677,1.70675790309906,7.195827007293701,8.238105773925781,Ellipse
35.0,27.0,0.7714285850524902,0.8405465483665466,0.7089946866035461,0.9731299877166748,100.08325958251953,670.0,8.0,8.0,5.0,0.7089946866035461,0.6562008857727051,0.0408935546875,0.7403038740158081,0.7649299502372742,2.3838884830474854,7.99787712097168,9.52912425994873,Ellipse
37.0,35.0,0.9459459185600281,0.8841074109077454,0.7382239103317261,0.9810159206390381,116.56854248046875,956.0,8.0,8.0,4.0,0.7382239103317261,0.8151147365570068,0.058349609375,0.5383803844451904,0.7915226221084595,3.1231954097747803,7.350814342498779,9.373711585998535,Ellipse
37.0,41.0,0.9024389982223511,0.8818920254707336,0.750823974609375,0.9802065491676331,127.39696502685547,1139.0,8.0,8.0,5.0,0.750823974609375,0.8715178370475769,0.06951904296875,0.4375455677509308,0.7955013513565063,3.541846752166748,6.917684078216553,9.372015953063965,Ellipse
49.0,37.0,0.7551020383834839,0.7307911515235901,0.6119691133499146,0.9771025776863098,138.12489318847656,1109.5,8.0,8.0,4.0,0.6119691133499146,0.4740433096885681,0.067718505859375,0.8758305311203003,0.691509485244751,1.7951589822769165,6.356514930725098,7.571447372436523,Ellipse
35.0,31.0,0.8857142925262451,0.8878864049911499,0.7281106114387512,0.9856519103050232,105.7401123046875,790.0,8.0,8.0,4.0,0.7281106114387512,0.7737294435501099,0.0482177734375,0.6230839490890503,0.784761905670166,2.801623582839966,6.880659580230713,8.808466911315918,Ellipse
53.0,29.0,0.5471698045730591,0.7728086113929749,0.7462589740753174,0.9770017266273499,136.56854248046875,1147.0,8.0,8.0,4.0,0.7462589740753174,0.5329907536506653,0.07000732421875,0.8410717844963074,0.7196701169013977,1.9584896564483643,7.7108964920043945,9.007547378540039,Ellipse
43.0,35.0,0.8139534592628479,0.7272190451622009,0.6069767475128174,0.9723256826400757,125.63961029052734,913.5,8.0,8.0,4.0,0.6069767475128174,0.487875372171402,0.055755615234375,0.8662053942680359,0.7004796266555786,1.8433128595352173,6.793699264526367,7.555967330932617,Ellipse
61.0,35.0,0.5737704634666443,0.7004299163818359,0.6576112508773804,0.9790794849395752,158.71067810058594,1404.0,10.0,7.0,4.0,0.6576112508773804,0.42806926369667053,0.085693359375,0.8989444971084595,0.6642737984657288,1.666184663772583,6.422729015350342,7.559986114501953,Ellipse
47.0,51.0,0.9215686321258545,0.568220317363739,0.4234459698200226,0.9689737558364868,149.82337951660156,1015.0,7.0,6.0,4.0,0.4234459698200226,0.3152024745941162,0.06195068359375,0.9487450122833252,0.5581511855125427,1.2914941310882568,6.935934543609619,7.640956401824951,Ellipse
43.0,59.0,0.7288135886192322,0.8369415998458862,0.7441860437393188,0.9800155758857727,168.36752319335938,1888.0,8.0,8.0,4.0,0.7441860437393188,0.6578887104988098,0.115234375,0.7437803149223328,0.7647785544395447,2.3775711059570312,7.537128448486328,8.833587646484375,Ellipse
41.0,61.0,0.6721311211585999,0.6866590976715088,0.5811675190925598,0.977800190448761,163.095458984375,1453.5,8.0,8.0,4.0,0.5811675190925598,0.4217508137226105,0.088714599609375,0.9049366116523743,0.6547766923904419,1.6258594989776611,7.261640548706055,8.039501190185547,Ellipse
29.0,37.0,0.7837837934494019,0.8762294054031372,0.7427772879600525,0.9791154861450195,106.91168975830078,797.0,8.0,8.0,4.0,0.7427772879600525,0.7461478114128113,0.04864501953125,0.622890055179596,0.7839534282684326,2.777031898498535,7.242049694061279,9.105392456054688,Ellipse
56.0,35.0,0.625,0.7901397943496704,0.715050995349884,0.9780181646347046,149.2964630126953,1401.5,8.0,7.0,4.0,0.715050995349884,0.5586827397346497,0.085540771484375,0.8243123888969421,0.7324405312538147,2.0497872829437256,6.73801326751709,7.73792839050293,Ellipse
37.0,39.0,0.9487179517745972,0.8767678141593933,0.7432432174682617,0.9767759442329407,123.98275756835938,1072.5,8.0,8.0,6.0,0.7432432174682617,0.9105362296104431,0.065460205078125,0.2953699827194214,0.797204852104187,4.18969202041626,6.462822437286377,9.445690155029297,Ellipse
49.0,44.0,0.8979591727256775,0.8585851788520813,0.7277365326881409,0.9803186655044556,151.5391082763672,1569.0,8.0,8.0,6.0,0.7277365326881409,0.7840255498886108,0.09576416015625,0.5979384779930115,0.7869710922241211,2.8810880184173584,7.116011142730713,8.921594619750977,Ellipse
47.0,41.0,0.8723404407501221,0.884801983833313,0.7441619038581848,0.9845520257949829,142.71067810058594,1434.0,9.0,8.0,6.0,0.7441619038581848,0.7697346806526184,0.0875244140625,0.614254355430603,0.7864289879798889,2.85695743560791,7.0751633644104,8.99091911315918,Ellipse
53.0,29.0,0.5471698045730591,0.6540981531143188,0.6262199282646179,0.9727134704589844,135.98275756835938,962.5,8.0,6.0,4.0,0.6262199282646179,0.3844054341316223,0.058746337890625,0.9194215536117554,0.6327287554740906,1.5393896102905273,6.88912296295166,7.441286087036133,Ellipse
27.0,41.0,0.6585366129875183,0.7651830911636353,0.6553748846054077,0.9784221053123474,109.15432739257812,725.5,8.0,8.0,4.0,0.6553748846054077,0.4976976215839386,0.044281005859375,0.851280689239502,0.7118653059005737,1.9098365306854248,5.851683616638184,6.698883533477783,Ellipse
41.0,65.0,0.6307692527770996,0.8192747831344604,0.7559099197387695,0.983162522315979,175.78173828125,2014.5,8.0,8.0,4.0,0.7559099197387695,0.6187998056411743,0.122955322265625,0.7812286019325256,0.7514923214912415,2.217590808868408,6.770775318145752,7.8854475021362305,Ellipse
45.0,41.0,0.9111111164093018,0.6050135493278503,0.4769647717475891,0.9628008604049683,135.19595336914062,880.0,8.0,6.0,4.0,0.4769647717475891,0.35013842582702637,0.0537109375,0.9332477450370789,0.6019079089164734,1.4300565719604492,6.709495544433594,7.5617265701293945,Ellipse
69.0,33.0,0.47826087474823,0.7308350205421448,0.7494510412216187,0.9810290336608887,171.2964630126953,1706.5,8.0,8.0,4.0,0.7494510412216187,0.4599429965019226,0.104156494140625,0.882900059223175,0.6819421052932739,1.747025728225708,6.995713233947754,7.9158453941345215,Ellipse
43.0,43.0,1.0,0.7255218029022217,0.5957274436950684,0.971768856048584,138.12489318847656,1101.5,8.0,8.0,4.0,0.5957274436950684,0.4716528654098511,0.067230224609375,0.876714825630188,0.6912581920623779,1.7939245700836182,8.39887809753418,9.430520057678223,Ellipse
41.0,47.0,0.8723404407501221,0.8946742415428162,0.7524649500846863,0.9860591888427734,142.71067810058594,1450.0,8.0,8.0,5.0,0.7524649500846863,0.833114504814148,0.0885009765625,0.4953530430793762,0.7936961054801941,3.291566848754883,7.185665130615234,9.326624870300293,Ellipse
55.0,37.0,0.6727272868156433,0.8361884951591492,0.7542997598648071,0.9814578294754028,151.8822479248047,1535.0,8.0,8.0,4.0,0.7542997598648071,0.6558418273925781,0.09368896484375,0.7483106851577759,0.7628428936004639,2.3510305881500244,6.497196197509766,8.077542304992676,Ellipse
41.0,33.0,0.8048780560493469,0.8522622585296631,0.7357723712921143,0.9798228144645691,121.15432739257812,995.5,8.0,8.0,4.0,0.7357723712921143,0.6829193830490112,0.060760498046875,0.7047473192214966,0.7740780115127563,2.532578229904175,6.702404022216797,8.097090721130371,Ellipse
39.0,53.0,0.7358490824699402,0.8555770516395569,0.7539913058280945,0.9823510646820068,151.2964630126953,1558.5,8.0,8.0,4.0,0.7539913058280945,0.7125059366226196,0.095123291015625,0.6799426078796387,0.7766608595848083,2.5817313194274902,6.646185874938965,8.202804565429688,Ellipse
43.0,43.0,1.0,0.6627649068832397,0.5213629007339478,0.9688442349433899,135.19595336914062,964.0,8.0,6.0,4.0,0.5213629007339478,0.3835607171058655,0.058837890625,0.9171531200408936,0.6336473822593689,1.5427604913711548,6.344305038452148,7.486544609069824,Ellipse
33.0,59.0,0.5593220591545105,0.7996903657913208,0.7539804577827454,0.9832552075386047,151.8822479248047,1468.0,8.0,8.0,4.0,0.7539804577827454,0.5497361421585083,0.089599609375,0.8313772678375244,0.7267232537269592,2.0065717697143555,6.727410316467285,7.623964786529541,Ellipse
51.0,37.0,0.7254902124404907,0.845099687576294,0.7498674988746643,0.9795777201652527,145.05381774902344,1415.0,8.0,8.0,5.0,0.7498674988746643,0.706794798374176,0.08636474609375,0.6964325904846191,0.7749564051628113,2.547269582748413,7.500486850738525,8.975823402404785,Ellipse
128.0,128.0,1.0,0.4142909049987793,0.859710693359375,0.8733027577400208,653.6395874023438,14085.5,9.0,7.0,7.0,0.859710693359375,0.5559605956077576,0.859710693359375,0.8516023755073547,0.6945049166679382,3.6765880584716797,4.40272855758667,4.008457660675049,Ellipse
53.0,39.0,0.7358490824699402,0.8026313781738281,0.6964199542999268,0.976263165473938,150.12489318847656,1439.5,8.0,8.0,4.0,0.6964199542999268,0.6107143759727478,0.087860107421875,0.7838950157165527,0.7510749101638794,2.2143592834472656,6.577985763549805,7.729217052459717,Ellipse
33.0,33.0,1.0,0.843536376953125,0.6740128397941589,0.9702577590942383,104.56854248046875,734.0,9.0,8.0,5.0,0.6740128397941589,0.7188827991485596,0.0447998046875,0.6842530369758606,0.7761724591255188,2.578141927719116,6.538578987121582,8.233513832092285,Ellipse
128.0,128.0,1.0,0.41011252999305725,0.868011474609375,0.8817347884178162,660.1248779296875,14221.5,9.0,7.0,7.0,0.868011474609375,0.5613285899162292,0.868011474609375,0.9698908925056458,0.6988151669502258,3.7883188724517822,4.534505844116211,4.089173793792725,Ellipse
27.0,57.0,0.4736842215061188,0.6372374892234802,0.6510721445083618,0.9625360369682312,140.56854248046875,1002.0,8.0,6.0,4.0,0.6510721445083618,0.3828863203525543,0.0611572265625,0.9245344996452332,0.6202329993247986,1.493735432624817,6.358631610870361,7.400412559509277,Ellipse
45.0,23.0,0.5111111402511597,0.7083284258842468,0.6985507011413574,0.9757084846496582,113.25482940673828,723.0,8.0,6.0,4.0,0.6985507011413574,0.4317750334739685,0.04412841796875,0.9020506143569946,0.6606733202934265,1.6514631509780884,6.296821117401123,7.146182537078857,Ellipse
37.0,43.0,0.8604651093482971,0.7945047616958618,0.6618478894233704,0.9768089056015015,129.05381774902344,1053.0,8.0,8.0,4.0,0.6618478894233704,0.5729531049728394,0.06427001953125,0.8121323585510254,0.7408979535102844,2.118804693222046,8.560839653015137,9.870566368103027,Ellipse
43.0,61.0,0.7049180269241333,0.6735256910324097,0.5745329856872559,0.9773021936416626,167.68124389648438,1507.0,8.0,8.0,4.0,0.5745329856872559,0.41175127029418945,0.09197998046875,0.9103997945785522,0.6473425030708313,1.5956233739852905,7.647240161895752,8.103650093078613,Ellipse
39.0,41.0,0.9512194991111755,0.6868752241134644,0.543777346611023,0.9650388360023499,126.12489318847656,869.5,8.0,8.0,4.0,0.543777346611023,0.42579734325408936,0.053070068359375,0.8959515690803528,0.6675004363059998,1.680911898612976,7.65345573425293,8.734030723571777,Ellipse
41.0,53.0,0.7735849022865295,0.5733004808425903,0.4578923285007477,0.9683698415756226,147.68124389648438,995.0,8.0,6.0,4.0,0.4578923285007477,0.3054159879684448,0.06072998046875,0.9494158625602722,0.5561857223510742,1.2856191396713257,6.624664783477783,7.056705474853516,Ellipse
35.0,53.0,0.6603773832321167,0.8419220447540283,0.7477089166641235,0.9836879372596741,143.8822479248047,1387.0,8.0,8.0,4.0,0.7477089166641235,0.6341005563735962,0.08465576171875,0.758192777633667,0.7587810158729553,2.2997589111328125,6.550967216491699,7.77256441116333,Ellipse
41.0,39.0,0.9512194991111755,0.8774402141571045,0.7338961958885193,0.9840670824050903,129.6396026611328,1173.5,8.0,8.0,4.0,0.7338961958885193,0.7576740384101868,0.071624755859375,0.6370057463645935,0.7835640907287598,2.7590279579162598,7.001157283782959,8.680948257446289,Ellipse
33.0,65.0,0.5076923370361328,0.7151933312416077,0.7279720306396484,0.9765478372573853,165.6396026611328,1561.5,8.0,8.0,4.0,0.7279720306396484,0.45339834690093994,0.095306396484375,0.8909145593643188,0.6765251159667969,1.7213646173477173,6.231251239776611,7.296891212463379,Ellipse
41.0,45.0,0.9111111164093018,0.8766568303108215,0.7523035407066345,0.9809187054634094,141.05381774902344,1388.0,8.0,8.0,4.0,0.7523035407066345,0.8836204409599304,0.084716796875,0.41911837458610535,0.7959679365158081,3.6215598583221436,6.4453277587890625,9.231873512268066,Ellipse
31.0,41.0,0.7560975551605225,0.7377569079399109,0.6026750802993774,0.9720812439918518,114.22539520263672,766.0,8.0,8.0,4.0,0.6026750802993774,0.4876464307308197,0.0467529296875,0.867769181728363,0.6995139122009277,1.8381081819534302,5.827019214630127,7.002715587615967,Ellipse
47.0,55.0,0.8545454740524292,0.5520238280296326,0.4170212745666504,0.9702970385551453,156.65179443359375,1078.0,8.0,5.0,4.0,0.4170212745666504,0.2932787239551544,0.0657958984375,0.9543596506118774,0.5364096164703369,1.2278552055358887,6.76298713684082,7.345305919647217,Ellipse
41.0,33.0,0.8048780560493469,0.8628769516944885,0.7305986881256104,0.9801685810089111,119.98275756835938,988.5,8.0,8.0,5.0,0.7305986881256104,0.7007713913917542,0.060333251953125,0.6987564563751221,0.7749409675598145,2.5488905906677246,7.31689977645874,8.964916229248047,Ellipse
63.0,33.0,0.523809552192688,0.61531001329422,0.5976430773735046,0.9650485515594482,159.2964630126953,1242.5,8.0,6.0,4.0,0.5976430773735046,0.3579164743423462,0.075836181640625,0.932081937789917,0.605181872844696,1.441011667251587,6.527390480041504,7.052322864532471,Ellipse
41.0,33.0,0.8048780560493469,0.8774207234382629,0.7501847743988037,0.9811503291130066,120.56854248046875,1015.0,8.0,8.0,4.0,0.7501847743988037,0.7766379714012146,0.06195068359375,0.5976266860961914,0.7867392897605896,2.8732054233551025,7.182170391082764,9.057300567626953,Ellipse
47.0,38.0,0.8085106611251831,0.7276372313499451,0.6111422181129456,0.974118709564209,137.2964630126953,1091.5,8.0,8.0,4.0,0.6111422181129456,0.46950364112854004,0.066619873046875,0.8788163661956787,0.6905472874641418,1.790403962135315,6.151637554168701,7.3894944190979,Ellipse
51.0,31.0,0.6078431606292725,0.8169429898262024,0.7473118305206299,0.9833541512489319,134.81118774414062,1181.5,8.0,8.0,4.0,0.7473118305206299,0.5828441381454468,0.072113037109375,0.7981063723564148,0.7423778176307678,2.131736993789673,7.624025821685791,9.115504264831543,Ellipse
128.0,128.0,1.0,0.4182904362678528,0.8863525390625,0.9003658294677734,660.5096435546875,14522.0,9.0,7.0,6.0,0.8863525390625,0.5731894373893738,0.8863525390625,0.9755517244338989,0.7171317338943481,3.8093345165252686,4.535709381103516,4.238124370574951,Ellipse
53.0,33.0,0.6226415038108826,0.7442389130592346,0.684962809085846,0.9727973937988281,142.22540283203125,1198.0,8.0,6.0,4.0,0.684962809085846,0.5111695528030396,0.0731201171875,0.852928102016449,0.7114468812942505,1.9067459106445312,6.65398645401001,7.812058448791504,Ellipse
67.0,31.0,0.46268656849861145,0.6397866010665894,0.6677900552749634,0.9753867983818054,165.05381774902344,1387.0,8.0,8.0,4.0,0.6677900552749634,0.37734469771385193,0.08465576171875,0.9246131181716919,0.6195738315582275,1.4909659624099731,6.822617530822754,7.315310001373291,Ellipse
41.0,23.0,0.5609756112098694,0.7894688844680786,0.738070011138916,0.9768421053886414,105.25482940673828,696.0,8.0,6.0,4.0,0.738070011138916,0.5416662096977234,0.04248046875,0.831096351146698,0.7257235050201416,2.000556230545044,6.579492092132568,7.657468318939209,Ellipse
49.0,39.0,0.795918345451355,0.8456969261169434,0.7409732937812805,0.9802699685096741,145.05381774902344,1416.0,8.0,8.0,4.0,0.7409732937812805,0.7042551040649414,0.08642578125,0.6904871463775635,0.7762259840965271,2.573234796524048,6.962648391723633,8.564123153686523,Ellipse
65.0,33.0,0.5076923370361328,0.7132449746131897,0.7055944204330444,0.9748792052268982,163.2964630126953,1513.5,8.0,8.0,4.0,0.7055944204330444,0.45448973774909973,0.092376708984375,0.8839510679244995,0.6837443113327026,1.7559635639190674,7.076162815093994,7.818081855773926,Ellipse
41.0,37.0,0.9024389982223511,0.7693261504173279,0.6489782333374023,0.9771712422370911,126.8111801147461,984.5,8.0,8.0,4.0,0.6489782333374023,0.5347670912742615,0.060089111328125,0.839601457118988,0.7232064008712769,1.9826511144638062,6.376451015472412,7.328636646270752,Ellipse
45.0,41.0,0.9111111164093018,0.8843386173248291,0.7463414669036865,0.9839228391647339,139.8822479248047,1377.0,8.0,8.0,6.0,0.7463414669036865,0.804236650466919,0.08404541015625,0.5654017329216003,0.7900108695030212,3.0228803157806396,7.322608470916748,9.426912307739258,Ellipse
31.0,41.0,0.7560975551605225,0.8229467868804932,0.728560209274292,0.9773086905479431,118.91168975830078,926.0,8.0,8.0,4.0,0.728560209274292,0.6460322141647339,0.0565185546875,0.7378897070884705,0.7643645405769348,2.3738510608673096,7.102423667907715,8.351067543029785,Ellipse
37.0,51.0,0.7254902124404907,0.8601412177085876,0.7448330521583557,0.9828671216964722,143.2964630126953,1405.5,8.0,8.0,4.0,0.7448330521583557,0.6882785558700562,0.085784912109375,0.698355495929718,0.7728715538978577,2.507774829864502,7.728885173797607,9.207871437072754,Ellipse
41.0,55.0,0.7454545497894287,0.854142963886261,0.7536585330963135,0.9843614101409912,158.12489318847656,1699.5,8.0,8.0,4.0,0.7536585330963135,0.7220070362091064,0.103729248046875,0.6688266396522522,0.7787208557128906,2.6274893283843994,7.73670768737793,9.266093254089355,Ellipse
31.0,43.0,0.7209302186965942,0.7143980860710144,0.6020255088806152,0.9639639854431152,118.8111801147461,802.5,8.0,8.0,4.0,0.6020255088806152,0.4695616364479065,0.048980712890625,0.8768900632858276,0.6889500021934509,1.7824970483779907,6.379871368408203,7.07194709777832,Ellipse
37.0,41.0,0.9024389982223511,0.8873233199119568,0.7485167980194092,0.9809935092926025,126.8111801147461,1135.5,8.0,8.0,5.0,0.7485167980194092,0.8668545484542847,0.069305419921875,0.43537473678588867,0.7952026724815369,3.4986517429351807,7.326770782470703,10.078008651733398,Ellipse
47.0,23.0,0.4893617033958435,0.6947474479675293,0.6891766786575317,0.9802631735801697,116.08325958251953,745.0,10.0,8.0,4.0,0.6891766786575317,0.4102749526500702,0.04547119140625,0.9111720323562622,0.6474844813346863,1.596436619758606,6.427641868591309,7.217811107635498,Ellipse
37.0,33.0,0.8918918967247009,0.8693718314170837,0.7330057621002197,0.9824368953704834,113.7401123046875,895.0,8.0,7.0,5.0,0.7330057621002197,0.7556615471839905,0.05462646484375,0.6184136867523193,0.7845197319984436,2.7927944660186768,6.581262111663818,8.38231086730957,Ellipse
47.0,43.0,0.914893627166748,0.8535594940185547,0.7234042286872864,0.9851751923561096,146.71067810058594,1462.0,9.0,8.0,4.0,0.7234042286872864,0.677141547203064,0.0892333984375,0.727582573890686,0.7695127129554749,2.4498510360717773,6.694330215454102,8.220221519470215,Ellipse
33.0,33.0,1.0,0.7766196131706238,0.6345270872116089,0.9705055952072144,105.7401123046875,691.0,8.0,7.0,4.0,0.6345270872116089,0.5224465727806091,0.04217529296875,0.8322274088859558,0.7267306447029114,2.008427619934082,6.640138626098633,7.59376859664917,Ellipse
39.0,51.0,0.7647058963775635,0.8514304161071777,0.7508798241615295,0.9806303381919861,148.46803283691406,1493.5,8.0,8.0,4.0,0.7508798241615295,0.7416413426399231,0.091156005859375,0.6495895981788635,0.7811645865440369,2.6898550987243652,8.189902305603027,9.905076026916504,Ellipse
41.0,39.0,0.9512194991111755,0.8946375846862793,0.7482801675796509,0.9835593700408936,129.6396026611328,1196.5,8.0,8.0,4.0,0.7482801675796509,0.9155145883560181,0.073028564453125,0.3143290579319,0.7973763942718506,4.117834568023682,7.068436145782471,10.289165496826172,Ellipse
55.0,37.0,0.6727272868156433,0.8350990414619446,0.7533169388771057,0.9811199903488159,151.8822479248047,1533.0,8.0,7.0,5.0,0.7533169388771057,0.6512719988822937,0.09356689453125,0.7447893023490906,0.7624738216400146,2.3462111949920654,7.212724208831787,8.458166122436523,Ellipse
36.0,35.0,0.9722222089767456,0.7870530486106873,0.6658729910850525,0.9654775857925415,115.7401123046875,839.0,6.0,6.0,5.0,0.6658729910850525,0.7405875325202942,0.05120849609375,0.25316011905670166,0.7908803820610046,4.4720964431762695,5.263908863067627,7.551729679107666,Pentagone
37.0,38.0,0.9736841917037964,0.7883504033088684,0.6767425537109375,0.9650101661682129,123.15432739257812,951.5,5.0,5.0,5.0,0.6767425537109375,0.7482408285140991,0.058074951171875,0.19937564432621002,0.7908833622932434,4.557229518890381,5.270725727081299,7.4411091804504395,Pentagone
40.0,39.0,0.9750000238418579,0.7910469770431519,0.6756410002708435,0.9652014374732971,129.39697265625,1054.0,6.0,6.0,5.0,0.6756410002708435,0.7600135803222656,0.0643310546875,0.13608138263225555,0.7911028265953064,5.064249038696289,5.410184860229492,7.84516716003418,Pentagone
40.0,39.0,0.9750000238418579,0.7872763872146606,0.6663461327552795,0.9651810526847839,128.81118774414062,1039.5,6.0,5.0,5.0,0.6663461327552795,0.7495579719543457,0.063446044921875,0.19309931993484497,0.7908983826637268,4.557617664337158,5.435330867767334,8.187613487243652,Pentagone
46.0,47.0,0.978723406791687,0.789421021938324,0.6776133179664612,0.9682749509811401,152.71067810058594,1465.0,5.0,5.0,5.0,0.6776133179664612,0.762653648853302,0.08941650390625,0.18872946500778198,0.7911237478256226,6.1143317222595215,5.842627048492432,8.021528244018555,Pentagone
31.0,31.0,1.0,0.8011252284049988,0.7039542198181152,0.962989330291748,103.01219177246094,676.5,5.0,5.0,5.0,0.7039542198181152,0.7721735239028931,0.041290283203125,0.30028530955314636,0.7916229367256165,4.56955099105835,5.5093770027160645,7.529018402099609,Pentagone
46.0,47.0,0.978723406791687,0.7888821363449097,0.6771507859230042,0.9679338932037354,152.71067810058594,1464.0,6.0,5.0,5.0,0.6771507859230042,0.7621333003044128,0.08935546875,0.1912280172109604,0.791037917137146,5.9594950675964355,5.858417987823486,8.179705619812012,Pentagone
43.0,42.0,0.9767441749572754,0.7969351410865784,0.6904761791229248,0.9674165844917297,140.22540283203125,1247.0,5.0,5.0,5.0,0.6904761791229248,0.7674869298934937,0.07611083984375,0.24375222623348236,0.7914527058601379,5.058075428009033,6.841014862060547,7.9590325355529785,Pentagone
35.0,36.0,0.9722222089767456,0.7964339256286621,0.6738095283508301,0.9631310105323792,115.7401123046875,849.0,6.0,6.0,5.0,0.6738095283508301,0.7657375931739807,0.05181884765625,0.13643839955329895,0.7913020253181458,4.926449298858643,6.128716945648193,8.068471908569336,Pentagone
47.0,47.0,1.0,0.8000784516334534,0.6742870211601257,0.9783251285552979,152.9533233642578,1489.5,5.0,5.0,5.0,0.6742870211601257,0.763087272644043,0.090911865234375,0.08949844539165497,0.7909886240959167,4.456629276275635,7.075760364532471,8.057802200317383,Pentagone
39.0,39.0,1.0,0.7936654090881348,0.6801446676254272,0.9663708806037903,127.98275756835938,1034.5,6.0,5.0,5.0,0.6801446676254272,0.7594191431999207,0.063140869140625,0.24452057480812073,0.7913334965705872,4.658377647399902,5.440561771392822,8.000308990478516,Pentagone
31.0,31.0,1.0,0.8061225414276123,0.7003121972084045,0.9634932279586792,102.42640686035156,673.0,5.0,5.0,5.0,0.7003121972084045,0.7830648422241211,0.04107666015625,0.30932366847991943,0.7919396162033081,5.5991363525390625,6.306366443634033,7.512597560882568,Pentagone
40.0,41.0,0.9756097793579102,0.7980325818061829,0.7012194991111755,0.9684210419654846,134.56854248046875,1150.0,5.0,5.0,5.0,0.7012194991111755,0.7710985541343689,0.0701904296875,0.2365122139453888,0.7914084196090698,6.226658821105957,6.344139099121094,7.68480920791626,Pentagone
29.0,30.0,0.9666666388511658,0.7955369353294373,0.6683908104896545,0.9595709443092346,95.84062194824219,581.5,5.0,5.0,5.0,0.6683908104896545,0.7634245157241821,0.035491943359375,0.1781136840581894,0.7913196086883545,5.058353424072266,5.239492416381836,7.966301918029785,Pentagone
37.0,38.0,0.9736841917037964,0.8094122409820557,0.7147937417030334,0.9728944897651672,124.91168975830078,1005.0,5.0,5.0,5.0,0.7147937417030334,0.7810204029083252,0.06134033203125,0.4016423523426056,0.7915846109390259,6.065836429595947,5.502651691436768,7.5935750007629395,Pentagone
48.0,49.0,0.9795918464660645,0.7925428152084351,0.677508533000946,0.9752141833305359,158.9533233642578,1593.5,6.0,5.0,5.0,0.677508533000946,0.7640135884284973,0.097259521484375,0.18841582536697388,0.7909494042396545,4.87357234954834,6.315943717956543,8.019614219665527,Pentagone
35.0,36.0,0.9722222089767456,0.7916831374168396,0.6765872836112976,0.9616469144821167,116.3259048461914,852.5,6.0,5.0,5.0,0.6765872836112976,0.7629604935646057,0.052032470703125,0.18119077384471893,0.7912673950195312,6.382758140563965,5.531057834625244,8.006531715393066,Pentagone
47.0,47.0,1.0,0.8000784516334534,0.6742870211601257,0.9783251285552979,152.9533233642578,1489.5,5.0,5.0,5.0,0.6742870211601257,0.763087272644043,0.090911865234375,0.08949844539165497,0.7909886240959167,4.456629276275635,7.075760364532471,8.057802200317383,Pentagone
33.0,34.0,0.970588207244873,0.7984689474105835,0.686274528503418,0.961298406124115,110.08325958251953,770.0,6.0,6.0,5.0,0.686274528503418,0.7653399109840393,0.0469970703125,0.04301469400525093,0.7910914421081543,4.751620292663574,6.469395637512207,7.413882732391357,Pentagone
46.0,45.0,0.97826087474823,0.7992458939552307,0.70652174949646,0.9733777046203613,151.6396026611328,1462.5,5.0,5.0,5.0,0.70652174949646,0.7716304659843445,0.089263916015625,0.2608012855052948,0.7913942933082581,5.431473731994629,5.7084126472473145,7.654284954071045,Pentagone
48.0,49.0,0.9795918464660645,0.794658899307251,0.6743197441101074,0.9739023447036743,158.36753845214844,1586.0,5.0,5.0,5.0,0.6743197441101074,0.7708797454833984,0.0968017578125,0.23516032099723816,0.7910916209220886,5.2847442626953125,6.455639839172363,8.02861213684082,Pentagone
53.0,52.0,0.9811320900917053,0.7894219756126404,0.6745283007621765,0.9717720746994019,172.02438354492188,1859.0,6.0,5.0,5.0,0.6745283007621765,0.7662733197212219,0.11346435546875,0.2345304638147354,0.7910026907920837,5.310574054718018,6.578597068786621,8.503806114196777,Pentagone
50.0,49.0,0.9800000190734863,0.7967000007629395,0.7020407915115356,0.9742282629013062,164.71067810058594,1720.0,5.0,5.0,5.0,0.7020407915115356,0.7677317261695862,0.10498046875,0.2810358703136444,0.7911356687545776,4.937508583068848,6.408413410186768,7.764482021331787,Pentagone
43.0,43.0,1.0,0.8053296208381653,0.6838831901550293,0.9760710000991821,140.46803283691406,1264.5,5.0,5.0,5.0,0.6838831901550293,0.7769423127174377,0.077178955078125,0.19350430369377136,0.7912830114364624,5.185492992401123,7.094056129455566,7.708615303039551,Pentagone
43.0,43.0,1.0,0.8021342754364014,0.6755002737045288,0.975781261920929,139.8822479248047,1249.0,5.0,5.0,5.0,0.6755002737045288,0.7674186825752258,0.07623291015625,0.13074477016925812,0.7911206483840942,4.588573455810547,6.0678510665893555,7.801100730895996,Pentagone
32.0,31.0,0.96875,0.795759916305542,0.6728830933570862,0.9583632349967957,102.6690444946289,667.5,6.0,5.0,5.0,0.6728830933570862,0.7679958343505859,0.040740966796875,0.18206694722175598,0.7911893725395203,4.875264644622803,6.353065490722656,7.832281589508057,Pentagone
32.0,31.0,0.96875,0.7920604944229126,0.6774193644523621,0.9634408354759216,103.25482940673828,672.0,6.0,6.0,5.0,0.6774193644523621,0.7552183270454407,0.041015625,0.1798497587442398,0.7911344170570374,4.845309257507324,5.425173759460449,7.32718563079834,Pentagone
31.0,31.0,1.0,0.8085181713104248,0.7023933529853821,0.9629101157188416,102.42640686035156,675.0,5.0,5.0,5.0,0.7023933529853821,0.7841014862060547,0.04119873046875,0.317131370306015,0.79156094789505,5.50669527053833,6.261391639709473,7.479889869689941,Pentagone
34.0,33.0,0.970588207244873,0.7928857207298279,0.6742424368858337,0.9618563055992126,109.49747467041016,756.5,6.0,5.0,5.0,0.6742424368858337,0.7617802619934082,0.046173095703125,0.10876280069351196,0.791144073009491,4.81650447845459,5.83902645111084,7.83770751953125,Pentagone
30.0,30.0,1.0,0.8001016974449158,0.6772222518920898,0.9682287573814392,97.84062194824219,609.5,5.0,5.0,5.0,0.6772222518920898,0.7586449980735779,0.037200927734375,0.07304976880550385,0.7915359139442444,5.003067493438721,5.788828372955322,7.345655918121338,Pentagone
42.0,41.0,0.976190447807312,0.7895519733428955,0.6655052304267883,0.9674968123435974,135.05381774902344,1146.0,5.0,5.0,5.0,0.6655052304267883,0.7595837116241455,0.0699462890625,0.14850901067256927,0.7911062240600586,5.780411243438721,5.204285144805908,8.2892427444458,Pentagone
47.0,49.0,0.9591836929321289,0.7985411882400513,0.7001736760139465,0.9722641110420227,159.2964630126953,1612.5,5.0,5.0,5.0,0.7001736760139465,0.7672781348228455,0.098419189453125,0.22916968166828156,0.7913461923599243,4.997865200042725,6.892602920532227,7.943892478942871,Pentagone
42.0,44.0,0.9545454382896423,0.7920227646827698,0.6785714030265808,0.9672194123268127,141.05381774902344,1254.0,5.0,5.0,5.0,0.6785714030265808,0.7610952854156494,0.0765380859375,0.274775892496109,0.7909399271011353,4.5248565673828125,5.687552452087402,8.261054992675781,Pentagone
52.0,51.0,0.9807692170143127,0.794066846370697,0.6868401169776917,0.9725040197372437,169.78173828125,1821.5,6.0,5.0,5.0,0.6868401169776917,0.7680866718292236,0.111175537109375,0.2783248722553253,0.7912594079971313,6.078632354736328,5.534233093261719,8.652676582336426,Pentagone
40.0,39.0,0.9750000238418579,0.7910469770431519,0.6756410002708435,0.9652014374732971,129.39697265625,1054.0,6.0,5.0,5.0,0.6756410002708435,0.7600136995315552,0.0643310546875,0.13608138263225555,0.7911028265953064,5.064249038696289,5.410184860229492,7.84516716003418,Pentagone
34.0,32.0,0.9411764740943909,0.8022015690803528,0.7003676295280457,0.9700827598571777,109.25482940673828,762.0,6.0,5.0,5.0,0.7003676295280457,0.7636125087738037,0.0465087890625,0.23923350870609283,0.7910934686660767,4.810224533081055,5.276402950286865,7.422906398773193,Pentagone
39.0,38.0,0.9743589758872986,0.8001489043235779,0.7010796070098877,0.9678621292114258,127.7401123046875,1039.0,5.0,5.0,5.0,0.7010796070098877,0.7675677537918091,0.06341552734375,0.26790568232536316,0.791528582572937,5.305379867553711,6.909619331359863,7.787634372711182,Pentagone
41.0,42.0,0.976190447807312,0.8055602312088013,0.7087688446044922,0.9748402833938599,137.98275756835938,1220.5,5.0,5.0,5.0,0.7087688446044922,0.7769489884376526,0.074493408203125,0.38998815417289734,0.791454017162323,5.818531036376953,6.427094459533691,7.84474515914917,Pentagone
40.0,38.0,0.949999988079071,0.7959524393081665,0.6888157725334167,0.9672055244445801,128.56854248046875,1047.0,5.0,5.0,5.0,0.6888157725334167,0.7650221586227417,0.06390380859375,0.2227153778076172,0.7910759449005127,4.892250061035156,6.149158954620361,7.6731719970703125,Pentagone
32.0,34.0,0.9411764740943909,0.8022015690803528,0.7003676295280457,0.9700827598571777,109.25482940673828,762.0,6.0,5.0,5.0,0.7003676295280457,0.7636125087738037,0.0465087890625,0.23923350870609283,0.7910934686660767,4.810224533081055,5.276402950286865,7.422906398773193,Pentagone
37.0,36.0,0.9729729890823364,0.8028236627578735,0.7012012004852295,0.9658738374710083,120.91168975830078,934.0,5.0,5.0,5.0,0.7012012004852295,0.7757729291915894,0.0570068359375,0.23747727274894714,0.7914454936981201,5.2470245361328125,5.733346462249756,7.564572334289551,Pentagone
35.0,35.0,1.0,0.8062331080436707,0.6775510311126709,0.9713282585144043,113.7401123046875,830.0,5.0,5.0,5.0,0.6775510311126709,0.779140830039978,0.0506591796875,0.27937009930610657,0.7910826206207275,5.66478967666626,5.858706951141357,7.706600189208984,Pentagone
40.0,41.0,0.9756097793579102,0.798726499080658,0.7018292546272278,0.9688552021980286,134.56854248046875,1151.0,5.0,5.0,5.0,0.7018292546272278,0.7717689275741577,0.07025146484375,0.23576879501342773,0.791522741317749,6.542304039001465,6.205440044403076,7.821442604064941,Pentagone
42.0,44.0,0.9545454382896423,0.7920227646827698,0.6785714030265808,0.9672194123268127,141.05381774902344,1254.0,5.0,5.0,5.0,0.6785714030265808,0.7610952854156494,0.0765380859375,0.274775892496109,0.7909399271011353,4.5248565673828125,5.687552452087402,8.261054992675781,Pentagone
49.0,48.0,0.9795918464660645,0.790436327457428,0.6806972622871399,0.9691283106803894,159.5391082763672,1601.0,5.0,5.0,5.0,0.6806972622871399,0.7619392275810242,0.09771728515625,0.2178148776292801,0.7912124395370483,5.185826778411865,5.60501766204834,8.050670623779297,Pentagone
35.0,36.0,0.9722222089767456,0.7915842533111572,0.6833333373069763,0.9609375,116.91168975830078,861.0,5.0,5.0,5.0,0.6833333373069763,0.7563501596450806,0.05255126953125,0.17990648746490479,0.7909848093986511,4.841100215911865,5.993748188018799,7.430060386657715,Pentagone
44.0,45.0,0.9777777791023254,0.796443521976471,0.6977272629737854,0.969473659992218,147.6396026611328,1381.5,5.0,5.0,5.0,0.6977272629737854,0.7707271575927734,0.084320068359375,0.26186051964759827,0.7913607358932495,5.185520648956299,6.114492893218994,7.575838088989258,Pentagone
40.0,39.0,0.9750000238418579,0.7872763872146606,0.6663461327552795,0.9651810526847839,128.81118774414062,1039.5,6.0,5.0,5.0,0.6663461327552795,0.74955815076828,0.063446044921875,0.19309931993484497,0.7908983826637268,4.557617664337158,5.435330867767334,8.187613487243652,Pentagone
44.0,42.0,0.9545454382896423,0.7907596230506897,0.677489161491394,0.9667953848838806,141.05381774902344,1252.0,5.0,5.0,5.0,0.677489161491394,0.7598816752433777,0.076416015625,0.2767565846443176,0.7908515930175781,4.467838287353516,5.632027626037598,8.219403266906738,Pentagone
39.0,39.0,1.0,0.804490864276886,0.6768573522567749,0.9749053120613098,126.8111801147461,1029.5,5.0,5.0,5.0,0.6768573522567749,0.7724274396896362,0.062835693359375,0.13600437343120575,0.7913407683372498,5.0552592277526855,6.107057571411133,7.706981658935547,Pentagone
53.0,52.0,0.9811320900917053,0.7873437404632568,0.6681784987449646,0.971767783164978,171.4385986328125,1841.5,6.0,5.0,5.0,0.6681784987449646,0.7590598464012146,0.112396240234375,0.14279092848300934,0.7909775972366333,5.273986339569092,5.7641096115112305,10.039039611816406,Pentagone
37.0,36.0,0.9729729890823364,0.8028236627578735,0.7012012004852295,0.9658738374710083,120.91168975830078,934.0,5.0,5.0,5.0,0.7012012004852295,0.775772750377655,0.0570068359375,0.23747727274894714,0.7914454936981201,5.2470245361328125,5.733346462249756,7.564572334289551,Pentagone
35.0,36.0,0.9722222089767456,0.7870530486106873,0.6658729910850525,0.9665898680686951,115.7401123046875,839.0,6.0,5.0,5.0,0.6658729910850525,0.7534539699554443,0.05120849609375,0.23478925228118896,0.7908761501312256,4.814587593078613,5.378653049468994,8.594319343566895,Pentagone
32.0,31.0,0.96875,0.795759916305542,0.6728830933570862,0.9583632349967957,102.6690444946289,667.5,6.0,6.0,5.0,0.6728830933570862,0.7679956555366516,0.040740966796875,0.18206694722175598,0.7911893725395203,4.875264644622803,6.353065490722656,7.832281589508057,Pentagone
44.0,42.0,0.9545454382896423,0.7907596230506897,0.677489161491394,0.9667953848838806,141.05381774902344,1252.0,6.0,5.0,5.0,0.677489161491394,0.7598816752433777,0.076416015625,0.2767565846443176,0.7908515930175781,4.467838287353516,5.632027626037598,8.219403266906738,Pentagone
34.0,34.0,1.0,0.7934119701385498,0.6647923588752747,0.9697160720825195,110.3259048461914,768.5,5.0,5.0,5.0,0.6647923588752747,0.7420483231544495,0.046905517578125,0.24029585719108582,0.79106605052948,4.240264415740967,6.01287317276001,7.648332118988037,Pentagone
31.0,32.0,0.96875,0.8000476956367493,0.6920362710952759,0.9621583819389343,103.84062194824219,686.5,6.0,5.0,5.0,0.6920362710952759,0.7660821676254272,0.041900634765625,0.1759607344865799,0.7910839319229126,4.960155963897705,5.689553737640381,7.360766410827637,Pentagone
34.0,32.0,0.9411764740943909,0.8022015690803528,0.7003676295280457,0.9700827598571777,109.25482940673828,762.0,6.0,5.0,5.0,0.7003676295280457,0.7636122107505798,0.0465087890625,0.23923350870609283,0.7910934686660767,4.810224533081055,5.276402950286865,7.422906398773193,Pentagone
35.0,35.0,1.0,0.8062331080436707,0.6775510311126709,0.9713282585144043,113.7401123046875,830.0,5.0,5.0,5.0,0.6775510311126709,0.7791409492492676,0.0506591796875,0.27937009930610657,0.7910826206207275,5.66478967666626,5.858706951141357,7.706600189208984,Pentagone
43.0,43.0,1.0,0.788770854473114,0.6698215007781982,0.9660686254501343,140.46803283691406,1238.5,6.0,5.0,5.0,0.6698215007781982,0.7589735388755798,0.075592041015625,0.15841718018054962,0.7909746170043945,4.9807891845703125,6.111145973205566,7.962502956390381,Pentagone
30.0,29.0,0.9666666388511658,0.8014429211616516,0.6816092133522034,0.9587712287902832,96.42640686035156,593.0,6.0,5.0,5.0,0.6816092133522034,0.7742506861686707,0.03619384765625,0.2525328993797302,0.7912187576293945,4.990823745727539,5.870411396026611,7.3957743644714355,Pentagone
50.0,51.0,0.9803921580314636,0.7895572781562805,0.6676470637321472,0.9739702343940735,164.61016845703125,1702.5,6.0,5.0,5.0,0.6676470637321472,0.7617281675338745,0.103912353515625,0.20913954079151154,0.7909150123596191,5.632776260375977,6.010605335235596,8.48227310180664,Pentagone
45.0,47.0,0.957446813583374,0.7958771586418152,0.6907801628112793,0.9727030396461487,151.8822479248047,1461.0,5.0,5.0,5.0,0.6907801628112793,0.763477623462677,0.08917236328125,0.22081628441810608,0.791287362575531,4.963938236236572,5.906198501586914,8.477577209472656,Pentagone
52.0,50.0,0.9615384340286255,0.8004946708679199,0.704230785369873,0.9778371453285217,169.5391082763672,1831.0,5.0,5.0,5.0,0.704230785369873,0.7748902440071106,0.11175537109375,0.33211958408355713,0.791292667388916,5.870193004608154,6.312615394592285,8.465187072753906,Pentagone
32.0,31.0,0.96875,0.7981442213058472,0.6748992204666138,0.9591690301895142,102.6690444946289,669.5,5.0,5.0,5.0,0.6748992204666138,0.7702963948249817,0.040863037109375,0.19741939008235931,0.7913145422935486,5.064017295837402,6.304157257080078,7.961770534515381,Pentagone
53.0,52.0,0.9811320900917053,0.7868741154670715,0.6723512411117554,0.9711740016937256,172.02438354492188,1853.0,6.0,5.0,5.0,0.6723512411117554,0.7552497386932373,0.11309814453125,0.16356101632118225,0.7909027338027954,4.675381660461426,7.009679317474365,8.458878517150879,Pentagone
34.0,35.0,0.9714285731315613,0.8043186664581299,0.6928571462631226,0.966022253036499,113.49747467041016,824.5,5.0,5.0,5.0,0.6928571462631226,0.7780799269676208,0.050323486328125,0.22074481844902039,0.7914839386940002,4.748154640197754,6.177656650543213,7.922914505004883,Pentagone
30.0,30.0,1.0,0.8001016974449158,0.6772222518920898,0.9682287573814392,97.84062194824219,609.5,5.0,5.0,5.0,0.6772222518920898,0.7586449980735779,0.037200927734375,0.07304976880550385,0.7915359139442444,5.003067493438721,5.788828372955322,7.345655918121338,Pentagone
45.0,46.0,0.97826087474823,0.804080069065094,0.7053139805793762,0.9769153594970703,151.05381774902344,1460.0,5.0,5.0,5.0,0.7053139805793762,0.7776272296905518,0.089111328125,0.3752032518386841,0.791537344455719,5.312230110168457,6.4104323387146,8.370139122009277,Pentagone
38.0,37.0,0.9736841917037964,0.7934321165084839,0.6682077050209045,0.9690561890602112,121.98275756835938,939.5,6.0,6.0,5.0,0.6682077050209045,0.7564660310745239,0.057342529296875,0.15848542749881744,0.7910362482070923,4.74124813079834,5.42619514465332,7.660101890563965,Pentagone
29.0,30.0,0.9666666388511658,0.7964667677879333,0.6856321692466736,0.9597747325897217,97.01219177246094,596.5,6.0,5.0,5.0,0.6856321692466736,0.7626318335533142,0.036407470703125,0.20734812319278717,0.7912237644195557,5.3414740562438965,6.172478675842285,7.576948165893555,Pentagone
40.0,38.0,0.949999988079071,0.7959524393081665,0.6888157725334167,0.9672055244445801,128.56854248046875,1047.0,5.0,5.0,5.0,0.6888157725334167,0.7650221586227417,0.06390380859375,0.2227153778076172,0.7910759449005127,4.892250061035156,6.149158954620361,7.6731719970703125,Pentagone
52.0,53.0,0.9811320900917053,0.7885015606880188,0.6783381700515747,0.9711688160896301,172.61016845703125,1869.5,5.0,5.0,5.0,0.6783381700515747,0.7684566378593445,0.114105224609375,0.23470938205718994,0.791117250919342,5.775508880615234,6.5757856369018555,8.278175354003906,Pentagone
35.0,36.0,0.9722222089767456,0.8039385676383972,0.6801587343215942,0.9683615565299988,115.7401123046875,857.0,5.0,5.0,5.0,0.6801587343215942,0.7696183323860168,0.05230712890625,0.1893804371356964,0.7912545204162598,4.726418972015381,5.760934829711914,7.520239353179932,Pentagone
49.0,50.0,0.9800000190734863,0.797163188457489,0.7024489641189575,0.9745186567306519,164.71067810058594,1721.0,5.0,5.0,5.0,0.7024489641189575,0.7681780457496643,0.10504150390625,0.28196975588798523,0.7912123799324036,4.940713405609131,6.333742618560791,7.867408275604248,Pentagone
43.0,45.0,0.9555555582046509,0.7965474724769592,0.6948320269584656,0.9704077839851379,145.6396026611328,1344.5,5.0,5.0,5.0,0.6948320269584656,0.7669107913970947,0.082061767578125,0.13788850605487823,0.7912195324897766,4.681202411651611,6.4059247970581055,8.29065990447998,Pentagone
45.0,43.0,0.9555555582046509,0.7971399426460266,0.695348858833313,0.9707792401313782,145.6396026611328,1345.5,5.0,5.0,5.0,0.695348858833313,0.7674812078475952,0.082122802734375,0.14076659083366394,0.7913246750831604,4.713963985443115,6.275672912597656,8.559639930725098,Pentagone
53.0,52.0,0.9811320900917053,0.7911205887794495,0.6759796738624573,0.9723381996154785,172.02438354492188,1863.0,6.0,5.0,5.0,0.6759796738624573,0.7679221034049988,0.11370849609375,0.24161387979984283,0.7910488247871399,5.173220157623291,6.400722980499268,8.496840476989746,Pentagone
42.0,43.0,0.9767441749572754,0.7962960600852966,0.6899224519729614,0.9670159220695496,140.22540283203125,1246.0,5.0,5.0,5.0,0.6899224519729614,0.766871452331543,0.0760498046875,0.24873805046081543,0.7913565635681152,5.077948570251465,6.963041305541992,7.966300964355469,Pentagone
47.0,47.0,1.0,0.7871869206428528,0.6634223461151123,0.9773257970809937,152.9533233642578,1465.5,5.0,5.0,5.0,0.6634223461151123,0.7507919073104858,0.089447021484375,0.16703040897846222,0.7909879088401794,5.185415744781494,6.5115647315979,8.431341171264648,Pentagone
47.0,49.0,0.9591836929321289,0.7985411882400513,0.7001736760139465,0.9722641110420227,159.2964630126953,1612.5,5.0,5.0,5.0,0.7001736760139465,0.7672781348228455,0.098419189453125,0.22916968166828156,0.7913461923599243,4.997865200042725,6.892602920532227,7.943892478942871,Pentagone
41.0,40.0,0.9756097793579102,0.798726499080658,0.7018292546272278,0.9688552021980286,134.56854248046875,1151.0,5.0,5.0,5.0,0.7018292546272278,0.7717690467834473,0.07025146484375,0.23576879501342773,0.791522741317749,6.542304039001465,6.205440044403076,7.821442604064941,Pentagone
42.0,43.0,0.9767441749572754,0.7969351410865784,0.6904761791229248,0.9674165844917297,140.22540283203125,1247.0,5.0,5.0,5.0,0.6904761791229248,0.7674870491027832,0.07611083984375,0.24375222623348236,0.7914527058601379,5.058075428009033,6.841014862060547,7.9590325355529785,Pentagone
37.0,38.0,0.9736841917037964,0.7934321165084839,0.6682077050209045,0.9690561890602112,121.98275756835938,939.5,6.0,6.0,5.0,0.6682077050209045,0.7564656138420105,0.057342529296875,0.15848542749881744,0.7910362482070923,4.74124813079834,5.42619514465332,7.660101890563965,Pentagone
47.0,47.0,1.0,0.7871869206428528,0.6634223461151123,0.9773257970809937,152.9533233642578,1465.5,5.0,5.0,5.0,0.6634223461151123,0.7507917881011963,0.089447021484375,0.16703040897846222,0.7909879088401794,5.185415744781494,6.5115647315979,8.431341171264648,Pentagone
32.0,34.0,0.9411764740943909,0.8064126372337341,0.7040441036224365,0.9708491563796997,109.25482940673828,766.0,5.0,5.0,5.0,0.7040441036224365,0.7706701159477234,0.0467529296875,0.2464321106672287,0.7917577624320984,4.550789833068848,5.777730941772461,8.30456829071045,Pentagone
49.0,47.0,0.9591836929321289,0.7980459928512573,0.6997394561767578,0.9719541668891907,159.2964630126953,1611.5,5.0,5.0,5.0,0.6997394561767578,0.7668024301528931,0.098358154296875,0.2305067628622055,0.791266143321991,4.9831061363220215,6.726176738739014,8.072712898254395,Pentagone
53.0,52.0,0.9811320900917053,0.7880797982215881,0.6779752969741821,0.9709015488624573,172.61016845703125,1868.5,6.0,5.0,5.0,0.6779752969741821,0.7680453658103943,0.114044189453125,0.23794633150100708,0.7910500168800354,5.810410976409912,6.572641849517822,8.238421440124512,Pentagone
34.0,35.0,0.9714285731315613,0.8013903498649597,0.6974790096282959,0.9656777381896973,114.08325958251953,830.0,5.0,5.0,5.0,0.6974790096282959,0.7727198600769043,0.0506591796875,0.21226496994495392,0.7916777729988098,5.507121562957764,6.440396308898926,7.9152679443359375,Pentagone
49.0,51.0,0.9607843160629272,0.7925878167152405,0.6818727254867554,0.9709401726722717,164.36753845214844,1704.0,5.0,5.0,5.0,0.6818727254867554,0.7625948786735535,0.10400390625,0.18543653190135956,0.7911782264709473,4.789330005645752,6.128626823425293,9.413956642150879,Pentagone
31.0,31.0,1.0,0.8034936785697937,0.7060353755950928,0.9630944132804871,103.01219177246094,678.5,5.0,5.0,5.0,0.7060353755950928,0.7744563817977905,0.041412353515625,0.27840766310691833,0.7917865514755249,5.285178184509277,5.572930812835693,7.428500175476074,Pentagone
35.0,36.0,0.9722222089767456,0.7925036549568176,0.6841269731521606,0.9615170359611511,116.91168975830078,862.0,5.0,5.0,5.0,0.6841269731521606,0.757228434085846,0.0526123046875,0.17451784014701843,0.7911362051963806,4.848073482513428,5.918181419372559,7.518402576446533,Pentagone
47.0,45.0,0.957446813583374,0.7958771586418152,0.6907801628112793,0.9727030396461487,151.8822479248047,1461.0,5.0,5.0,5.0,0.6907801628112793,0.7634777426719666,0.08917236328125,0.22081628441810608,0.791287362575531,4.963938236236572,5.906198501586914,8.477577209472656,Pentagone
41.0,40.0,0.9756097793579102,0.7980325818061829,0.7012194991111755,0.9684210419654846,134.56854248046875,1150.0,5.0,5.0,5.0,0.7012194991111755,0.7710984349250793,0.0701904296875,0.2365122139453888,0.7914084196090698,6.226658821105957,6.344139099121094,7.68480920791626,Pentagone
42.0,42.0,1.0,0.8077289462089539,0.7080498933792114,0.9746391177177429,139.39697265625,1249.0,5.0,5.0,5.0,0.7080498933792114,0.7685120701789856,0.07623291015625,0.44561395049095154,0.7913317680358887,4.6905670166015625,6.1369853019714355,7.96554708480835,Pentagone
47.0,49.0,0.9591836929321289,0.7975507378578186,0.6993052363395691,0.9716440439224243,159.2964630126953,1610.5,5.0,5.0,5.0,0.6993052363395691,0.7663264870643616,0.098297119140625,0.23415325582027435,0.7911954522132874,5.022359848022461,6.788306713104248,8.084006309509277,Pentagone
46.0,47.0,0.978723406791687,0.7888821363449097,0.6771507859230042,0.9679338932037354,152.71067810058594,1464.0,6.0,5.0,5.0,0.6771507859230042,0.7621333003044128,0.08935546875,0.1912280172109604,0.791037917137146,5.9594950675964355,5.858417987823486,8.179705619812012,Pentagone
39.0,39.0,1.0,0.7888621091842651,0.6637080907821655,0.9734811782836914,126.8111801147461,1009.5,5.0,5.0,5.0,0.6637080907821655,0.7574215531349182,0.061614990234375,0.24605754017829895,0.7910042405128479,5.635882377624512,5.449904441833496,8.2532320022583,Pentagone
47.0,45.0,0.957446813583374,0.7991456389427185,0.693617045879364,0.9731343388557434,151.8822479248047,1467.0,5.0,5.0,5.0,0.693617045879364,0.7666130661964417,0.08953857421875,0.21867431700229645,0.7913007140159607,5.029555797576904,6.054000377655029,8.477995872497559,Pentagone
49.0,47.0,0.9591836929321289,0.7980459928512573,0.6997394561767578,0.9719541668891907,159.2964630126953,1611.5,5.0,5.0,5.0,0.6997394561767578,0.7668023109436035,0.098358154296875,0.23268525302410126,0.7912752032279968,5.036246299743652,6.933505535125732,7.959781169891357,Pentagone
36.0,35.0,0.9722222089767456,0.7870530486106873,0.6658729910850525,0.9665898680686951,115.7401123046875,839.0,6.0,6.0,5.0,0.6658729910850525,0.75345379114151,0.05120849609375,0.245623379945755,0.7908398509025574,4.731088161468506,5.387889862060547,8.006906509399414,Pentagone
43.0,42.0,0.9767441749572754,0.7962960600852966,0.6899224519729614,0.9670159220695496,140.22540283203125,1246.0,5.0,5.0,5.0,0.6899224519729614,0.7668715715408325,0.0760498046875,0.24873805046081543,0.7913565635681152,5.077948570251465,6.963041305541992,7.966300964355469,Pentagone
32.0,30.0,0.9375,0.8073203563690186,0.7020833492279053,0.9697842001914978,102.42640686035156,674.0,5.0,5.0,5.0,0.7020833492279053,0.7655478119850159,0.0411376953125,0.26914355158805847,0.7917295098304749,4.395805835723877,5.983356475830078,8.032333374023438,Pentagone
45.0,44.0,0.9777777791023254,0.7947139739990234,0.696212112903595,0.9690685272216797,147.6396026611328,1378.5,5.0,5.0,5.0,0.696212112903595,0.76905357837677,0.084136962890625,0.24419629573822021,0.7913287281990051,5.094531536102295,5.960011959075928,7.593510150909424,Pentagone
45.0,44.0,0.9777777791023254,0.799277663230896,0.6891413927078247,0.9697939157485962,146.46803283691406,1364.5,6.0,5.0,5.0,0.6891413927078247,0.7759315371513367,0.083282470703125,0.29192686080932617,0.7914960384368896,5.590468406677246,7.662742614746094,8.4236421585083,Pentagone
49.0,50.0,0.9800000190734863,0.7984318733215332,0.6985714435577393,0.9743808507919312,164.12489318847656,1711.5,5.0,5.0,5.0,0.6985714435577393,0.7722887396812439,0.104461669921875,0.29197952151298523,0.7913221716880798,5.686862945556641,6.011655330657959,8.083406448364258,Pentagone
46.0,46.0,1.0,0.8051378726959229,0.6984876990318298,0.9765444397926331,151.8822479248047,1478.0,5.0,5.0,5.0,0.6984876990318298,0.7614548802375793,0.0902099609375,0.45565393567085266,0.7911126017570496,4.560117244720459,5.799577236175537,9.320586204528809,Pentagone
37.0,38.0,0.9736841917037964,0.790007472038269,0.6781650185585022,0.965080976486206,123.15432739257812,953.5,6.0,5.0,5.0,0.6781650185585022,0.749813437461853,0.058197021484375,0.17216156423091888,0.7908385396003723,4.718954563140869,5.184300422668457,7.530671119689941,Pentagone
43.0,43.0,1.0,0.7913183569908142,0.671984851360321,0.9748921394348145,140.46803283691406,1242.5,5.0,5.0,5.0,0.671984851360321,0.7634249329566956,0.075836181640625,0.2761121094226837,0.7910342812538147,5.932934284210205,6.348117351531982,8.063433647155762,Pentagone
45.0,45.0,1.0,0.7914707064628601,0.6748148202896118,0.9715605974197388,147.2964630126953,1366.5,5.0,5.0,5.0,0.6748148202896118,0.762849748134613,0.083404541015625,0.14125922322273254,0.7909934520721436,6.241684913635254,5.632466793060303,7.916579246520996,Pentagone
47.0,45.0,0.957446813583374,0.7958771586418152,0.6907801628112793,0.9727030396461487,151.8822479248047,1461.0,5.0,5.0,5.0,0.6907801628112793,0.7634777426719666,0.08917236328125,0.22081628441810608,0.791287362575531,4.963938236236572,5.906198501586914,8.477577209472656,Pentagone
35.0,36.0,0.9722222089767456,0.7870530486106873,0.6658729910850525,0.9665898680686951,115.7401123046875,839.0,6.0,5.0,5.0,0.6658729910850525,0.7534536719322205,0.05120849609375,0.23478925228118896,0.7908761501312256,4.814587593078613,5.378653049468994,8.594319343566895,Pentagone
35.0,36.0,0.9722222089767456,0.7964339256286621,0.6738095283508301,0.9669703841209412,115.7401123046875,849.0,6.0,6.0,5.0,0.6738095283508301,0.7494143843650818,0.05181884765625,0.2884933352470398,0.7910334467887878,4.234465599060059,5.415322303771973,7.406074523925781,Pentagone
49.0,48.0,0.9795918464660645,0.7925428152084351,0.677508533000946,0.9752141833305359,158.9533233642578,1593.5,5.0,5.0,5.0,0.677508533000946,0.7640133500099182,0.097259521484375,0.18841582536697388,0.7909494042396545,4.87357234954834,6.315943717956543,8.019614219665527,Pentagone
37.0,37.0,1.0,0.797026515007019,0.6734842658042908,0.9669638276100159,120.56854248046875,922.0,6.0,6.0,5.0,0.6734842658042908,0.7720385789871216,0.0562744140625,0.212136372923851,0.7911554574966431,8.0388765335083,5.94432258605957,7.885831356048584,Pentagone
42.0,44.0,0.9545454382896423,0.7920227646827698,0.6785714030265808,0.9672194123268127,141.05381774902344,1254.0,5.0,5.0,5.0,0.6785714030265808,0.7610952854156494,0.0765380859375,0.274775892496109,0.7909399271011353,4.5248565673828125,5.687552452087402,8.261054992675781,Pentagone
41.0,41.0,1.0,0.7955082058906555,0.6844140291213989,0.9668067097663879,134.81118774414062,1150.5,5.0,5.0,5.0,0.6844140291213989,0.771658718585968,0.070220947265625,0.26796871423721313,0.7912079095840454,5.426726818084717,5.998973846435547,7.777604103088379,Pentagone
50.0,52.0,0.9615384340286255,0.799550473690033,0.7082692384719849,0.9790005087852478,170.12489318847656,1841.5,5.0,5.0,5.0,0.7082692384719849,0.7697054743766785,0.112396240234375,0.327273964881897,0.7913629412651062,5.862811088562012,7.113204479217529,7.887393951416016,Pentagone
39.0,39.0,1.0,0.7888621091842651,0.6637080907821655,0.9734811782836914,126.8111801147461,1009.5,5.0,5.0,5.0,0.6637080907821655,0.7574215531349182,0.061614990234375,0.24605754017829895,0.7910042405128479,5.635882377624512,5.449904441833496,8.2532320022583,Pentagone
53.0,52.0,0.9811320900917053,0.7894219756126404,0.6745283007621765,0.9717720746994019,172.02438354492188,1859.0,5.0,5.0,5.0,0.6745283007621765,0.7662733197212219,0.11346435546875,0.2345304638147354,0.7910026907920837,5.310574054718018,6.578597068786621,8.503806114196777,Pentagone
42.0,44.0,0.9545454382896423,0.7926543951034546,0.6791125535964966,0.9676175713539124,141.05381774902344,1255.0,5.0,5.0,5.0,0.6791125535964966,0.7612472772598267,0.07659912109375,0.192277193069458,0.7908803224563599,4.89848518371582,5.9005961418151855,7.795513153076172,Pentagone
48.0,49.0,0.9795918464660645,0.7909300327301025,0.6811224222183228,0.9700272679328918,159.5391082763672,1602.0,5.0,5.0,5.0,0.6811224222183228,0.7667136192321777,0.0977783203125,0.19566166400909424,0.7911220192909241,5.827548980712891,7.387172698974609,7.966450214385986,Pentagone
39.0,39.0,1.0,0.8029165863990784,0.6817883253097534,0.9714285731315613,127.39697265625,1037.0,5.0,5.0,5.0,0.6817883253097534,0.7780545949935913,0.06329345703125,0.17020338773727417,0.7910671830177307,5.27787971496582,5.349215984344482,7.789510726928711,Pentagone
34.0,35.0,0.9714285731315613,0.8013903498649597,0.6974790096282959,0.9656777381896973,114.08325958251953,830.0,5.0,5.0,5.0,0.6974790096282959,0.7727198600769043,0.0506591796875,0.2104402780532837,0.7916637063026428,5.434988498687744,6.393980503082275,7.621419429779053,Pentagone
39.0,38.0,0.9743589758872986,0.8001489043235779,0.7010796070098877,0.9678621292114258,127.7401123046875,1039.0,5.0,5.0,5.0,0.7010796070098877,0.7675678730010986,0.06341552734375,0.26790568232536316,0.791528582572937,5.305379867553711,6.909619331359863,7.787634372711182,Pentagone
34.0,33.0,0.970588207244873,0.7984689474105835,0.686274528503418,0.961298406124115,110.08325958251953,770.0,6.0,6.0,5.0,0.686274528503418,0.765340268611908,0.0469970703125,0.04301469400525093,0.7910914421081543,4.751620292663574,6.469395637512207,7.413882732391357,Pentagone
45.0,43.0,0.9555555582046509,0.7965474724769592,0.6948320269584656,0.9704077839851379,145.6396026611328,1344.5,5.0,5.0,5.0,0.6948320269584656,0.7669105529785156,0.082061767578125,0.13788850605487823,0.7912195324897766,4.681202411651611,6.4059247970581055,8.29065990447998,Pentagone
37.0,36.0,0.9729729890823364,0.8032820224761963,0.6948198080062866,0.9675901532173157,120.3259048461914,925.5,5.0,5.0,5.0,0.6948198080062866,0.7724395990371704,0.056488037109375,0.263998806476593,0.791607677936554,5.552094459533691,6.1164655685424805,8.047794342041016,Pentagone
43.0,44.0,0.9772727489471436,0.8032902479171753,0.7085095047950745,0.9756186604499817,144.81118774414062,1340.5,5.0,5.0,5.0,0.7085095047950745,0.7701677680015564,0.081817626953125,0.387768417596817,0.7913707494735718,4.8529486656188965,7.116021156311035,7.987034797668457,Pentagone
41.0,41.0,1.0,0.7975556254386902,0.674301028251648,0.9750537872314453,133.6396026611328,1133.5,5.0,5.0,5.0,0.674301028251648,0.7652573585510254,0.069183349609375,0.21512028574943542,0.791184663772583,5.485851287841797,5.937215805053711,7.9092793464660645,Pentagone
48.0,46.0,0.9583333134651184,0.7875803709030151,0.6845561861991882,0.969842791557312,155.2964630126953,1511.5,5.0,5.0,5.0,0.6845561861991882,0.758634090423584,0.092254638671875,0.12513688206672668,0.7910728454589844,5.2260823249816895,5.884760856628418,8.013099670410156,Pentagone
50.0,51.0,0.9803921580314636,0.7884963154792786,0.6762745380401611,0.9710022807121277,165.78173828125,1724.5,5.0,5.0,5.0,0.6762745380401611,0.7594670653343201,0.105255126953125,0.15191000699996948,0.7910454869270325,5.2233710289001465,6.257667541503906,7.946017265319824,Pentagone
45.0,47.0,0.957446813583374,0.7980561256408691,0.6926714181900024,0.970841646194458,151.8822479248047,1465.0,5.0,5.0,5.0,0.6926714181900024,0.7655677199363708,0.08941650390625,0.2765653431415558,0.7912834286689758,4.852339744567871,6.501884937286377,8.644631385803223,Pentagone
34.0,32.0,0.9411764740943909,0.8053598403930664,0.703125,0.9701966047286987,109.25482940673828,765.0,5.0,5.0,5.0,0.703125,0.7696636915206909,0.04669189453125,0.25645485520362854,0.7916072010993958,4.586767196655273,5.658000946044922,8.408976554870605,Pentagone
38.0,40.0,0.949999988079071,0.7959524393081665,0.6888157725334167,0.9672055244445801,128.56854248046875,1047.0,5.0,5.0,5.0,0.6888157725334167,0.7650218605995178,0.06390380859375,0.2227153778076172,0.7910759449005127,4.892250061035156,6.149158954620361,7.6731719970703125,Pentagone
48.0,46.0,0.9583333134651184,0.7875803709030151,0.6845561861991882,0.969842791557312,155.2964630126953,1511.5,5.0,5.0,5.0,0.6845561861991882,0.758634090423584,0.092254638671875,0.12513688206672668,0.7910728454589844,5.2260823249816895,5.884760856628418,8.013099670410156,Pentagone
45.0,44.0,0.9777777791023254,0.7947139739990234,0.696212112903595,0.9690685272216797,147.6396026611328,1378.5,5.0,5.0,5.0,0.696212112903595,0.7690536975860596,0.084136962890625,0.24419629573822021,0.7913287281990051,5.094531536102295,5.960011959075928,7.593510150909424,Pentagone
38.0,39.0,0.9743589758872986,0.7970457077026367,0.6919702887535095,0.9669967293739319,127.15432739257812,1025.5,5.0,5.0,5.0,0.6919702887535095,0.7698974013328552,0.062591552734375,0.24775154888629913,0.7913882732391357,4.890256881713867,5.636809825897217,8.457021713256836,Pentagone
48.0,49.0,0.9795918464660645,0.790436327457428,0.6806972622871399,0.9691283106803894,159.5391082763672,1601.0,5.0,5.0,5.0,0.6806972622871399,0.7619393467903137,0.09771728515625,0.2178148776292801,0.7912124395370483,5.185826778411865,5.60501766204834,8.050670623779297,Pentagone
45.0,44.0,0.9777777791023254,0.799277663230896,0.6891413927078247,0.9697939157485962,146.46803283691406,1364.5,6.0,5.0,5.0,0.6891413927078247,0.7759315371513367,0.083282470703125,0.29192686080932617,0.7914960384368896,5.590468406677246,7.662742614746094,8.4236421585083,Pentagone
35.0,36.0,0.9722222089767456,0.7916831374168396,0.6765872836112976,0.9616469144821167,116.3259048461914,852.5,5.0,5.0,5.0,0.6765872836112976,0.7629604935646057,0.052032470703125,0.18119077384471893,0.7912673950195312,6.382758140563965,5.531057834625244,8.006531715393066,Pentagone
47.0,48.0,0.9791666865348816,0.8005597591400146,0.7039006948471069,0.9727411866188049,157.8822479248047,1588.0,5.0,5.0,5.0,0.7039006948471069,0.7769822478294373,0.096923828125,0.2885429263114929,0.7913064360618591,5.728520393371582,6.118517875671387,7.788760185241699,Pentagone
44.0,46.0,0.95652174949646,0.7912463545799255,0.6803359389305115,0.9690358638763428,147.8822479248047,1377.0,5.0,5.0,5.0,0.6803359389305115,0.758428692817688,0.08404541015625,0.15590104460716248,0.7910324335098267,5.087800025939941,5.679612636566162,7.730161190032959,Pentagone
45.0,47.0,0.957446813583374,0.7958771586418152,0.6907801628112793,0.9727030396461487,151.8822479248047,1461.0,5.0,5.0,5.0,0.6907801628112793,0.763477623462677,0.08917236328125,0.22081628441810608,0.791287362575531,4.963938236236572,5.906198501586914,8.477577209472656,Pentagone
47.0,46.0,0.978723406791687,0.7975038290023804,0.6845513582229614,0.9717662334442139,152.71067810058594,1480.0,6.0,5.0,5.0,0.6845513582229614,0.7715811133384705,0.09033203125,0.2358141541481018,0.7910382151603699,5.089100360870361,6.515968322753906,7.702876091003418,Pentagone
39.0,38.0,0.9743589758872986,0.8001489043235779,0.7010796070098877,0.9678621292114258,127.7401123046875,1039.0,5.0,5.0,5.0,0.7010796070098877,0.7734609246253967,0.06341552734375,0.23311857879161835,0.7914706468582153,5.724514484405518,5.633740425109863,7.611806392669678,Pentagone
34.0,35.0,0.9714285731315613,0.806125283241272,0.7088235020637512,0.9712147116661072,114.6690444946289,843.5,5.0,5.0,5.0,0.7088235020637512,0.7634377479553223,0.051483154296875,0.37811079621315,0.7915529012680054,5.006415843963623,5.445740222930908,7.7179155349731445,Pentagone
30.0,29.0,0.9666666388511658,0.801807701587677,0.6902298927307129,0.9600319862365723,97.01219177246094,600.5,6.0,6.0,5.0,0.6902298927307129,0.7714807987213135,0.036651611328125,0.12865445017814636,0.7913570404052734,5.399618625640869,5.86686372756958,7.1247358322143555,Pentagone
39.0,39.0,1.0,0.7888621091842651,0.6637080907821655,0.9734811782836914,126.8111801147461,1009.5,5.0,5.0,5.0,0.6637080907821655,0.7574216723442078,0.061614990234375,0.24605754017829895,0.7910042405128479,5.635882377624512,5.449904441833496,8.2532320022583,Pentagone
51.0,52.0,0.9807692170143127,0.7936308979988098,0.6864630579948425,0.9722296595573425,169.78173828125,1820.5,5.0,5.0,5.0,0.6864630579948425,0.7676653265953064,0.111114501953125,0.28133314847946167,0.7911896705627441,6.171483516693115,5.532083988189697,8.430061340332031,Pentagone
47.0,45.0,0.957446813583374,0.7991456389427185,0.693617045879364,0.9731343388557434,151.8822479248047,1467.0,5.0,5.0,5.0,0.693617045879364,0.7666130661964417,0.08953857421875,0.21867431700229645,0.7913007140159607,5.029555797576904,6.054000377655029,8.477995872497559,Pentagone
39.0,40.0,0.9750000238418579,0.7902964353561401,0.675000011920929,0.9647274613380432,129.39697265625,1053.0,6.0,5.0,5.0,0.675000011920929,0.7592923641204834,0.06427001953125,0.1378283053636551,0.7909925580024719,5.132126808166504,5.424665927886963,7.720584392547607,Pentagone
36.0,37.0,0.9729729890823364,0.8036832213401794,0.7019519805908203,0.9664082527160645,120.91168975830078,935.0,5.0,5.0,5.0,0.7019519805908203,0.776603639125824,0.05706787109375,0.23580846190452576,0.79160475730896,5.360323429107666,5.838170051574707,7.732215404510498,Pentagone
34.0,34.0,1.0,0.7934119701385498,0.6647923588752747,0.9697160720825195,110.3259048461914,768.5,5.0,5.0,5.0,0.6647923588752747,0.7420482039451599,0.046905517578125,0.24029585719108582,0.79106605052948,4.240264415740967,6.01287317276001,7.648332118988037,Pentagone
37.0,37.0,1.0,0.8021093606948853,0.691015362739563,0.9727506637573242,121.7401123046875,946.0,5.0,5.0,5.0,0.691015362739563,0.7745288610458374,0.0577392578125,0.2979770302772522,0.7913248538970947,5.2081804275512695,6.5897979736328125,7.322727203369141,Pentagone
43.0,44.0,0.9772727489471436,0.8032902479171753,0.7085095047950745,0.9756186604499817,144.81118774414062,1340.5,5.0,5.0,5.0,0.7085095047950745,0.7701676487922668,0.081817626953125,0.387768417596817,0.7913707494735718,4.8529486656188965,7.116021156311035,7.987034797668457,Pentagone
46.0,47.0,0.978723406791687,0.7958872318267822,0.6831637620925903,0.971390962600708,152.71067810058594,1477.0,6.0,5.0,5.0,0.6831637620925903,0.770017147064209,0.09014892578125,0.22240452468395233,0.7909910082817078,4.994782447814941,6.360506534576416,7.672425270080566,Pentagone
39.0,39.0,1.0,0.7888621091842651,0.6637080907821655,0.9734811782836914,126.8111801147461,1009.5,5.0,5.0,5.0,0.6637080907821655,0.7574215531349182,0.061614990234375,0.24605754017829895,0.7910042405128479,5.635882377624512,5.449904441833496,8.2532320022583,Pentagone
45.0,44.0,0.9777777791023254,0.799277663230896,0.6891413927078247,0.9697939157485962,146.46803283691406,1364.5,6.0,5.0,5.0,0.6891413927078247,0.7759315371513367,0.083282470703125,0.29192686080932617,0.7914960384368896,5.590468406677246,7.662742614746094,8.4236421585083,Pentagone
45.0,44.0,0.9777777791023254,0.7936046719551086,0.678787887096405,0.9696969985961914,145.8822479248047,1344.0,6.0,5.0,5.0,0.678787887096405,0.7665497064590454,0.08203125,0.21742048859596252,0.7909911870956421,5.271524906158447,5.557641983032227,8.097466468811035,Pentagone
48.0,47.0,0.9791666865348816,0.7961217761039734,0.6948138475418091,0.9723945260047913,157.2964630126953,1567.5,5.0,5.0,5.0,0.6948138475418091,0.7707307934761047,0.095672607421875,0.29741743206977844,0.7913683652877808,5.499043941497803,6.112405300140381,8.157670021057129,Pentagone
52.0,50.0,0.9615384340286255,0.799550473690033,0.7082692384719849,0.9790005087852478,170.12489318847656,1841.5,5.0,5.0,5.0,0.7082692384719849,0.7697053551673889,0.112396240234375,0.327273964881897,0.7913629412651062,5.862811088562012,7.113204479217529,7.887393951416016,Pentagone
46.0,48.0,0.9583333134651184,0.7870593070983887,0.68410325050354,0.9695122241973877,155.2964630126953,1510.5,5.0,5.0,5.0,0.68410325050354,0.7581319212913513,0.092193603515625,0.1312277466058731,0.7909888029098511,5.285171031951904,5.815453052520752,8.014029502868652,Pentagone
40.0,39.0,0.9750000238418579,0.7910469770431519,0.6756410002708435,0.9652014374732971,129.39697265625,1054.0,6.0,5.0,5.0,0.6756410002708435,0.7600136995315552,0.0643310546875,0.13608138263225555,0.7911028265953064,5.064249038696289,5.410184860229492,7.84516716003418,Pentagone
48.0,50.0,0.9599999785423279,0.7993184924125671,0.7016666531562805,0.9787852168083191,162.71067810058594,1684.0,5.0,5.0,5.0,0.7016666531562805,0.7721381783485413,0.102783203125,0.31923091411590576,0.791374921798706,5.993834972381592,6.139040946960449,8.593205451965332,Pentagone
32.0,31.0,0.96875,0.7981442213058472,0.6748992204666138,0.9591690301895142,102.6690444946289,669.5,6.0,6.0,5.0,0.6748992204666138,0.7702963948249817,0.040863037109375,0.19741939008235931,0.7913145422935486,5.064017295837402,6.304157257080078,7.961770534515381,Pentagone
49.0,48.0,0.9795918464660645,0.794658899307251,0.6743197441101074,0.9739023447036743,158.36753845214844,1586.0,6.0,5.0,5.0,0.6743197441101074,0.7708796262741089,0.0968017578125,0.23516032099723816,0.7910916209220886,5.2847442626953125,6.455639839172363,8.02861213684082,Pentagone
51.0,51.0,1.0,0.7929702401161194,0.6782007217407227,0.9786407947540283,167.19595336914062,1764.0,5.0,5.0,5.0,0.6782007217407227,0.7620174288749695,0.107666015625,0.21408860385417938,0.7911983132362366,7.566415786743164,6.134441375732422,8.015724182128906,Pentagone
42.0,41.0,0.976190447807312,0.7906017899513245,0.6721835136413574,0.9665970802307129,135.6396026611328,1157.5,5.0,5.0,5.0,0.6721835136413574,0.7560820579528809,0.070648193359375,0.14956001937389374,0.7910526990890503,4.8770318031311035,5.313870429992676,7.931007385253906,Pentagone
44.0,42.0,0.9545454382896423,0.7913911938667297,0.6780303120613098,0.966821014881134,141.05381774902344,1253.0,5.0,5.0,5.0,0.6780303120613098,0.7604885697364807,0.07647705078125,0.27264702320098877,0.7908617258071899,4.548518657684326,5.757252216339111,8.46550178527832,Pentagone
53.0,52.0,0.9811320900917053,0.7880797982215881,0.6779752969741821,0.9709015488624573,172.61016845703125,1868.5,5.0,5.0,5.0,0.6779752969741821,0.7680453062057495,0.114044189453125,0.23794633150100708,0.7910500168800354,5.810410976409912,6.572641849517822,8.238421440124512,Pentagone
32.0,32.0,1.0,0.7889376282691956,0.65673828125,0.9690201878547668,103.49747467041016,672.5,5.0,5.0,5.0,0.65673828125,0.7516424059867859,0.041046142578125,0.17636513710021973,0.7909634709358215,5.270296096801758,5.069911479949951,7.906188488006592,Pentagone
30.0,29.0,0.9666666388511658,0.7955369353294373,0.6683908104896545,0.9595709443092346,95.84062194824219,581.5,5.0,5.0,5.0,0.6683908104896545,0.7634242177009583,0.035491943359375,0.1781136840581894,0.7913196086883545,5.058353424072266,5.239492416381836,7.966301918029785,Pentagone
32.0,31.0,0.96875,0.7977168560028076,0.6900201439857483,0.961376428604126,103.84062194824219,684.5,5.0,5.0,5.0,0.6900201439857483,0.7638503313064575,0.041778564453125,0.17967498302459717,0.7910754680633545,5.902299880981445,5.38967227935791,7.237216472625732,Pentagone
36.0,35.0,0.9722222089767456,0.7870530486106873,0.6658729910850525,0.9665898680686951,115.7401123046875,839.0,6.0,6.0,5.0,0.6658729910850525,0.75345379114151,0.05120849609375,0.245623379945755,0.7908398509025574,4.731088161468506,5.387889862060547,8.006906509399414,Pentagone
36.0,35.0,0.9722222089767456,0.7954958081245422,0.6730158925056458,0.9625425934791565,115.7401123046875,848.0,6.0,6.0,5.0,0.6730158925056458,0.7648353576660156,0.0517578125,0.15015748143196106,0.7911699414253235,5.00746488571167,6.0398478507995605,8.274140357971191,Pentagone
29.0,30.0,0.9666666388511658,0.8007867932319641,0.6977011561393738,0.962727963924408,97.59797668457031,607.0,5.0,5.0,5.0,0.6977011561393738,0.7531716227531433,0.03704833984375,0.24215412139892578,0.7914133667945862,4.334717273712158,5.200887680053711,7.376246929168701,Pentagone
46.0,47.0,0.978723406791687,0.789421021938324,0.6776133179664612,0.9682749509811401,152.71067810058594,1465.0,5.0,5.0,5.0,0.6776133179664612,0.762653648853302,0.08941650390625,0.18872946500778198,0.7911237478256226,6.1143317222595215,5.842627048492432,8.021528244018555,Pentagone
35.0,34.0,0.9714285731315613,0.8070809841156006,0.7096638679504395,0.9718066453933716,114.6690444946289,844.5,5.0,5.0,5.0,0.7096638679504395,0.764342725276947,0.051544189453125,0.3746148943901062,0.7916848063468933,4.9209771156311035,5.506248474121094,7.580478668212891,Pentagone
42.0,41.0,0.976190447807312,0.7885527014732361,0.6704413294792175,0.9661087989807129,135.6396026611328,1154.5,5.0,5.0,5.0,0.6704413294792175,0.7541223168373108,0.070465087890625,0.1244758740067482,0.7908968925476074,4.935469150543213,5.276984691619873,7.867136478424072,Pentagone
33.0,34.0,0.970588207244873,0.7891361713409424,0.6782531142234802,0.9608585834503174,110.08325958251953,761.0,6.0,5.0,5.0,0.6782531142234802,0.7504563927650452,0.04644775390625,0.1762184351682663,0.7908929586410522,4.682974815368652,5.180931568145752,7.532334804534912,Pentagone
34.0,33.0,0.970588207244873,0.7939338088035583,0.6751337051391602,0.9606848359107971,109.49747467041016,757.5,6.0,5.0,5.0,0.6751337051391602,0.7627872228622437,0.046234130859375,0.18715490400791168,0.7911537885665894,5.426479339599609,5.251903057098389,7.77568244934082,Pentagone
33.0,33.0,1.0,0.7975717782974243,0.6882460713386536,0.9608974456787109,108.6690444946289,749.5,5.0,5.0,5.0,0.6882460713386536,0.7725561261177063,0.045745849609375,0.28744009137153625,0.7915652990341187,6.9950714111328125,5.65643835067749,7.657466888427734,Pentagone
37.0,36.0,0.9729729890823364,0.8028236627578735,0.7012012004852295,0.9658738374710083,120.91168975830078,934.0,5.0,5.0,5.0,0.7012012004852295,0.775772750377655,0.0570068359375,0.23747727274894714,0.7914454936981201,5.2470245361328125,5.733346462249756,7.564572334289551,Pentagone
37.0,36.0,0.9729729890823364,0.8028236627578735,0.7012012004852295,0.9658738374710083,120.91168975830078,934.0,5.0,5.0,5.0,0.7012012004852295,0.775772750377655,0.0570068359375,0.23747727274894714,0.7914454936981201,5.2470245361328125,5.733346462249756,7.564572334289551,Pentagone
45.0,47.0,0.957446813583374,0.7991456389427185,0.693617045879364,0.9731343388557434,151.8822479248047,1467.0,5.0,5.0,5.0,0.693617045879364,0.7666128277778625,0.08953857421875,0.21867431700229645,0.7913007140159607,5.029555797576904,6.054000377655029,8.477995872497559,Pentagone
44.0,45.0,0.9777777791023254,0.7936046719551086,0.678787887096405,0.9696969985961914,145.8822479248047,1344.0,6.0,5.0,5.0,0.678787887096405,0.7665497064590454,0.08203125,0.21658672392368317,0.7909926176071167,5.426952362060547,5.478952884674072,8.083752632141113,Pentagone
52.0,50.0,0.9615384340286255,0.799550473690033,0.7082692384719849,0.9790005087852478,170.12489318847656,1841.5,5.0,5.0,5.0,0.7082692384719849,0.7697053551673889,0.112396240234375,0.327273964881897,0.7913629412651062,5.862811088562012,7.113204479217529,7.887393951416016,Pentagone
43.0,43.0,1.0,0.7880054116249084,0.6636019349098206,0.9745830297470093,139.8822479248047,1227.0,5.0,5.0,5.0,0.6636019349098206,0.7539014220237732,0.07489013671875,0.202408567070961,0.7909771203994751,5.408194541931152,5.586899280548096,8.216851234436035,Pentagone
31.0,31.0,1.0,0.8061225414276123,0.7003121972084045,0.9634932279586792,102.42640686035156,673.0,5.0,5.0,5.0,0.7003121972084045,0.7830648422241211,0.04107666015625,0.30932366847991943,0.7919396162033081,5.5991363525390625,6.306366443634033,7.512597560882568,Pentagone
37.0,38.0,0.9736841917037964,0.8042941689491272,0.6970127820968628,0.971740186214447,123.7401123046875,980.0,5.0,5.0,5.0,0.6970127820968628,0.7790906429290771,0.059814453125,0.3567352294921875,0.7915670871734619,5.331255912780762,5.660531997680664,8.689335823059082,Pentagone
32.0,32.0,1.0,0.7889376282691956,0.65673828125,0.9690201878547668,103.49747467041016,672.5,5.0,5.0,5.0,0.65673828125,0.7516425848007202,0.041046142578125,0.17636513710021973,0.7909634709358215,5.270296096801758,5.069911479949951,7.906188488006592,Pentagone
44.0,45.0,0.9777777791023254,0.7943618297576904,0.6739898920059204,0.9691358208656311,145.2964630126953,1334.5,5.0,5.0,5.0,0.6739898920059204,0.7682555913925171,0.081451416015625,0.26871153712272644,0.7910730242729187,4.971134185791016,6.143908500671387,8.791563987731934,Pentagone
42.0,42.0,1.0,0.8077289462089539,0.7080498933792114,0.9746391177177429,139.39697265625,1249.0,5.0,5.0,5.0,0.7080498933792114,0.7685120701789856,0.07623291015625,0.44561395049095154,0.7913317680358887,4.6905670166015625,6.1369853019714355,7.96554708480835,Pentagone
41.0,41.0,1.0,0.7948167324066162,0.6838191747665405,0.9663724303245544,134.81118774414062,1149.5,6.0,5.0,5.0,0.6838191747665405,0.7709880471229553,0.070159912109375,0.27026280760765076,0.7911008596420288,5.5036396980285645,6.100647926330566,7.648934364318848,Pentagone
53.0,52.0,0.9811320900917053,0.7911205887794495,0.6759796738624573,0.9723381996154785,172.02438354492188,1863.0,5.0,5.0,5.0,0.6759796738624573,0.7679221034049988,0.11370849609375,0.24161387979984283,0.7910488247871399,5.173220157623291,6.400722980499268,8.496840476989746,Pentagone
31.0,31.0,1.0,0.8034936785697937,0.7060353755950928,0.9630944132804871,103.01219177246094,678.5,6.0,5.0,5.0,0.7060353755950928,0.7744563817977905,0.041412353515625,0.27840766310691833,0.7917865514755249,5.285178184509277,5.572930812835693,7.428500175476074,Pentagone
39.0,39.0,1.0,0.7888621091842651,0.6637080907821655,0.9734811782836914,126.8111801147461,1009.5,5.0,5.0,5.0,0.6637080907821655,0.7574215531349182,0.061614990234375,0.24605754017829895,0.7910042405128479,5.635882377624512,5.449904441833496,8.2532320022583,Pentagone
38.0,40.0,0.949999988079071,0.7959524393081665,0.6888157725334167,0.9672055244445801,128.56854248046875,1047.0,5.0,5.0,5.0,0.6888157725334167,0.7650218605995178,0.06390380859375,0.2227153778076172,0.7910759449005127,4.892250061035156,6.149158954620361,7.6731719970703125,Pentagone
42.0,44.0,0.9545454382896423,0.7901279926300049,0.676948070526123,0.9663962721824646,141.05381774902344,1251.0,5.0,5.0,5.0,0.676948070526123,0.7592747211456299,0.07635498046875,0.2741836905479431,0.7907747030258179,4.490268707275391,5.698456764221191,8.39268970489502,Pentagone
36.0,38.0,0.9473684430122375,0.8002000451087952,0.7032163739204407,0.9717171788215637,122.91168975830078,962.0,5.0,5.0,5.0,0.7032163739204407,0.7647808194160461,0.0587158203125,0.2609894275665283,0.7915010452270508,5.166629314422607,5.052443027496338,8.195881843566895,Pentagone
40.0,40.0,1.0,0.8115476965904236,0.6968749761581421,0.9772129654884338,131.39697265625,1115.0,5.0,5.0,5.0,0.6968749761581421,0.7658905982971191,0.06805419921875,0.44634515047073364,0.7914211750030518,4.730630874633789,5.77903938293457,9.261098861694336,Pentagone
53.0,52.0,0.9811320900917053,0.7880797982215881,0.6779752969741821,0.9709015488624573,172.61016845703125,1868.5,6.0,5.0,5.0,0.6779752969741821,0.7680453658103943,0.114044189453125,0.23887556791305542,0.7910468578338623,5.692204475402832,6.492156505584717,8.431905746459961,Pentagone
49.0,50.0,0.9800000190734863,0.7993649244308472,0.6993877291679382,0.9744099974632263,164.12489318847656,1713.5,5.0,5.0,5.0,0.6993877291679382,0.7731912136077881,0.104583740234375,0.296748548746109,0.7912556529045105,5.7932610511779785,5.872661113739014,7.950383186340332,Pentagone
43.0,45.0,0.9555555582046509,0.7971399426460266,0.695348858833313,0.9707792401313782,145.6396026611328,1345.5,5.0,5.0,5.0,0.695348858833313,0.7674813270568848,0.082122802734375,0.14076659083366394,0.7913246750831604,4.713963985443115,6.275672912597656,8.559639930725098,Pentagone
36.0,37.0,0.9729729890823364,0.8028236627578735,0.7012012004852295,0.9658738374710083,120.91168975830078,934.0,5.0,5.0,5.0,0.7012012004852295,0.7757733464241028,0.0570068359375,0.23747727274894714,0.7914454936981201,5.2470245361328125,5.733346462249756,7.564572334289551,Pentagone
51.0,53.0,0.9622641801834106,0.7902595400810242,0.6772105097770691,0.9721189737319946,170.61016845703125,1830.5,5.0,5.0,5.0,0.6772105097770691,0.7647330164909363,0.111724853515625,0.20898959040641785,0.7910892963409424,5.636670112609863,5.758306503295898,9.177252769470215,Pentagone
29.0,30.0,0.9666666388511658,0.8007867932319641,0.6977011561393738,0.962727963924408,97.59797668457031,607.0,5.0,5.0,5.0,0.6977011561393738,0.7531712651252747,0.03704833984375,0.24215412139892578,0.7914133667945862,4.334717273712158,5.200887680053711,7.376246929168701,Pentagone
51.0,52.0,0.9807692170143127,0.7978399395942688,0.6996606588363647,0.9745272994041443,170.9533233642578,1855.5,5.0,5.0,5.0,0.6996606588363647,0.7761662602424622,0.113250732421875,0.2947097718715668,0.7913199663162231,5.945577621459961,8.090249061584473,8.102989196777344,Pentagone
51.0,50.0,0.9803921580314636,0.7912396788597107,0.6786274313926697,0.9702831506729126,165.78173828125,1730.5,6.0,5.0,5.0,0.6786274313926697,0.7675110101699829,0.105621337890625,0.25911054015159607,0.7910866141319275,5.573375225067139,6.383641719818115,8.471153259277344,Pentagone
31.0,31.0,1.0,0.8061225414276123,0.7003121972084045,0.9634932279586792,102.42640686035156,673.0,5.0,5.0,5.0,0.7003121972084045,0.7830648422241211,0.04107666015625,0.30932366847991943,0.7919396162033081,5.5991363525390625,6.306366443634033,7.512597560882568,Pentagone
33.0,34.0,0.970588207244873,0.7963950037956238,0.6844919919967651,0.9606003761291504,110.08325958251953,768.0,6.0,5.0,5.0,0.6844919919967651,0.7633523344993591,0.046875,0.0936962440609932,0.7909957766532898,4.650520324707031,6.195446491241455,7.468746185302734,Pentagone
48.0,47.0,0.9791666865348816,0.7975349426269531,0.701241135597229,0.9723417162895203,157.8822479248047,1582.0,5.0,5.0,5.0,0.701241135597229,0.7744659185409546,0.0965576171875,0.30401313304901123,0.791325032711029,6.287426948547363,6.252934455871582,7.76907205581665,Pentagone
35.0,34.0,0.9714285731315613,0.8070809841156006,0.7096638679504395,0.9718066453933716,114.6690444946289,844.5,5.0,5.0,5.0,0.7096638679504395,0.764342725276947,0.051544189453125,0.3746148943901062,0.7916848063468933,4.9209771156311035,5.506248474121094,7.580478668212891,Pentagone
50.0,48.0,0.9599999785423279,0.7993184924125671,0.7016666531562805,0.9787852168083191,162.71067810058594,1684.0,5.0,5.0,5.0,0.7016666531562805,0.7721381783485413,0.102783203125,0.31923091411590576,0.791374921798706,5.993834972381592,6.139040946960449,8.593205451965332,Pentagone
42.0,43.0,0.9767441749572754,0.7962960600852966,0.6899224519729614,0.9670159220695496,140.22540283203125,1246.0,5.0,5.0,5.0,0.6899224519729614,0.766871452331543,0.0760498046875,0.24873805046081543,0.7913565635681152,5.077948570251465,6.963041305541992,7.966300964355469,Pentagone
42.0,43.0,0.9767441749572754,0.7982404828071594,0.6973975896835327,0.9688461422920227,140.81118774414062,1259.5,5.0,5.0,5.0,0.6973975896835327,0.7663192749023438,0.076873779296875,0.29207515716552734,0.7913032174110413,5.260045528411865,6.800759315490723,7.944883346557617,Pentagone
47.0,47.0,1.0,0.7904098033905029,0.6661385297775269,0.9728925824165344,152.9533233642578,1471.5,6.0,5.0,5.0,0.6661385297775269,0.7627400159835815,0.089813232421875,0.1553031951189041,0.7911278009414673,5.629644393920898,5.801908016204834,8.59780502319336,Pentagone
35.0,34.0,0.9714285731315613,0.8052941560745239,0.693697452545166,0.9666276574134827,113.49747467041016,825.5,6.0,5.0,5.0,0.693697452545166,0.7790235877037048,0.050384521484375,0.22048109769821167,0.7916566133499146,4.799514293670654,6.268167972564697,8.195322036743164,Pentagone
34.0,35.0,0.9714285731315613,0.8043186664581299,0.6928571462631226,0.966022253036499,113.49747467041016,824.5,6.0,5.0,5.0,0.6928571462631226,0.7780799269676208,0.050323486328125,0.22074481844902039,0.7914839386940002,4.748154640197754,6.177656650543213,7.922914505004883,Pentagone
41.0,41.0,1.0,0.7975556254386902,0.674301028251648,0.9750537872314453,133.6396026611328,1133.5,5.0,5.0,5.0,0.674301028251648,0.7652573585510254,0.069183349609375,0.21512028574943542,0.791184663772583,5.485851287841797,5.937215805053711,7.9092793464660645,Pentagone
52.0,52.0,1.0,0.7955355048179626,0.6721523404121399,0.9792564511299133,169.4385986328125,1817.5,5.0,5.0,5.0,0.6721523404121399,0.7712591290473938,0.110931396484375,0.2659822702407837,0.7910103797912598,7.320709705352783,6.263829708099365,8.463128089904785,Pentagone
42.0,44.0,0.9545454382896423,0.7926543951034546,0.6791125535964966,0.9676175713539124,141.05381774902344,1255.0,5.0,5.0,5.0,0.6791125535964966,0.7612470388412476,0.07659912109375,0.192277193069458,0.7908803224563599,4.89848518371582,5.9005961418151855,7.795513153076172,Pentagone
30.0,30.0,1.0,0.8001016974449158,0.6772222518920898,0.9682287573814392,97.84062194824219,609.5,5.0,5.0,5.0,0.6772222518920898,0.7586452960968018,0.037200927734375,0.07304976880550385,0.7915359139442444,5.003067493438721,5.788828372955322,7.345655918121338,Pentagone
33.0,34.0,0.970588207244873,0.7991743087768555,0.6795900464057922,0.9670259952545166,109.49747467041016,762.5,5.0,5.0,5.0,0.6795900464057922,0.7701848745346069,0.046539306640625,0.25142353773117065,0.7910827994346619,4.770180702209473,5.481787204742432,7.559091091156006,Pentagone
45.0,44.0,0.9777777791023254,0.7941951751708984,0.6792929172515869,0.9700685143470764,145.8822479248047,1345.0,5.0,5.0,5.0,0.6792929172515869,0.7671200633049011,0.08209228515625,0.20990270376205444,0.7910798192024231,5.459707260131836,5.431803226470947,8.05317211151123,Pentagone
51.0,49.0,0.9607843160629272,0.7933316230773926,0.6922768950462341,0.9719101190567017,165.5391082763672,1730.0,5.0,5.0,5.0,0.6922768950462341,0.7635946869850159,0.1055908203125,0.19086933135986328,0.791114330291748,4.674131870269775,6.145510673522949,8.202320098876953,Pentagone
45.0,45.0,1.0,0.7926291227340698,0.67580246925354,0.9722912907600403,147.2964630126953,1368.5,5.0,5.0,5.0,0.67580246925354,0.7639663815498352,0.083526611328125,0.12837910652160645,0.7911768555641174,6.669404983520508,5.6016845703125,7.920009136199951,Pentagone
49.0,51.0,0.9607843160629272,0.7939832210540771,0.6830732226371765,0.9712660312652588,164.36753845214844,1707.0,6.0,5.0,5.0,0.6830732226371765,0.7639374732971191,0.10418701171875,0.1981140375137329,0.7911836504936218,4.743519306182861,6.20277738571167,9.306723594665527,Pentagone
29.0,30.0,0.9666666388511658,0.7955369353294373,0.6683908104896545,0.9595709443092346,95.84062194824219,581.5,5.0,5.0,5.0,0.6683908104896545,0.7634245157241821,0.035491943359375,0.1781136840581894,0.7913196086883545,5.058353424072266,5.239492416381836,7.966301918029785,Pentagone
53.0,52.0,0.9811320900917053,0.7880797982215881,0.6779752969741821,0.9709015488624573,172.61016845703125,1868.5,6.0,5.0,5.0,0.6779752969741821,0.7680453658103943,0.114044189453125,0.23887556791305542,0.7910468578338623,5.692204475402832,6.492156505584717,8.431905746459961,Pentagone
34.0,33.0,0.970588207244873,0.7945516705513,0.6684492230415344,0.967117965221405,108.91168975830078,750.0,6.0,6.0,5.0,0.6684492230415344,0.7598932981491089,0.0457763671875,0.21448908746242523,0.7909966111183167,4.505924224853516,5.3530049324035645,7.73400354385376,Pentagone
37.0,37.0,1.0,0.8021093606948853,0.691015362739563,0.9727506637573242,121.7401123046875,946.0,5.0,5.0,5.0,0.691015362739563,0.7745287418365479,0.0577392578125,0.2979770302772522,0.7913248538970947,5.2081804275512695,6.5897979736328125,7.322727203369141,Pentagone
38.0,38.0,1.0,0.8114988207817078,0.7070637345314026,0.9733079075813293,125.7401123046875,1021.0,5.0,5.0,5.0,0.7070637345314026,0.7631933093070984,0.06231689453125,0.4692535996437073,0.7913943529129028,4.934370994567871,5.139159202575684,8.081754684448242,Pentagone
40.0,42.0,0.9523809552192688,0.7930507063865662,0.6767857074737549,0.9668367505073547,134.22540283203125,1137.0,5.0,5.0,5.0,0.6767857074737549,0.7602124214172363,0.06939697265625,0.12159896641969681,0.7910688519477844,4.5494232177734375,6.691771030426025,8.189406394958496,Pentagone
37.0,38.0,0.9736841917037964,0.8094122409820557,0.7147937417030334,0.9728944897651672,124.91168975830078,1005.0,5.0,5.0,5.0,0.7147937417030334,0.7810204029083252,0.06134033203125,0.4016423523426056,0.7915846109390259,6.065836429595947,5.502651691436768,7.5935750007629395,Pentagone
51.0,51.0,1.0,0.7929702401161194,0.6782007217407227,0.9786407947540283,167.19595336914062,1764.0,5.0,5.0,5.0,0.6782007217407227,0.7620174288749695,0.107666015625,0.21408860385417938,0.7911983132362366,7.566415786743164,6.134441375732422,8.015724182128906,Pentagone
43.0,44.0,0.9772727489471436,0.8032902479171753,0.7085095047950745,0.9756186604499817,144.81118774414062,1340.5,5.0,5.0,5.0,0.7085095047950745,0.7701676487922668,0.081817626953125,0.387768417596817,0.7913707494735718,4.8529486656188965,7.116021156311035,7.987034797668457,Pentagone
43.0,44.0,0.9772727489471436,0.8032902479171753,0.7085095047950745,0.9756186604499817,144.81118774414062,1340.5,5.0,5.0,5.0,0.7085095047950745,0.7701676487922668,0.081817626953125,0.387768417596817,0.7913707494735718,4.8529486656188965,7.116021156311035,7.987034797668457,Pentagone
41.0,40.0,0.9756097793579102,0.7980325818061829,0.7012194991111755,0.9684210419654846,134.56854248046875,1150.0,5.0,5.0,5.0,0.7012194991111755,0.7710984349250793,0.0701904296875,0.2365122139453888,0.7914084196090698,6.226658821105957,6.344139099121094,7.68480920791626,Pentagone
37.0,37.0,1.0,0.797026515007019,0.6734842658042908,0.9669638276100159,120.56854248046875,922.0,6.0,6.0,5.0,0.6734842658042908,0.7720389366149902,0.0562744140625,0.212136372923851,0.7911554574966431,8.0388765335083,5.94432258605957,7.885831356048584,Pentagone
35.0,34.0,0.9714285731315613,0.8013903498649597,0.6974790096282959,0.9656777381896973,114.08325958251953,830.0,5.0,5.0,5.0,0.6974790096282959,0.77271968126297,0.0506591796875,0.2104402780532837,0.7916637063026428,5.434988498687744,6.393980503082275,7.621419429779053,Pentagone
32.0,31.0,0.96875,0.795759916305542,0.6728830933570862,0.9583632349967957,102.6690444946289,667.5,6.0,5.0,5.0,0.6728830933570862,0.7679958343505859,0.040740966796875,0.18206694722175598,0.7911893725395203,4.875264644622803,6.353065490722656,7.832281589508057,Pentagone
31.0,31.0,1.0,0.8097159266471863,0.7034339308738708,0.963649332523346,102.42640686035156,676.0,5.0,5.0,5.0,0.7034339308738708,0.7852631211280823,0.041259765625,0.3088721036911011,0.7917295694351196,5.5602126121521,6.39630651473999,7.345759391784668,Pentagone
30.0,30.0,1.0,0.8001016974449158,0.6772222518920898,0.9682287573814392,97.84062194824219,609.5,5.0,5.0,5.0,0.6772222518920898,0.7586451768875122,0.037200927734375,0.07304976880550385,0.7915359139442444,5.003067493438721,5.788828372955322,7.345655918121338,Pentagone
42.0,43.0,0.9767441749572754,0.7962960600852966,0.6899224519729614,0.9670159220695496,140.22540283203125,1246.0,5.0,5.0,5.0,0.6899224519729614,0.7668715715408325,0.0760498046875,0.24873805046081543,0.7913565635681152,5.077948570251465,6.963041305541992,7.966300964355469,Pentagone
41.0,40.0,0.9756097793579102,0.798726499080658,0.7018292546272278,0.9688552021980286,134.56854248046875,1151.0,5.0,5.0,5.0,0.7018292546272278,0.7717690467834473,0.07025146484375,0.23576879501342773,0.791522741317749,6.542304039001465,6.205440044403076,7.821442604064941,Pentagone
43.0,42.0,0.9767441749572754,0.7969351410865784,0.6904761791229248,0.9674165844917297,140.22540283203125,1247.0,5.0,5.0,5.0,0.6904761791229248,0.7674869298934937,0.07611083984375,0.24375222623348236,0.7914527058601379,5.058075428009033,6.841014862060547,7.9590325355529785,Pentagone
47.0,45.0,0.957446813583374,0.7980561256408691,0.6926714181900024,0.970841646194458,151.8822479248047,1465.0,5.0,5.0,5.0,0.6926714181900024,0.7655680775642395,0.08941650390625,0.2765653431415558,0.7912834286689758,4.852339744567871,6.501884937286377,8.644631385803223,Pentagone
30.0,29.0,0.9666666388511658,0.8031429648399353,0.6913793087005615,0.9631705284118652,97.01219177246094,601.5,5.0,5.0,5.0,0.6913793087005615,0.7651249170303345,0.036712646484375,0.18446892499923706,0.7919870018959045,4.903414249420166,5.118447780609131,8.071064949035645,Pentagone
39.0,40.0,0.9750000238418579,0.7902964353561401,0.675000011920929,0.9647274613380432,129.39697265625,1053.0,6.0,5.0,5.0,0.675000011920929,0.7592923641204834,0.06427001953125,0.1378283053636551,0.7909925580024719,5.132126808166504,5.424665927886963,7.720584392547607,Pentagone
34.0,32.0,0.9411764740943909,0.8053598403930664,0.703125,0.9701966047286987,109.25482940673828,765.0,5.0,5.0,5.0,0.703125,0.7696636915206909,0.04669189453125,0.25645485520362854,0.7916072010993958,4.586767196655273,5.658000946044922,8.408976554870605,Pentagone
45.0,46.0,0.97826087474823,0.7986994385719299,0.7060386538505554,0.9730359315872192,151.6396026611328,1461.5,5.0,5.0,5.0,0.7060386538505554,0.7711029648780823,0.089202880859375,0.26593634486198425,0.7913086414337158,5.496232032775879,5.694538593292236,7.619915962219238,Pentagone
45.0,47.0,0.957446813583374,0.7980561256408691,0.6926714181900024,0.970841646194458,151.8822479248047,1465.0,5.0,5.0,5.0,0.6926714181900024,0.7655677199363708,0.08941650390625,0.2765653431415558,0.7912834286689758,4.852339744567871,6.501884937286377,8.644631385803223,Pentagone
46.0,45.0,0.97826087474823,0.8035293221473694,0.7048309445381165,0.9765729308128357,151.05381774902344,1459.0,5.0,5.0,5.0,0.7048309445381165,0.7770946025848389,0.08905029296875,0.378530889749527,0.7914472818374634,5.270908832550049,6.5424699783325195,8.233837127685547,Pentagone
39.0,38.0,0.9743589758872986,0.7978229522705078,0.6926450729370117,0.9674835205078125,127.15432739257812,1026.5,5.0,5.0,5.0,0.6926450729370117,0.7706480026245117,0.062652587890625,0.24433615803718567,0.7914842367172241,4.834775924682617,5.589540004730225,8.26181697845459,Pentagone
51.0,52.0,0.9807692170143127,0.7936308979988098,0.6864630579948425,0.9722296595573425,169.78173828125,1820.5,5.0,5.0,5.0,0.6864630579948425,0.7676650881767273,0.111114501953125,0.28133314847946167,0.7911896705627441,6.171483516693115,5.532083988189697,8.430061340332031,Pentagone
38.0,37.0,0.9736841917037964,0.8094122409820557,0.7147937417030334,0.9728944897651672,124.91168975830078,1005.0,5.0,5.0,5.0,0.7147937417030334,0.7810204029083252,0.06134033203125,0.4016423523426056,0.7915846109390259,6.065836429595947,5.502651691436768,7.5935750007629395,Pentagone
38.0,37.0,0.9736841917037964,0.7875218987464905,0.6760312914848328,0.9644850492477417,123.15432739257812,950.5,6.0,5.0,5.0,0.6760312914848328,0.7474539875984192,0.058013916015625,0.19305704534053802,0.7907615900039673,4.605190277099609,5.220215797424316,7.490346908569336,Pentagone
38.0,39.0,0.9743589758872986,0.8001489043235779,0.7010796070098877,0.9678621292114258,127.7401123046875,1039.0,5.0,5.0,5.0,0.7010796070098877,0.7675679922103882,0.06341552734375,0.26790568232536316,0.791528582572937,5.305379867553711,6.909619331359863,7.787634372711182,Pentagone
53.0,52.0,0.9811320900917053,0.7932438254356384,0.6777939200401306,0.9769874215126038,172.02438354492188,1868.0,6.0,5.0,5.0,0.6777939200401306,0.7622480392456055,0.114013671875,0.14047032594680786,0.7910045981407166,4.960915565490723,5.897089004516602,7.98482084274292,Pentagone
38.0,39.0,0.9743589758872986,0.8017091155052185,0.6960188746452332,0.9680901169776917,127.15432739257812,1031.5,5.0,5.0,5.0,0.6960188746452332,0.7744017839431763,0.062957763671875,0.2085927426815033,0.7915351986885071,5.140687465667725,5.737155437469482,8.012102127075195,Pentagone
35.0,35.0,1.0,0.8062331080436707,0.6775510311126709,0.9713282585144043,113.7401123046875,830.0,5.0,5.0,5.0,0.6775510311126709,0.779140830039978,0.0506591796875,0.27937009930610657,0.7910826206207275,5.66478967666626,5.858706951141357,7.706600189208984,Pentagone
51.0,49.0,0.9607843160629272,0.7925878167152405,0.6818727254867554,0.9709401726722717,164.36753845214844,1704.0,5.0,5.0,5.0,0.6818727254867554,0.7625948786735535,0.10400390625,0.18543653190135956,0.7911782264709473,4.789330005645752,6.128626823425293,9.413956642150879,Pentagone
48.0,49.0,0.9795918464660645,0.790436327457428,0.6806972622871399,0.9691283106803894,159.5391082763672,1601.0,5.0,5.0,5.0,0.6806972622871399,0.7619393467903137,0.09771728515625,0.2178148776292801,0.7912124395370483,5.185826778411865,5.60501766204834,8.050670623779297,Pentagone
49.0,48.0,0.9795918464660645,0.7955269813537598,0.680059552192688,0.9758999347686768,158.9533233642578,1599.5,6.0,5.0,5.0,0.680059552192688,0.7668903470039368,0.097625732421875,0.21545612812042236,0.7910140752792358,4.743046283721924,6.726622581481934,7.91177225112915,Pentagone
43.0,42.0,0.9767441749572754,0.7962960600852966,0.6899224519729614,0.9670159220695496,140.22540283203125,1246.0,5.0,5.0,5.0,0.6899224519729614,0.7668715715408325,0.0760498046875,0.24873805046081543,0.7913565635681152,5.077948570251465,6.963041305541992,7.966300964355469,Pentagone
37.0,38.0,0.9736841917037964,0.7924931049346924,0.6802987456321716,0.96275794506073,123.15432739257812,956.5,5.0,5.0,5.0,0.6802987456321716,0.7669546008110046,0.058380126953125,0.19363360106945038,0.7911510467529297,5.936459541320801,6.856204032897949,7.872253894805908,Pentagone
46.0,45.0,0.97826087474823,0.7981529235839844,0.7055555582046509,0.9726939797401428,151.6396026611328,1460.5,5.0,5.0,5.0,0.7055555582046509,0.7705754637718201,0.089141845703125,0.2650984525680542,0.7912117838859558,5.472846031188965,5.665746212005615,7.520216464996338,Pentagone
47.0,46.0,0.978723406791687,0.7926541566848755,0.6803885102272034,0.9696769714355469,152.71067810058594,1471.0,6.0,5.0,5.0,0.6803885102272034,0.7657774090766907,0.08978271484375,0.2344951629638672,0.7913280129432678,5.176876068115234,5.961678504943848,8.719145774841309,Pentagone
44.0,43.0,0.9772727489471436,0.8032902479171753,0.7085095047950745,0.9756186604499817,144.81118774414062,1340.5,5.0,5.0,5.0,0.7085095047950745,0.7701677680015564,0.081817626953125,0.387768417596817,0.7913707494735718,4.8529486656188965,7.116021156311035,7.987034797668457,Pentagone
45.0,46.0,0.97826087474823,0.804080069065094,0.7053139805793762,0.9769153594970703,151.05381774902344,1460.0,5.0,5.0,5.0,0.7053139805793762,0.7776272296905518,0.089111328125,0.3752032518386841,0.791537344455719,5.312230110168457,6.4104323387146,8.370139122009277,Pentagone
41.0,42.0,0.976190447807312,0.7899187803268433,0.6716027855873108,0.9661654233932495,135.6396026611328,1156.5,5.0,5.0,5.0,0.6716027855873108,0.7554288506507874,0.070587158203125,0.1410464644432068,0.7909328937530518,4.838730335235596,5.319944858551025,7.833570957183838,Pentagone
34.0,35.0,0.9714285731315613,0.8013903498649597,0.6974790096282959,0.9656777381896973,114.08325958251953,830.0,5.0,5.0,5.0,0.6974790096282959,0.7727198600769043,0.0506591796875,0.2104402780532837,0.7916637063026428,5.434988498687744,6.393980503082275,7.621419429779053,Pentagone
46.0,47.0,0.978723406791687,0.7888821363449097,0.6771507859230042,0.9679338932037354,152.71067810058594,1464.0,6.0,5.0,5.0,0.6771507859230042,0.7621333003044128,0.08935546875,0.1912280172109604,0.791037917137146,5.9594950675964355,5.858417987823486,8.179705619812012,Pentagone
33.0,34.0,0.970588207244873,0.7991743087768555,0.6795900464057922,0.9670259952545166,109.49747467041016,762.5,6.0,6.0,5.0,0.6795900464057922,0.7701845169067383,0.046539306640625,0.25142353773117065,0.7910827994346619,4.770180702209473,5.481787204742432,7.559091091156006,Pentagone
52.0,53.0,0.9811320900917053,0.7885015606880188,0.6783381700515747,0.9711688160896301,172.61016845703125,1869.5,5.0,5.0,5.0,0.6783381700515747,0.7684566378593445,0.114105224609375,0.23470938205718994,0.791117250919342,5.775508880615234,6.5757856369018555,8.278175354003906,Pentagone
47.0,47.0,1.0,0.8000784516334534,0.6742870211601257,0.9783251285552979,152.9533233642578,1489.5,5.0,5.0,5.0,0.6742870211601257,0.763087272644043,0.090911865234375,0.08949844539165497,0.7909886240959167,4.456629276275635,7.075760364532471,8.057802200317383,Pentagone
30.0,32.0,0.9375,0.8061225414276123,0.7010416388511658,0.9690424799919128,102.42640686035156,673.0,5.0,5.0,5.0,0.7010416388511658,0.7644121646881104,0.04107666015625,0.2772095799446106,0.7915889024734497,4.4345703125,6.1031174659729,8.099496841430664,Pentagone
35.0,35.0,1.0,0.8062331080436707,0.6775510311126709,0.9713282585144043,113.7401123046875,830.0,5.0,5.0,5.0,0.6775510311126709,0.779140830039978,0.0506591796875,0.27937009930610657,0.7910826206207275,5.66478967666626,5.858706951141357,7.706600189208984,Pentagone
49.0,48.0,0.9795918464660645,0.790436327457428,0.6806972622871399,0.9697152972221375,159.5391082763672,1601.0,6.0,5.0,5.0,0.6806972622871399,0.7662349939346313,0.09771728515625,0.20170515775680542,0.7910453677177429,5.856048583984375,7.4519171714782715,8.037012100219727,Pentagone
41.0,41.0,1.0,0.7985602021217346,0.6692444682121277,0.9757155179977417,133.05381774902344,1125.0,5.0,5.0,5.0,0.6692444682121277,0.774601936340332,0.06866455078125,0.26492002606391907,0.7910528779029846,6.2384114265441895,5.568253040313721,8.318265914916992,Pentagone
36.0,37.0,0.9729729890823364,0.8032820224761963,0.6948198080062866,0.9675901532173157,120.3259048461914,925.5,5.0,5.0,5.0,0.6948198080062866,0.7724395990371704,0.056488037109375,0.263998806476593,0.791607677936554,5.552094459533691,6.1164655685424805,8.047794342041016,Pentagone
48.0,49.0,0.9795918464660645,0.7905533909797668,0.6758078336715698,0.970094621181488,158.9533233642578,1589.5,6.0,5.0,5.0,0.6758078336715698,0.7658437490463257,0.097015380859375,0.2707045376300812,0.7909912467002869,5.509807109832764,5.9184160232543945,8.779837608337402,Pentagone
31.0,32.0,0.96875,0.7977168560028076,0.6900201439857483,0.961376428604126,103.84062194824219,684.5,6.0,5.0,5.0,0.6900201439857483,0.7638503313064575,0.041778564453125,0.17967498302459717,0.7910754680633545,5.902299880981445,5.38967227935791,7.237216472625732,Pentagone
41.0,41.0,1.0,0.7948167324066162,0.6838191747665405,0.9663724303245544,134.81118774414062,1149.5,5.0,5.0,5.0,0.6838191747665405,0.7709880471229553,0.070159912109375,0.27026280760765076,0.7911008596420288,5.5036396980285645,6.100647926330566,7.648934364318848,Pentagone
33.0,33.0,1.0,0.7975717782974243,0.6882460713386536,0.9627488851547241,108.6690444946289,749.5,6.0,5.0,5.0,0.6882460713386536,0.7725563049316406,0.045745849609375,0.246407151222229,0.791617751121521,5.025716781616211,6.098304271697998,7.408412933349609,Pentagone
45.0,43.0,0.9555555582046509,0.7965474724769592,0.6948320269584656,0.9704077839851379,145.6396026611328,1344.5,5.0,5.0,5.0,0.6948320269584656,0.7669105529785156,0.082061767578125,0.13788850605487823,0.7912195324897766,4.681202411651611,6.4059247970581055,8.29065990447998,Pentagone
36.0,35.0,0.9722222089767456,0.8127299547195435,0.7015873193740845,0.9746416807174683,116.91168975830078,884.0,5.0,5.0,5.0,0.7015873193740845,0.7818261981010437,0.053955078125,0.39819517731666565,0.791650116443634,5.559291362762451,5.319146156311035,8.722345352172852,Pentagone
41.0,41.0,1.0,0.7948167324066162,0.6838191747665405,0.9663724303245544,134.81118774414062,1149.5,6.0,5.0,5.0,0.6838191747665405,0.7709880471229553,0.070159912109375,0.2712513506412506,0.7910853624343872,5.327070713043213,5.94600772857666,7.780272483825684,Pentagone
39.0,40.0,0.9750000238418579,0.8086104989051819,0.7032051086425781,0.9764130115509033,130.56854248046875,1097.0,5.0,5.0,5.0,0.7032051086425781,0.7826657891273499,0.06695556640625,0.37153324484825134,0.7915797233581543,5.373311519622803,6.22547721862793,8.673354148864746,Pentagone
33.0,34.0,0.970588207244873,0.7984689474105835,0.686274528503418,0.961298406124115,110.08325958251953,770.0,6.0,6.0,5.0,0.686274528503418,0.7653399109840393,0.0469970703125,0.04301469400525093,0.7910914421081543,4.751620292663574,6.469395637512207,7.413882732391357,Pentagone
52.0,53.0,0.9811320900917053,0.7872987389564514,0.6727140545845032,0.9714435338973999,172.02438354492188,1854.0,6.0,5.0,5.0,0.6727140545845032,0.755657434463501,0.1131591796875,0.1610267162322998,0.790963351726532,4.650562763214111,7.247385501861572,8.512777328491211,Pentagone
39.0,39.0,1.0,0.7888621091842651,0.6637080907821655,0.9734811782836914,126.8111801147461,1009.5,5.0,5.0,5.0,0.6637080907821655,0.7574216723442078,0.061614990234375,0.24605754017829895,0.7910042405128479,5.635882377624512,5.449904441833496,8.2532320022583,Pentagone
48.0,49.0,0.9795918464660645,0.7909300327301025,0.6811224222183228,0.9700272679328918,159.5391082763672,1602.0,5.0,5.0,5.0,0.6811224222183228,0.7667136192321777,0.0977783203125,0.19566166400909424,0.7911220192909241,5.827548980712891,7.387172698974609,7.966450214385986,Pentagone
42.0,44.0,0.9545454382896423,0.7920227646827698,0.6785714030265808,0.9672194123268127,141.05381774902344,1254.0,5.0,5.0,5.0,0.6785714030265808,0.7610952854156494,0.0765380859375,0.274775892496109,0.7909399271011353,4.5248565673828125,5.687552452087402,8.261054992675781,Pentagone
44.0,45.0,0.9777777791023254,0.7981061339378357,0.6881313323974609,0.9694058895111084,146.46803283691406,1362.5,6.0,5.0,5.0,0.6881313323974609,0.774794340133667,0.083160400390625,0.2884562313556671,0.79143887758255,5.422153949737549,7.452272891998291,8.313302993774414,Pentagone
41.0,42.0,0.976190447807312,0.8055602312088013,0.7087688446044922,0.9748402833938599,137.98275756835938,1220.5,5.0,5.0,5.0,0.7087688446044922,0.7769489884376526,0.074493408203125,0.38998815417289734,0.791454017162323,5.818531036376953,6.427094459533691,7.84474515914917,Pentagone
38.0,37.0,0.9736841917037964,0.7933216094970703,0.6810099482536316,0.963279664516449,123.15432739257812,957.5,5.0,5.0,5.0,0.6810099482536316,0.7677567005157471,0.058441162109375,0.18810001015663147,0.7912806272506714,5.744457244873047,7.289717197418213,7.85099458694458,Pentagone
35.0,35.0,1.0,0.8062331080436707,0.6775510311126709,0.9713282585144043,113.7401123046875,830.0,5.0,5.0,5.0,0.6775510311126709,0.779140830039978,0.0506591796875,0.27937009930610657,0.7910826206207275,5.66478967666626,5.858706951141357,7.706600189208984,Pentagone
30.0,32.0,0.9375,0.8121115565299988,0.706250011920929,0.970651388168335,102.42640686035156,678.0,6.0,5.0,5.0,0.706250011920929,0.7700911164283752,0.0413818359375,0.2724614143371582,0.7917042970657349,4.392780303955078,6.445288181304932,8.091329574584961,Pentagone
40.0,42.0,0.9523809552192688,0.787902295589447,0.6782737970352173,0.9660873413085938,134.81118774414062,1139.5,5.0,5.0,5.0,0.6782737970352173,0.7568374872207642,0.069549560546875,0.1593979448080063,0.790942907333374,4.819213390350342,5.705816268920898,8.222261428833008,Pentagone
47.0,45.0,0.957446813583374,0.7980561256408691,0.6926714181900024,0.970841646194458,151.8822479248047,1465.0,5.0,5.0,5.0,0.6926714181900024,0.7655680775642395,0.08941650390625,0.2765653431415558,0.7912834286689758,4.852339744567871,6.501884937286377,8.644631385803223,Pentagone
48.0,49.0,0.9795918464660645,0.7956609725952148,0.6751700639724731,0.9739343523979187,158.36753845214844,1588.0,6.0,5.0,5.0,0.6751700639724731,0.7718519568443298,0.096923828125,0.24732421338558197,0.7910407185554504,5.415633678436279,6.265445709228516,8.13060188293457,Pentagone
36.0,35.0,0.9722222089767456,0.7954958081245422,0.6730158925056458,0.9625425934791565,115.7401123046875,848.0,5.0,5.0,5.0,0.6730158925056458,0.764835000038147,0.0517578125,0.1453932225704193,0.7911419868469238,4.921621799468994,5.973257541656494,7.815439701080322,Pentagone
35.0,34.0,0.9714285731315613,0.8070809841156006,0.7096638679504395,0.9718066453933716,114.6690444946289,844.5,5.0,5.0,5.0,0.7096638679504395,0.764342725276947,0.051544189453125,0.3746148943901062,0.7916848063468933,4.9209771156311035,5.506248474121094,7.580478668212891,Pentagone
41.0,41.0,1.0,0.7985602021217346,0.6692444682121277,0.9757155179977417,133.05381774902344,1125.0,5.0,5.0,5.0,0.6692444682121277,0.774601936340332,0.06866455078125,0.26492002606391907,0.7910528779029846,6.2384114265441895,5.568253040313721,8.318265914916992,Pentagone
43.0,42.0,0.9767441749572754,0.7988742589950562,0.6979512572288513,0.9692425727844238,140.81118774414062,1260.5,5.0,5.0,5.0,0.6979512572288513,0.7669274210929871,0.076934814453125,0.2876068651676178,0.7913958430290222,5.2182817459106445,7.079751968383789,7.9346089363098145,Pentagone
52.0,51.0,0.9807692170143127,0.7978399395942688,0.6996606588363647,0.9745272994041443,170.9533233642578,1855.5,5.0,5.0,5.0,0.6996606588363647,0.7761660218238831,0.113250732421875,0.2947097718715668,0.7913199663162231,5.945577621459961,8.090249061584473,8.102989196777344,Pentagone
30.0,29.0,0.9666666388511658,0.7978020310401917,0.6867815852165222,0.9606109261512756,97.01219177246094,597.5,5.0,5.0,5.0,0.6867815852165222,0.7600367069244385,0.036468505859375,0.1417572945356369,0.7915202975273132,5.0712504386901855,5.059974670410156,7.81711483001709,Pentagone
34.0,35.0,0.9714285731315613,0.8052941560745239,0.693697452545166,0.9666276574134827,113.49747467041016,825.5,6.0,5.0,5.0,0.693697452545166,0.7790234684944153,0.050384521484375,0.22048109769821167,0.7916566133499146,4.799514293670654,6.268167972564697,8.195322036743164,Pentagone
36.0,35.0,0.9722222089767456,0.7870530486106873,0.6658729910850525,0.9654775857925415,115.7401123046875,839.0,6.0,6.0,5.0,0.6658729910850525,0.7405875325202942,0.05120849609375,0.25316011905670166,0.7908803820610046,4.4720964431762695,5.263908863067627,7.551729679107666,Pentagone
49.0,49.0,1.0,0.7863147258758545,0.6653477549552917,0.97826087474823,159.78173828125,1597.5,5.0,5.0,5.0,0.6653477549552917,0.7590650916099548,0.097503662109375,0.2833126187324524,0.7908150553703308,4.932163715362549,5.272984981536865,8.9052734375,Pentagone
36.0,34.0,0.9444444179534912,0.807585597038269,0.7075163125991821,0.9735806584358215,116.08325958251953,866.0,5.0,5.0,5.0,0.7075163125991821,0.774550199508667,0.0528564453125,0.2967592477798462,0.7916399836540222,4.6363091468811035,5.8711442947387695,7.799483299255371,Pentagone
38.0,37.0,0.9736841917037964,0.7887938618659973,0.670697033405304,0.9656938314437866,122.56854248046875,943.0,5.0,5.0,5.0,0.670697033405304,0.7541793584823608,0.05755615234375,0.15113107860088348,0.790977954864502,5.162899017333984,5.022754192352295,7.961831569671631,Pentagone
47.0,45.0,0.957446813583374,0.7958771586418152,0.6907801628112793,0.9727030396461487,151.8822479248047,1461.0,5.0,5.0,5.0,0.6907801628112793,0.763477623462677,0.08917236328125,0.22081628441810608,0.791287362575531,4.963938236236572,5.906198501586914,8.477577209472656,Pentagone
51.0,50.0,0.9803921580314636,0.7871245741844177,0.6750980615615845,0.9701324105262756,165.78173828125,1721.5,6.0,5.0,5.0,0.6750980615615845,0.7648634910583496,0.105072021484375,0.2412952482700348,0.7909701466560364,5.621913433074951,5.4629411697387695,8.470114707946777,Pentagone
36.0,37.0,0.9729729890823364,0.8011046051979065,0.6996996998786926,0.9673066735267639,120.91168975830078,932.0,5.0,5.0,5.0,0.6996996998786926,0.7665696740150452,0.056884765625,0.2976831793785095,0.7915715575218201,5.049372673034668,5.647573947906494,7.806570529937744,Pentagone
45.0,44.0,0.9777777791023254,0.7955523133277893,0.675000011920929,0.9695320725440979,145.2964630126953,1336.5,5.0,5.0,5.0,0.675000011920929,0.7694068551063538,0.081573486328125,0.27111634612083435,0.7911291122436523,5.066502571105957,6.024215221405029,8.703842163085938,Pentagone
29.0,30.0,0.9666666388511658,0.8007867932319641,0.6977011561393738,0.962727963924408,97.59797668457031,607.0,5.0,5.0,5.0,0.6977011561393738,0.7531716227531433,0.03704833984375,0.24215412139892578,0.7914133667945862,4.334717273712158,5.200887680053711,7.376246929168701,Pentagone
51.0,50.0,0.9803921580314636,0.7903252243995667,0.6778431534767151,0.9713402390480042,165.78173828125,1728.5,6.0,5.0,5.0,0.6778431534767151,0.7612285614013672,0.105499267578125,0.1750393509864807,0.791079044342041,5.434046268463135,6.19236421585083,7.98110294342041,Pentagone
31.0,31.0,1.0,0.8011252284049988,0.7039542198181152,0.962989330291748,103.01219177246094,676.5,5.0,5.0,5.0,0.7039542198181152,0.7721735239028931,0.041290283203125,0.30028530955314636,0.7916229367256165,4.56955099105835,5.5093770027160645,7.529018402099609,Pentagone
40.0,39.0,0.9750000238418579,0.7910469770431519,0.6756410002708435,0.9652014374732971,129.39697265625,1054.0,6.0,5.0,5.0,0.6756410002708435,0.7600136995315552,0.0643310546875,0.13608138263225555,0.7911028265953064,5.064249038696289,5.410184860229492,7.84516716003418,Pentagone
40.0,41.0,0.9756097793579102,0.798726499080658,0.7018292546272278,0.9688552021980286,134.56854248046875,1151.0,5.0,5.0,5.0,0.7018292546272278,0.7717689275741577,0.07025146484375,0.23576879501342773,0.791522741317749,6.542304039001465,6.205440044403076,7.821442604064941,Pentagone
50.0,51.0,0.9803921580314636,0.796049952507019,0.6731372475624084,0.9747302532196045,164.61016845703125,1716.5,6.0,5.0,5.0,0.6731372475624084,0.7679920196533203,0.104766845703125,0.15409325063228607,0.7910816073417664,5.158885955810547,6.506677150726318,8.224163055419922,Pentagone
46.0,46.0,1.0,0.8056825995445251,0.6989603042602539,0.9768824577331543,151.8822479248047,1479.0,5.0,5.0,5.0,0.6989603042602539,0.7619702219963074,0.09027099609375,0.4534534215927124,0.7912030220031738,4.5792927742004395,5.734809875488281,9.512459754943848,Pentagone
43.0,45.0,0.9555555582046509,0.7971399426460266,0.695348858833313,0.9707792401313782,145.6396026611328,1345.5,5.0,5.0,5.0,0.695348858833313,0.7674810886383057,0.082122802734375,0.14076659083366394,0.7913246750831604,4.713963985443115,6.275672912597656,8.559639930725098,Pentagone
51.0,52.0,0.9807692170143127,0.7978399395942688,0.6996606588363647,0.9745272994041443,170.9533233642578,1855.5,5.0,5.0,5.0,0.6996606588363647,0.7761662602424622,0.113250732421875,0.2947097718715668,0.7913199663162231,5.945577621459961,8.090249061584473,8.102989196777344,Pentagone
31.0,31.0,1.0,0.8085181713104248,0.7023933529853821,0.9629101157188416,102.42640686035156,675.0,5.0,5.0,5.0,0.7023933529853821,0.784101128578186,0.04119873046875,0.317131370306015,0.79156094789505,5.50669527053833,6.261391639709473,7.479889869689941,Pentagone
33.0,33.0,1.0,0.7975717782974243,0.6882460713386536,0.9608974456787109,108.6690444946289,749.5,5.0,5.0,5.0,0.6882460713386536,0.7725561261177063,0.045745849609375,0.28744009137153625,0.7915652990341187,6.9950714111328125,5.65643835067749,7.657466888427734,Pentagone
43.0,45.0,0.9555555582046509,0.7971399426460266,0.695348858833313,0.9707792401313782,145.6396026611328,1345.5,5.0,5.0,5.0,0.695348858833313,0.7674810886383057,0.082122802734375,0.14076659083366394,0.7913246750831604,4.713963985443115,6.275672912597656,8.559639930725098,Pentagone
36.0,35.0,0.9722222089767456,0.7954958081245422,0.6730158925056458,0.9663817882537842,115.7401123046875,848.0,5.0,5.0,5.0,0.6730158925056458,0.7485322952270508,0.0517578125,0.28835418820381165,0.790863037109375,4.215394973754883,5.369373798370361,7.392763137817383,Pentagone
52.0,53.0,0.9811320900917053,0.7932438254356384,0.6777939200401306,0.9769874215126038,172.02438354492188,1868.0,5.0,5.0,5.0,0.6777939200401306,0.7622480392456055,0.114013671875,0.14047032594680786,0.7910045981407166,4.960915565490723,5.897089004516602,7.98482084274292,Pentagone
47.0,48.0,0.9791666865348816,0.7986612319946289,0.6970301270484924,0.9724798798561096,157.2964630126953,1572.5,5.0,5.0,5.0,0.6970301270484924,0.7731893658638,0.095977783203125,0.2733280658721924,0.7912901639938354,5.945828914642334,5.9102091789245605,8.014647483825684,Pentagone
40.0,39.0,0.9750000238418579,0.7902964353561401,0.675000011920929,0.9647274613380432,129.39697265625,1053.0,6.0,5.0,5.0,0.675000011920929,0.7592923641204834,0.06427001953125,0.1378283053636551,0.7909925580024719,5.132126808166504,5.424665927886963,7.720584392547607,Pentagone
31.0,32.0,0.96875,0.807383120059967,0.6905242204666138,0.9675140976905823,103.25482940673828,685.0,5.0,5.0,5.0,0.6905242204666138,0.7806299328804016,0.04180908203125,0.35038259625434875,0.7919007539749146,6.137705326080322,5.654175758361816,9.25995922088623,Pentagone
29.0,30.0,0.9666666388511658,0.7941688895225525,0.6672413945198059,0.9587118029594421,95.84062194824219,580.5,6.0,6.0,5.0,0.6672413945198059,0.7621116638183594,0.035430908203125,0.19161222875118256,0.7910991311073303,5.007948398590088,5.2426300048828125,7.939100742340088,Pentagone
38.0,40.0,0.949999988079071,0.7959524393081665,0.6888157725334167,0.9672055244445801,128.56854248046875,1047.0,5.0,5.0,5.0,0.6888157725334167,0.7650218605995178,0.06390380859375,0.2227153778076172,0.7910759449005127,4.892250061035156,6.149158954620361,7.6731719970703125,Pentagone
53.0,52.0,0.9811320900917053,0.7911205887794495,0.6759796738624573,0.9723381996154785,172.02438354492188,1863.0,5.0,5.0,5.0,0.6759796738624573,0.7679221034049988,0.11370849609375,0.24161387979984283,0.7910488247871399,5.173220157623291,6.400722980499268,8.496840476989746,Pentagone
29.0,30.0,0.9666666388511658,0.8007867932319641,0.6977011561393738,0.962727963924408,97.59797668457031,607.0,5.0,5.0,5.0,0.6977011561393738,0.7531712651252747,0.03704833984375,0.24215412139892578,0.7914133667945862,4.334717273712158,5.200887680053711,7.376246929168701,Pentagone
37.0,37.0,1.0,0.7978909611701965,0.674214780330658,0.9675052165985107,120.56854248046875,923.0,5.0,5.0,5.0,0.674214780330658,0.7728760838508606,0.05633544921875,0.20419594645500183,0.7912817001342773,6.880229949951172,5.840972423553467,7.863279342651367,Pentagone
50.0,51.0,0.9803921580314636,0.7898679971694946,0.677450954914093,0.9710511565208435,165.78173828125,1727.5,6.0,5.0,5.0,0.677450954914093,0.7607881426811218,0.105438232421875,0.1813417673110962,0.7910026907920837,5.414301872253418,6.125586032867432,8.019251823425293,Pentagone
36.0,35.0,0.9722222089767456,0.7954958081245422,0.6730158925056458,0.9625425934791565,115.7401123046875,848.0,6.0,6.0,5.0,0.6730158925056458,0.7648353576660156,0.0517578125,0.15015748143196106,0.7911699414253235,5.00746488571167,6.0398478507995605,8.274140357971191,Pentagone
34.0,34.0,1.0,0.7934119701385498,0.6647923588752747,0.9697160720825195,110.3259048461914,768.5,5.0,5.0,5.0,0.6647923588752747,0.7420480251312256,0.046905517578125,0.24029585719108582,0.79106605052948,4.240264415740967,6.01287317276001,7.648332118988037,Pentagone
30.0,32.0,0.9375,0.8121115565299988,0.706250011920929,0.970651388168335,102.42640686035156,678.0,5.0,5.0,5.0,0.706250011920929,0.7700911164283752,0.0413818359375,0.2724614143371582,0.7917042970657349,4.392780303955078,6.445288181304932,8.091329574584961,Pentagone
32.0,31.0,0.96875,0.795759916305542,0.6728830933570862,0.9583632349967957,102.6690444946289,667.5,6.0,5.0,5.0,0.6728830933570862,0.7679958343505859,0.040740966796875,0.18206694722175598,0.7911893725395203,4.875264644622803,6.353065490722656,7.832281589508057,Pentagone
42.0,44.0,0.9545454382896423,0.7901279926300049,0.676948070526123,0.9663962721824646,141.05381774902344,1251.0,5.0,5.0,5.0,0.676948070526123,0.7592747211456299,0.07635498046875,0.2741836905479431,0.7907747030258179,4.490268707275391,5.698456764221191,8.39268970489502,Pentagone
43.0,45.0,0.9555555582046509,0.7971399426460266,0.695348858833313,0.9707792401313782,145.6396026611328,1345.5,5.0,5.0,5.0,0.695348858833313,0.7674813270568848,0.082122802734375,0.14076659083366394,0.7913246750831604,4.713963985443115,6.275672912597656,8.559639930725098,Pentagone
41.0,41.0,1.0,0.7975556254386902,0.674301028251648,0.9750537872314453,133.6396026611328,1133.5,5.0,5.0,5.0,0.674301028251648,0.7652573585510254,0.069183349609375,0.21512028574943542,0.791184663772583,5.485851287841797,5.937215805053711,7.9092793464660645,Pentagone
51.0,50.0,0.9803921580314636,0.7921541333198547,0.679411768913269,0.9703164100646973,165.78173828125,1732.5,6.0,5.0,5.0,0.679411768913269,0.7683979272842407,0.105743408203125,0.2678585648536682,0.7910191416740417,5.397854804992676,6.552768230438232,8.24283504486084,Pentagone
29.0,30.0,0.9666666388511658,0.8163095116615295,0.6942528486251831,0.9687249660491943,96.42640686035156,604.0,5.0,5.0,5.0,0.6942528486251831,0.785620927810669,0.036865234375,0.39312824606895447,0.7917615175247192,4.820569038391113,5.131502628326416,8.570943832397461,Pentagone
48.0,49.0,0.9795918464660645,0.794658899307251,0.6743197441101074,0.9739023447036743,158.36753845214844,1586.0,5.0,5.0,5.0,0.6743197441101074,0.7708797454833984,0.0968017578125,0.23516032099723816,0.7910916209220886,5.2847442626953125,6.455639839172363,8.02861213684082,Pentagone
38.0,37.0,0.9736841917037964,0.8042941689491272,0.6970127820968628,0.971740186214447,123.7401123046875,980.0,5.0,5.0,5.0,0.6970127820968628,0.7790906429290771,0.059814453125,0.3567352294921875,0.7915670871734619,5.331255912780762,5.660531997680664,8.689335823059082,Pentagone
45.0,46.0,0.97826087474823,0.7986994385719299,0.7060386538505554,0.9730359315872192,151.6396026611328,1461.5,5.0,5.0,5.0,0.7060386538505554,0.7711029648780823,0.089202880859375,0.26593634486198425,0.7913086414337158,5.496232032775879,5.694538593292236,7.619915962219238,Pentagone
34.0,33.0,0.970588207244873,0.7891361713409424,0.6782531142234802,0.9608585834503174,110.08325958251953,761.0,5.0,5.0,5.0,0.6782531142234802,0.7504565715789795,0.04644775390625,0.1762184351682663,0.7908929586410522,4.682974815368652,5.180931568145752,7.532334804534912,Pentagone
37.0,36.0,0.9729729890823364,0.8032820224761963,0.6948198080062866,0.9675901532173157,120.3259048461914,925.5,5.0,5.0,5.0,0.6948198080062866,0.7724395990371704,0.056488037109375,0.263998806476593,0.791607677936554,5.552094459533691,6.1164655685424805,8.047794342041016,Pentagone
35.0,34.0,0.9714285731315613,0.8052941560745239,0.693697452545166,0.9666276574134827,113.49747467041016,825.5,6.0,5.0,5.0,0.693697452545166,0.7790235877037048,0.050384521484375,0.22048109769821167,0.7916566133499146,4.799514293670654,6.268167972564697,8.195322036743164,Pentagone
53.0,52.0,0.9811320900917053,0.7911205887794495,0.6759796738624573,0.9723381996154785,172.02438354492188,1863.0,5.0,5.0,5.0,0.6759796738624573,0.7679221034049988,0.11370849609375,0.24161387979984283,0.7910488247871399,5.173220157623291,6.400722980499268,8.496840476989746,Pentagone
43.0,45.0,0.9555555582046509,0.7965474724769592,0.6948320269584656,0.9704077839851379,145.6396026611328,1344.5,5.0,5.0,5.0,0.6948320269584656,0.7669107913970947,0.082061767578125,0.13788850605487823,0.7912195324897766,4.681202411651611,6.4059247970581055,8.29065990447998,Pentagone
49.0,48.0,0.9795918464660645,0.7956609725952148,0.6751700639724731,0.9739343523979187,158.36753845214844,1588.0,6.0,5.0,5.0,0.6751700639724731,0.7718520760536194,0.096923828125,0.24732421338558197,0.7910407185554504,5.415633678436279,6.265445709228516,8.13060188293457,Pentagone
49.0,48.0,0.9795918464660645,0.790436327457428,0.6806972622871399,0.9697152972221375,159.5391082763672,1601.0,6.0,5.0,5.0,0.6806972622871399,0.7662349939346313,0.09771728515625,0.20170515775680542,0.7910453677177429,5.856048583984375,7.4519171714782715,8.037012100219727,Pentagone
53.0,52.0,0.9811320900917053,0.7880797982215881,0.6779752969741821,0.9709015488624573,172.61016845703125,1868.5,5.0,5.0,5.0,0.6779752969741821,0.7680453062057495,0.114044189453125,0.23794633150100708,0.7910500168800354,5.810410976409912,6.572641849517822,8.238421440124512,Pentagone
45.0,46.0,0.97826087474823,0.804080069065094,0.7053139805793762,0.9769153594970703,151.05381774902344,1460.0,5.0,5.0,5.0,0.7053139805793762,0.7776272296905518,0.089111328125,0.3752032518386841,0.791537344455719,5.312230110168457,6.4104323387146,8.370139122009277,Pentagone
32.0,32.0,1.0,0.7889376282691956,0.65673828125,0.9690201878547668,103.49747467041016,672.5,5.0,5.0,5.0,0.65673828125,0.7516425848007202,0.041046142578125,0.17636513710021973,0.7909634709358215,5.270296096801758,5.069911479949951,7.906188488006592,Pentagone
38.0,40.0,0.949999988079071,0.7959524393081665,0.6888157725334167,0.9672055244445801,128.56854248046875,1047.0,5.0,5.0,5.0,0.6888157725334167,0.7650218605995178,0.06390380859375,0.2227153778076172,0.7910759449005127,4.892250061035156,6.149158954620361,7.6731719970703125,Pentagone
51.0,52.0,0.9807692170143127,0.8044182658195496,0.7006033062934875,0.9791831374168396,170.36752319335938,1858.0,5.0,5.0,5.0,0.7006033062934875,0.7685312032699585,0.1134033203125,0.4056747853755951,0.7912582755088806,5.28207540512085,5.62464714050293,9.548111915588379,Pentagone
34.0,33.0,0.970588207244873,0.7901731729507446,0.6791443824768066,0.9615141749382019,110.08325958251953,762.0,6.0,5.0,5.0,0.6791443824768066,0.7514427304267883,0.0465087890625,0.1685505211353302,0.7910545468330383,4.757541179656982,5.132026672363281,7.401474952697754,Pentagone
41.0,41.0,1.0,0.7985602021217346,0.6692444682121277,0.9757155179977417,133.05381774902344,1125.0,5.0,5.0,5.0,0.6692444682121277,0.774601936340332,0.06866455078125,0.26492002606391907,0.7910528779029846,6.2384114265441895,5.568253040313721,8.318265914916992,Pentagone
46.0,48.0,0.9583333134651184,0.7875803709030151,0.6845561861991882,0.969842791557312,155.2964630126953,1511.5,5.0,5.0,5.0,0.6845561861991882,0.7586338520050049,0.092254638671875,0.12513688206672668,0.7910728454589844,5.2260823249816895,5.884760856628418,8.013099670410156,Pentagone
35.0,36.0,0.9722222089767456,0.7870530486106873,0.6658729910850525,0.9665898680686951,115.7401123046875,839.0,6.0,5.0,5.0,0.6658729910850525,0.7534539699554443,0.05120849609375,0.23478925228118896,0.7908761501312256,4.814587593078613,5.378653049468994,8.594319343566895,Pentagone
44.0,45.0,0.9777777791023254,0.795537531375885,0.6914141178131104,0.9695467352867126,147.05381774902344,1369.0,6.0,5.0,5.0,0.6914141178131104,0.7672757506370544,0.08355712890625,0.240940660238266,0.7913538217544556,6.055277347564697,5.695382595062256,8.162727355957031,Pentagone
33.0,34.0,0.970588207244873,0.7991743087768555,0.6795900464057922,0.9670259952545166,109.49747467041016,762.5,6.0,6.0,5.0,0.6795900464057922,0.7701846957206726,0.046539306640625,0.25142353773117065,0.7910827994346619,4.770180702209473,5.481787204742432,7.559091091156006,Pentagone
33.0,34.0,0.970588207244873,0.7928857207298279,0.6742424368858337,0.9618563055992126,109.49747467041016,756.5,6.0,5.0,5.0,0.6742424368858337,0.7617802619934082,0.046173095703125,0.10876280069351196,0.791144073009491,4.81650447845459,5.83902645111084,7.83770751953125,Pentagone
42.0,41.0,0.976190447807312,0.7885527014732361,0.6704413294792175,0.9661087989807129,135.6396026611328,1154.5,5.0,5.0,5.0,0.6704413294792175,0.7541223168373108,0.070465087890625,0.1244758740067482,0.7908968925476074,4.935469150543213,5.276984691619873,7.867136478424072,Pentagone
47.0,46.0,0.978723406791687,0.7975038290023804,0.6845513582229614,0.9717662334442139,152.71067810058594,1480.0,6.0,5.0,5.0,0.6845513582229614,0.7715811133384705,0.09033203125,0.2358141541481018,0.7910382151603699,5.089100360870361,6.515968322753906,7.702876091003418,Pentagone
47.0,48.0,0.9791666865348816,0.8005597591400146,0.7039006948471069,0.9727411866188049,157.8822479248047,1588.0,5.0,5.0,5.0,0.7039006948471069,0.7769822478294373,0.096923828125,0.2885429263114929,0.7913064360618591,5.728520393371582,6.118517875671387,7.788760185241699,Pentagone
31.0,31.0,1.0,0.804924726486206,0.6992716193199158,0.9627507328987122,102.42640686035156,672.0,5.0,5.0,5.0,0.6992716193199158,0.781901478767395,0.041015625,0.31688037514686584,0.7917826771736145,5.732786178588867,6.347800254821777,7.673725605010986,Pentagone
33.0,34.0,0.970588207244873,0.7928857207298279,0.6742424368858337,0.9618563055992126,109.49747467041016,756.5,6.0,5.0,5.0,0.6742424368858337,0.7617802619934082,0.046173095703125,0.10876280069351196,0.791144073009491,4.81650447845459,5.83902645111084,7.83770751953125,Pentagone
41.0,40.0,0.9756097793579102,0.798726499080658,0.7018292546272278,0.9688552021980286,134.56854248046875,1151.0,5.0,5.0,5.0,0.7018292546272278,0.7717690467834473,0.07025146484375,0.23576879501342773,0.791522741317749,6.542304039001465,6.205440044403076,7.821442604064941,Pentagone
36.0,34.0,0.9444444179534912,0.8066530227661133,0.7066993713378906,0.9730033874511719,116.08325958251953,865.0,5.0,5.0,5.0,0.7066993713378906,0.7736558318138123,0.05279541015625,0.3019361197948456,0.7915047407150269,4.635234355926514,5.907163143157959,7.9908061027526855,Pentagone
34.0,33.0,0.970588207244873,0.7991743087768555,0.6795900464057922,0.9670259952545166,109.49747467041016,762.5,6.0,6.0,5.0,0.6795900464057922,0.7701848745346069,0.046539306640625,0.25142353773117065,0.7910827994346619,4.770180702209473,5.481787204742432,7.559091091156006,Pentagone
32.0,34.0,0.9411764740943909,0.8022015690803528,0.7003676295280457,0.9700827598571777,109.25482940673828,762.0,6.0,5.0,5.0,0.7003676295280457,0.7636123895645142,0.0465087890625,0.23923350870609283,0.7910934686660767,4.810224533081055,5.276402950286865,7.422906398773193,Pentagone
41.0,40.0,0.9756097793579102,0.798726499080658,0.7018292546272278,0.9688552021980286,134.56854248046875,1151.0,5.0,5.0,5.0,0.7018292546272278,0.7717690467834473,0.07025146484375,0.23576879501342773,0.791522741317749,6.542304039001465,6.205440044403076,7.821442604064941,Pentagone
41.0,41.0,1.0,0.7975556254386902,0.674301028251648,0.9750537872314453,133.6396026611328,1133.5,5.0,5.0,5.0,0.674301028251648,0.7652573585510254,0.069183349609375,0.21512028574943542,0.791184663772583,5.485851287841797,5.937215805053711,7.9092793464660645,Pentagone
39.0,38.0,0.9743589758872986,0.8001489043235779,0.7010796070098877,0.9678621292114258,127.7401123046875,1039.0,5.0,5.0,5.0,0.7010796070098877,0.7675677537918091,0.06341552734375,0.26790568232536316,0.791528582572937,5.305379867553711,6.909619331359863,7.787634372711182,Pentagone
34.0,33.0,0.970588207244873,0.7984689474105835,0.686274528503418,0.961298406124115,110.08325958251953,770.0,6.0,6.0,5.0,0.686274528503418,0.765340268611908,0.0469970703125,0.04301469400525093,0.7910914421081543,4.751620292663574,6.469395637512207,7.413882732391357,Pentagone
36.0,37.0,0.9729729890823364,0.8002450466156006,0.6989489197731018,0.9667705297470093,120.91168975830078,931.0,5.0,5.0,5.0,0.6989489197731018,0.7657473087310791,0.05682373046875,0.30107200145721436,0.7914223074913025,5.027235507965088,5.573657989501953,7.758572578430176,Pentagone
43.0,43.0,1.0,0.788770854473114,0.6698215007781982,0.9660686254501343,140.46803283691406,1238.5,6.0,5.0,5.0,0.6698215007781982,0.7589736580848694,0.075592041015625,0.15841718018054962,0.7909746170043945,4.9807891845703125,6.111145973205566,7.962502956390381,Pentagone
39.0,39.0,1.0,0.7936253547668457,0.6738987565040588,0.970643937587738,127.39697265625,1025.0,5.0,5.0,5.0,0.6738987565040588,0.7690510749816895,0.06256103515625,0.20396634936332703,0.790968120098114,5.854204177856445,5.2147064208984375,7.8352885246276855,Pentagone
41.0,41.0,1.0,0.7975556254386902,0.674301028251648,0.9750537872314453,133.6396026611328,1133.5,5.0,5.0,5.0,0.674301028251648,0.7652573585510254,0.069183349609375,0.21512028574943542,0.791184663772583,5.485851287841797,5.937215805053711,7.9092793464660645,Pentagone
29.0,30.0,0.9666666388511658,0.7955369353294373,0.6683908104896545,0.9595709443092346,95.84062194824219,581.5,6.0,6.0,5.0,0.6683908104896545,0.7634245157241821,0.035491943359375,0.1781136840581894,0.7913196086883545,5.058353424072266,5.239492416381836,7.966301918029785,Pentagone
44.0,45.0,0.9777777791023254,0.7941951751708984,0.6792929172515869,0.9700685143470764,145.8822479248047,1345.0,5.0,5.0,5.0,0.6792929172515869,0.7671201825141907,0.08209228515625,0.21079598367214203,0.7910792827606201,5.302690029144287,5.50498104095459,8.030478477478027,Pentagone
43.0,42.0,0.9767441749572754,0.7962960600852966,0.6899224519729614,0.9670159220695496,140.22540283203125,1246.0,5.0,5.0,5.0,0.6899224519729614,0.7668715715408325,0.0760498046875,0.24873805046081543,0.7913565635681152,5.077948570251465,6.963041305541992,7.966300964355469,Pentagone
49.0,51.0,0.9607843160629272,0.7933316230773926,0.6922768950462341,0.9719101190567017,165.5391082763672,1730.0,5.0,5.0,5.0,0.6922768950462341,0.7635944485664368,0.1055908203125,0.19086933135986328,0.791114330291748,4.674131870269775,6.145510673522949,8.202320098876953,Pentagone
32.0,31.0,0.96875,0.795759916305542,0.6728830933570862,0.9583632349967957,102.6690444946289,667.5,6.0,6.0,5.0,0.6728830933570862,0.7679956555366516,0.040740966796875,0.18206694722175598,0.7911893725395203,4.875264644622803,6.353065490722656,7.832281589508057,Pentagone
44.0,42.0,0.9545454382896423,0.7939175963401794,0.6801947951316833,0.9680400490760803,141.05381774902344,1257.0,5.0,5.0,5.0,0.6801947951316833,0.7624604105949402,0.07672119140625,0.18813039362430573,0.7909228205680847,4.912125110626221,5.885352611541748,7.751534938812256,Pentagone
36.0,35.0,0.9722222089767456,0.7870530486106873,0.6658729910850525,0.9665898680686951,115.7401123046875,839.0,6.0,6.0,5.0,0.6658729910850525,0.75345379114151,0.05120849609375,0.245623379945755,0.7908398509025574,4.731088161468506,5.387889862060547,8.006906509399414,Pentagone
43.0,43.0,1.0,0.7880054116249084,0.6636019349098206,0.9745830297470093,139.8822479248047,1227.0,5.0,5.0,5.0,0.6636019349098206,0.7539013028144836,0.07489013671875,0.202408567070961,0.7909771203994751,5.408194541931152,5.586899280548096,8.216851234436035,Pentagone
37.0,37.0,1.0,0.7978909611701965,0.674214780330658,0.9675052165985107,120.56854248046875,923.0,6.0,6.0,5.0,0.674214780330658,0.7728760838508606,0.05633544921875,0.20419594645500183,0.7912817001342773,6.880229949951172,5.840972423553467,7.863279342651367,Pentagone
48.0,46.0,0.9583333134651184,0.7889211177825928,0.6702898740768433,0.9692206978797913,153.5391082763672,1480.0,6.0,5.0,5.0,0.6702898740768433,0.7569209933280945,0.09033203125,0.19551262259483337,0.7909428477287292,4.78563117980957,5.601163864135742,8.3058443069458,Pentagone
38.0,40.0,0.949999988079071,0.7959524393081665,0.6888157725334167,0.9672055244445801,128.56854248046875,1047.0,5.0,5.0,5.0,0.6888157725334167,0.7650218605995178,0.06390380859375,0.2227153778076172,0.7910759449005127,4.892250061035156,6.149158954620361,7.6731719970703125,Pentagone
32.0,32.0,1.0,0.8077078461647034,0.67236328125,0.9710860252380371,103.49747467041016,688.5,5.0,5.0,5.0,0.67236328125,0.7695253491401672,0.042022705078125,0.16845302283763885,0.7912715077400208,4.419870376586914,5.468991756439209,7.420844554901123,Pentagone
36.0,37.0,0.9729729890823364,0.8011046051979065,0.6996996998786926,0.9673066735267639,120.91168975830078,932.0,5.0,5.0,5.0,0.6996996998786926,0.7665696740150452,0.056884765625,0.2976831793785095,0.7915715575218201,5.049372673034668,5.647573947906494,7.806570529937744,Pentagone
35.0,36.0,0.9722222089767456,0.7915842533111572,0.6833333373069763,0.9609375,116.91168975830078,861.0,5.0,5.0,5.0,0.6833333373069763,0.7563501596450806,0.05255126953125,0.17990648746490479,0.7909848093986511,4.841100215911865,5.993748188018799,7.430060386657715,Pentagone
38.0,38.0,1.0,0.8114988207817078,0.7070637345314026,0.9733079075813293,125.7401123046875,1021.0,5.0,5.0,5.0,0.7070637345314026,0.7631933093070984,0.06231689453125,0.4692535996437073,0.7913943529129028,4.934370994567871,5.139159202575684,8.081754684448242,Pentagone
46.0,47.0,0.978723406791687,0.7921152710914612,0.6799259781837463,0.9693372845649719,152.71067810058594,1470.0,6.0,5.0,5.0,0.6799259781837463,0.7652568221092224,0.0897216796875,0.24012470245361328,0.791235089302063,5.146236419677734,5.9086456298828125,9.163044929504395,Pentagone
45.0,46.0,0.97826087474823,0.804080069065094,0.7053139805793762,0.9769153594970703,151.05381774902344,1460.0,5.0,5.0,5.0,0.7053139805793762,0.7776272296905518,0.089111328125,0.3752032518386841,0.791537344455719,5.312230110168457,6.4104323387146,8.370139122009277,Pentagone
43.0,43.0,1.0,0.7906814813613892,0.6714439988136292,0.9669002890586853,140.46803283691406,1241.5,5.0,5.0,5.0,0.6714439988136292,0.7608123421669006,0.075775146484375,0.1705331951379776,0.7911328077316284,5.121189117431641,5.930240154266357,7.9432878494262695,Pentagone
49.0,48.0,0.9795918464660645,0.7909300327301025,0.6811224222183228,0.9700272679328918,159.5391082763672,1602.0,6.0,5.0,5.0,0.6811224222183228,0.7667138576507568,0.0977783203125,0.19566166400909424,0.7911220192909241,5.827548980712891,7.387172698974609,7.966450214385986,Pentagone
46.0,48.0,0.9583333134651184,0.7894541621208191,0.6707427501678467,0.9695581197738647,153.5391082763672,1481.0,5.0,5.0,5.0,0.6707427501678467,0.7574326395988464,0.09039306640625,0.1898951679468155,0.7910417914390564,4.8080549240112305,5.644810199737549,8.412087440490723,Pentagone
39.0,40.0,0.9750000238418579,0.7872763872146606,0.6663461327552795,0.9651810526847839,128.81118774414062,1039.5,6.0,5.0,5.0,0.6663461327552795,0.7495579719543457,0.063446044921875,0.19309931993484497,0.7908983826637268,4.557617664337158,5.435330867767334,8.187613487243652,Pentagone
42.0,41.0,0.976190447807312,0.806220293045044,0.7093495726585388,0.9752495288848877,137.98275756835938,1221.5,5.0,5.0,5.0,0.7093495726585388,0.7775856852531433,0.074554443359375,0.38702070713043213,0.7915490865707397,5.674152374267578,6.4293437004089355,7.764958381652832,Pentagone
50.0,51.0,0.9803921580314636,0.796049952507019,0.6731372475624084,0.9747302532196045,164.61016845703125,1716.5,6.0,5.0,5.0,0.6731372475624084,0.7679920196533203,0.104766845703125,0.15409325063228607,0.7910816073417664,5.158885955810547,6.506677150726318,8.224163055419922,Pentagone
30.0,29.0,0.9666666388511658,0.7941688895225525,0.6672413945198059,0.9587118029594421,95.84062194824219,580.5,6.0,6.0,5.0,0.6672413945198059,0.7621116638183594,0.035430908203125,0.19161222875118256,0.7910991311073303,5.007948398590088,5.2426300048828125,7.939100742340088,Pentagone
52.0,51.0,0.9807692170143127,0.7974099516868591,0.6992835402488708,0.9742579460144043,170.9533233642578,1854.5,5.0,5.0,5.0,0.6992835402488708,0.7757478356361389,0.113189697265625,0.2978067100048065,0.7912489175796509,5.847344398498535,7.557096004486084,8.065696716308594,Pentagone
48.0,47.0,0.9791666865348816,0.8005597591400146,0.7039006948471069,0.9727411866188049,157.8822479248047,1588.0,5.0,5.0,5.0,0.7039006948471069,0.7769822478294373,0.096923828125,0.2885429263114929,0.7913064360618591,5.728520393371582,6.118517875671387,7.788760185241699,Pentagone
47.0,49.0,0.9591836929321289,0.7985411882400513,0.7001736760139465,0.9722641110420227,159.2964630126953,1612.5,5.0,5.0,5.0,0.7001736760139465,0.7672781348228455,0.098419189453125,0.22916968166828156,0.7913461923599243,4.997865200042725,6.892602920532227,7.943892478942871,Pentagone
29.0,30.0,0.9666666388511658,0.801807701587677,0.6902298927307129,0.9623397588729858,97.01219177246094,600.5,5.0,5.0,5.0,0.6902298927307129,0.7638528347015381,0.036651611328125,0.17813879251480103,0.7917865514755249,4.84218692779541,5.175882339477539,7.798954486846924,Pentagone
29.0,30.0,0.9666666388511658,0.7964667677879333,0.6856321692466736,0.9597747325897217,97.01219177246094,596.5,6.0,5.0,5.0,0.6856321692466736,0.7626318335533142,0.036407470703125,0.20734812319278717,0.7912237644195557,5.3414740562438965,6.172478675842285,7.576948165893555,Pentagone
30.0,29.0,0.9666666388511658,0.7978020310401917,0.6867815852165222,0.9606109261512756,97.01219177246094,597.5,5.0,5.0,5.0,0.6867815852165222,0.7639103531837463,0.036468505859375,0.20199763774871826,0.7914540767669678,5.450301170349121,6.419046878814697,7.539063930511475,Pentagone
34.0,33.0,0.970588207244873,0.7891361713409424,0.6782531142234802,0.9608585834503174,110.08325958251953,761.0,5.0,5.0,5.0,0.6782531142234802,0.7504565715789795,0.04644775390625,0.1762184351682663,0.7908929586410522,4.682974815368652,5.180931568145752,7.532334804534912,Pentagone
48.0,47.0,0.9791666865348816,0.8005597591400146,0.7039006948471069,0.9727411866188049,157.8822479248047,1588.0,5.0,5.0,5.0,0.7039006948471069,0.7769822478294373,0.096923828125,0.2885429263114929,0.7913064360618591,5.728520393371582,6.118517875671387,7.788760185241699,Pentagone
53.0,52.0,0.9811320900917053,0.7932438254356384,0.6777939200401306,0.9769874215126038,172.02438354492188,1868.0,6.0,5.0,5.0,0.6777939200401306,0.7622479796409607,0.114013671875,0.14047032594680786,0.7910045981407166,4.960915565490723,5.897089004516602,7.98482084274292,Pentagone
48.0,49.0,0.9795918464660645,0.7894489169120789,0.6798469424247742,0.9690909385681152,159.5391082763672,1599.0,5.0,5.0,5.0,0.6798469424247742,0.7609877586364746,0.09759521484375,0.2083713561296463,0.7912591099739075,5.100271701812744,5.625626564025879,8.037619590759277,Pentagone
47.0,49.0,0.9591836929321289,0.7985411882400513,0.7001736760139465,0.9722641110420227,159.2964630126953,1612.5,5.0,5.0,5.0,0.7001736760139465,0.7672781348228455,0.098419189453125,0.22916968166828156,0.7913461923599243,4.997865200042725,6.892602920532227,7.943892478942871,Pentagone
39.0,38.0,0.9743589758872986,0.8009318709373474,0.6953441500663757,0.9676056504249573,127.15432739257812,1030.5,5.0,5.0,5.0,0.6953441500663757,0.7736511826515198,0.062896728515625,0.2141890823841095,0.7914324998855591,5.212345123291016,5.773522853851318,8.20553970336914,Pentagone
35.0,36.0,0.9722222089767456,0.8039385676383972,0.6801587343215942,0.9683615565299988,115.7401123046875,857.0,5.0,5.0,5.0,0.6801587343215942,0.7696183323860168,0.05230712890625,0.1893804371356964,0.7912545204162598,4.726418972015381,5.760934829711914,7.520239353179932,Pentagone
31.0,31.0,1.0,0.8011252284049988,0.7039542198181152,0.962989330291748,103.01219177246094,676.5,5.0,5.0,5.0,0.7039542198181152,0.7721733450889587,0.041290283203125,0.30028530955314636,0.7916229367256165,4.56955099105835,5.5093770027160645,7.529018402099609,Pentagone
31.0,31.0,1.0,0.8085181713104248,0.7023933529853821,0.9629101157188416,102.42640686035156,675.0,5.0,5.0,5.0,0.7023933529853821,0.784101128578186,0.04119873046875,0.317131370306015,0.79156094789505,5.50669527053833,6.261391639709473,7.479889869689941,Pentagone
39.0,40.0,0.9750000238418579,0.7910469770431519,0.6756410002708435,0.9652014374732971,129.39697265625,1054.0,5.0,5.0,5.0,0.6756410002708435,0.7600135803222656,0.0643310546875,0.13608138263225555,0.7911028265953064,5.064249038696289,5.410184860229492,7.84516716003418,Pentagone
37.0,36.0,0.9729729890823364,0.8002450466156006,0.6989489197731018,0.9667705297470093,120.91168975830078,931.0,5.0,5.0,5.0,0.6989489197731018,0.7657473087310791,0.05682373046875,0.30107200145721436,0.7914223074913025,5.027235507965088,5.573657989501953,7.758572578430176,Pentagone
47.0,48.0,0.9791666865348816,0.8005597591400146,0.7039006948471069,0.9727411866188049,157.8822479248047,1588.0,5.0,5.0,5.0,0.7039006948471069,0.7769822478294373,0.096923828125,0.2885429263114929,0.7913064360618591,5.728520393371582,6.118517875671387,7.788760185241699,Pentagone
42.0,41.0,0.976190447807312,0.806220293045044,0.7093495726585388,0.9752495288848877,137.98275756835938,1221.5,5.0,5.0,5.0,0.7093495726585388,0.7775856852531433,0.074554443359375,0.38702070713043213,0.7915490865707397,5.674152374267578,6.4293437004089355,7.764958381652832,Pentagone
42.0,41.0,0.976190447807312,0.8055602312088013,0.7087688446044922,0.9748402833938599,137.98275756835938,1220.5,5.0,5.0,5.0,0.7087688446044922,0.7769492268562317,0.074493408203125,0.38998815417289734,0.791454017162323,5.818531036376953,6.427094459533691,7.84474515914917,Pentagone
36.0,35.0,0.9722222089767456,0.7915842533111572,0.6833333373069763,0.9609375,116.91168975830078,861.0,5.0,5.0,5.0,0.6833333373069763,0.7563501596450806,0.05255126953125,0.17990648746490479,0.7909848093986511,4.841100215911865,5.993748188018799,7.430060386657715,Pentagone
30.0,29.0,0.9666666388511658,0.794685423374176,0.6758620738983154,0.9560975432395935,96.42640686035156,588.0,6.0,6.0,5.0,0.6758620738983154,0.7554219365119934,0.035888671875,0.14521494507789612,0.7909455299377441,4.496371746063232,5.836187839508057,7.447648048400879,Pentagone
40.0,39.0,0.9750000238418579,0.7902964353561401,0.675000011920929,0.9647274613380432,129.39697265625,1053.0,6.0,5.0,5.0,0.675000011920929,0.7592923641204834,0.06427001953125,0.1378283053636551,0.7909925580024719,5.132126808166504,5.424665927886963,7.720584392547607,Pentagone
41.0,41.0,1.0,0.7955082058906555,0.6844140291213989,0.9668067097663879,134.81118774414062,1150.5,5.0,5.0,5.0,0.6844140291213989,0.771658718585968,0.070220947265625,0.26796871423721313,0.7912079095840454,5.426726818084717,5.998973846435547,7.777604103088379,Pentagone
41.0,41.0,1.0,0.7948167324066162,0.6838191747665405,0.9663724303245544,134.81118774414062,1149.5,6.0,5.0,5.0,0.6838191747665405,0.7709880471229553,0.070159912109375,0.27026280760765076,0.7911008596420288,5.5036396980285645,6.100647926330566,7.648934364318848,Pentagone
37.0,37.0,1.0,0.8021093606948853,0.691015362739563,0.9727506637573242,121.7401123046875,946.0,5.0,5.0,5.0,0.691015362739563,0.7745287418365479,0.0577392578125,0.2979770302772522,0.7913248538970947,5.2081804275512695,6.5897979736328125,7.322727203369141,Pentagone
38.0,39.0,0.9743589758872986,0.8001489043235779,0.7010796070098877,0.9678621292114258,127.7401123046875,1039.0,5.0,5.0,5.0,0.7010796070098877,0.7675677537918091,0.06341552734375,0.26790568232536316,0.791528582572937,5.305379867553711,6.909619331359863,7.787634372711182,Pentagone
44.0,45.0,0.9777777791023254,0.7941951751708984,0.6792929172515869,0.9700685143470764,145.8822479248047,1345.0,6.0,5.0,5.0,0.6792929172515869,0.7671201825141907,0.08209228515625,0.21079598367214203,0.7910792827606201,5.302690029144287,5.50498104095459,8.030478477478027,Pentagone
51.0,49.0,0.9607843160629272,0.7933316230773926,0.6922768950462341,0.9719101190567017,165.5391082763672,1730.0,5.0,5.0,5.0,0.6922768950462341,0.7635946869850159,0.1055908203125,0.19086933135986328,0.791114330291748,4.674131870269775,6.145510673522949,8.202320098876953,Pentagone
50.0,51.0,0.9803921580314636,0.7852956652641296,0.6735293865203857,0.969791054725647,165.78173828125,1717.5,5.0,5.0,5.0,0.6735293865203857,0.7630864977836609,0.104827880859375,0.22480367124080658,0.7909828424453735,5.983886241912842,5.515665054321289,8.479653358459473,Pentagone
48.0,47.0,0.9791666865348816,0.7975349426269531,0.701241135597229,0.9723417162895203,157.8822479248047,1582.0,5.0,5.0,5.0,0.701241135597229,0.7744659185409546,0.0965576171875,0.30401313304901123,0.791325032711029,6.287426948547363,6.252934455871582,7.76907205581665,Pentagone
45.0,44.0,0.9777777791023254,0.7936046719551086,0.678787887096405,0.9696969985961914,145.8822479248047,1344.0,6.0,5.0,5.0,0.678787887096405,0.7665497064590454,0.08203125,0.21742048859596252,0.7909911870956421,5.271524906158447,5.557641983032227,8.097466468811035,Pentagone
34.0,34.0,1.0,0.7934119701385498,0.6647923588752747,0.9697160720825195,110.3259048461914,768.5,5.0,5.0,5.0,0.6647923588752747,0.7420483231544495,0.046905517578125,0.24029585719108582,0.79106605052948,4.240264415740967,6.01287317276001,7.648332118988037,Pentagone
48.0,49.0,0.9795918464660645,0.790436327457428,0.6806972622871399,0.9691283106803894,159.5391082763672,1601.0,5.0,5.0,5.0,0.6806972622871399,0.7619392275810242,0.09771728515625,0.2178148776292801,0.7912124395370483,5.185826778411865,5.60501766204834,8.050670623779297,Pentagone
38.0,37.0,0.9736841917037964,0.8078014850616455,0.7133712768554688,0.9723703265190125,124.91168975830078,1003.0,5.0,5.0,5.0,0.7133712768554688,0.7794657349586487,0.06121826171875,0.386656790971756,0.7915201783180237,5.710672855377197,5.447707176208496,7.635054588317871,Pentagone
52.0,51.0,0.9807692170143127,0.794066846370697,0.6868401169776917,0.9725040197372437,169.78173828125,1821.5,5.0,5.0,5.0,0.6868401169776917,0.7680867910385132,0.111175537109375,0.2783248722553253,0.7912594079971313,6.078632354736328,5.534233093261719,8.652676582336426,Pentagone
47.0,47.0,1.0,0.8000784516334534,0.6742870211601257,0.9783251285552979,152.9533233642578,1489.5,5.0,5.0,5.0,0.6742870211601257,0.763087272644043,0.090911865234375,0.08949844539165497,0.7909886240959167,4.456629276275635,7.075760364532471,8.057802200317383,Pentagone
30.0,29.0,0.9666666388511658,0.7964667677879333,0.6856321692466736,0.9597747325897217,97.01219177246094,596.5,5.0,5.0,5.0,0.6856321692466736,0.7626318335533142,0.036407470703125,0.20734812319278717,0.7912237644195557,5.3414740562438965,6.172478675842285,7.576948165893555,Pentagone
44.0,45.0,0.9777777791023254,0.7941951751708984,0.6792929172515869,0.9672779440879822,145.8822479248047,1345.0,5.0,5.0,5.0,0.6792929172515869,0.770845890045166,0.08209228515625,0.18490959703922272,0.7909820675849915,5.012775421142578,5.662102699279785,7.910040855407715,Pentagone
44.0,43.0,0.9772727489471436,0.8032902479171753,0.7085095047950745,0.9756186604499817,144.81118774414062,1340.5,5.0,5.0,5.0,0.7085095047950745,0.7701677680015564,0.081817626953125,0.387768417596817,0.7913707494735718,4.8529486656188965,7.116021156311035,7.987034797668457,Pentagone
38.0,37.0,0.9736841917037964,0.7934321165084839,0.6682077050209045,0.9690561890602112,121.98275756835938,939.5,5.0,5.0,5.0,0.6682077050209045,0.7564660310745239,0.057342529296875,0.15848542749881744,0.7910362482070923,4.74124813079834,5.42619514465332,7.660101890563965,Pentagone
32.0,32.0,1.0,0.8077078461647034,0.67236328125,0.9710860252380371,103.49747467041016,688.5,5.0,5.0,5.0,0.67236328125,0.7695251703262329,0.042022705078125,0.16845302283763885,0.7912715077400208,4.419870376586914,5.468991756439209,7.420844554901123,Pentagone
31.0,31.0,1.0,0.8061225414276123,0.7003121972084045,0.9634932279586792,102.42640686035156,673.0,5.0,5.0,5.0,0.7003121972084045,0.7830646634101868,0.04107666015625,0.30932366847991943,0.7919396162033081,5.5991363525390625,6.306366443634033,7.512597560882568,Pentagone
34.0,33.0,0.970588207244873,0.7945516705513,0.6684492230415344,0.967117965221405,108.91168975830078,750.0,6.0,6.0,5.0,0.6684492230415344,0.7598932981491089,0.0457763671875,0.21448908746242523,0.7909966111183167,4.505924224853516,5.3530049324035645,7.73400354385376,Pentagone
34.0,32.0,0.9411764740943909,0.8053598403930664,0.703125,0.9701966047286987,109.25482940673828,765.0,5.0,5.0,5.0,0.703125,0.7696638703346252,0.04669189453125,0.25635212659835815,0.7916187644004822,4.607049465179443,5.726495265960693,8.020364761352539,Pentagone
43.0,44.0,0.9772727489471436,0.8048553466796875,0.7156448364257812,0.9744512438774109,145.39697265625,1354.0,5.0,5.0,5.0,0.7156448364257812,0.7763479948043823,0.0826416015625,0.39311063289642334,0.79140305519104,5.898758411407471,5.910898208618164,7.624403953552246,Pentagone
42.0,43.0,0.9767441749572754,0.7982404828071594,0.6973975896835327,0.9688461422920227,140.81118774414062,1259.5,5.0,5.0,5.0,0.6973975896835327,0.7663192749023438,0.076873779296875,0.29207515716552734,0.7913032174110413,5.260045528411865,6.800759315490723,7.944883346557617,Pentagone
48.0,46.0,0.9583333134651184,0.7870593070983887,0.68410325050354,0.9695122241973877,155.2964630126953,1510.5,5.0,5.0,5.0,0.68410325050354,0.7581319212913513,0.092193603515625,0.1312277466058731,0.7909888029098511,5.285171031951904,5.815453052520752,8.014029502868652,Pentagone
45.0,44.0,0.9777777791023254,0.7961186766624451,0.691919207572937,0.969911515712738,147.05381774902344,1370.0,5.0,5.0,5.0,0.691919207572937,0.7678362131118774,0.0836181640625,0.23632457852363586,0.7914472818374634,5.906567096710205,5.7613420486450195,8.120637893676758,Pentagone
30.0,30.0,1.0,0.8001016974449158,0.6772222518920898,0.9682287573814392,97.84062194824219,609.5,5.0,5.0,5.0,0.6772222518920898,0.7586452960968018,0.037200927734375,0.07304976880550385,0.7915359139442444,5.003067493438721,5.788828372955322,7.345655918121338,Pentagone
50.0,51.0,0.9803921580314636,0.7852956652641296,0.6735293865203857,0.969791054725647,165.78173828125,1717.5,5.0,5.0,5.0,0.6735293865203857,0.7630864977836609,0.104827880859375,0.22480367124080658,0.7909828424453735,5.983886241912842,5.515665054321289,8.479653358459473,Pentagone
43.0,42.0,0.9767441749572754,0.7962960600852966,0.6899224519729614,0.9670159220695496,140.22540283203125,1246.0,5.0,5.0,5.0,0.6899224519729614,0.7668715715408325,0.0760498046875,0.24873805046081543,0.7913565635681152,5.077948570251465,6.963041305541992,7.966300964355469,Pentagone
43.0,43.0,1.0,0.7906814813613892,0.6714439988136292,0.9669002890586853,140.46803283691406,1241.5,6.0,6.0,5.0,0.6714439988136292,0.7608121037483215,0.075775146484375,0.1705331951379776,0.7911328077316284,5.121189117431641,5.930240154266357,7.9432878494262695,Pentagone
47.0,45.0,0.957446813583374,0.7980561256408691,0.6926714181900024,0.970841646194458,151.8822479248047,1465.0,5.0,5.0,5.0,0.6926714181900024,0.76556795835495,0.08941650390625,0.2765653431415558,0.7912834286689758,4.852339744567871,6.501884937286377,8.644631385803223,Pentagone
37.0,37.0,1.0,0.7978909611701965,0.674214780330658,0.9675052165985107,120.56854248046875,923.0,5.0,5.0,5.0,0.674214780330658,0.7728760838508606,0.05633544921875,0.20419594645500183,0.7912817001342773,6.880229949951172,5.840972423553467,7.863279342651367,Pentagone
41.0,41.0,1.0,0.7985602021217346,0.6692444682121277,0.9757155179977417,133.05381774902344,1125.0,5.0,5.0,5.0,0.6692444682121277,0.774601936340332,0.06866455078125,0.26492002606391907,0.7910528779029846,6.2384114265441895,5.568253040313721,8.318265914916992,Pentagone
45.0,44.0,0.9777777791023254,0.7941951751708984,0.6792929172515869,0.9700685143470764,145.8822479248047,1345.0,5.0,5.0,5.0,0.6792929172515869,0.7671200633049011,0.08209228515625,0.20990270376205444,0.7910798192024231,5.459707260131836,5.431803226470947,8.05317211151123,Pentagone
52.0,53.0,0.9811320900917053,0.7928192019462585,0.677431046962738,0.976719856262207,172.02438354492188,1867.0,6.0,5.0,5.0,0.677431046962738,0.7618401050567627,0.11395263671875,0.13478869199752808,0.7909303307533264,4.931576728820801,5.872096061706543,8.091928482055664,Pentagone
41.0,41.0,1.0,0.7955082058906555,0.6844140291213989,0.9668067097663879,134.81118774414062,1150.5,5.0,5.0,5.0,0.6844140291213989,0.771658718585968,0.070220947265625,0.26796871423721313,0.7912079095840454,5.426726818084717,5.998973846435547,7.777604103088379,Pentagone
51.0,52.0,0.9807692170143127,0.7978399395942688,0.6996606588363647,0.9745272994041443,170.9533233642578,1855.5,5.0,5.0,5.0,0.6996606588363647,0.7761662602424622,0.113250732421875,0.2947097718715668,0.7913199663162231,5.945577621459961,8.090249061584473,8.102989196777344,Pentagone
39.0,38.0,0.9743589758872986,0.8001489043235779,0.7010796070098877,0.9678621292114258,127.7401123046875,1039.0,5.0,5.0,5.0,0.7010796070098877,0.7675677537918091,0.06341552734375,0.26790568232536316,0.791528582572937,5.305379867553711,6.909619331359863,7.787634372711182,Pentagone
30.0,29.0,0.9666666388511658,0.7978020310401917,0.6867815852165222,0.9606109261512756,97.01219177246094,597.5,5.0,5.0,5.0,0.6867815852165222,0.760036826133728,0.036468505859375,0.1417572945356369,0.7915202975273132,5.0712504386901855,5.059974670410156,7.81711483001709,Pentagone
39.0,39.0,1.0,0.8029165863990784,0.6817883253097534,0.9714285731315613,127.39697265625,1037.0,5.0,5.0,5.0,0.6817883253097534,0.7780545949935913,0.06329345703125,0.17020338773727417,0.7910671830177307,5.27787971496582,5.349215984344482,7.789510726928711,Pentagone
46.0,44.0,0.95652174949646,0.790671706199646,0.6798418760299683,0.9686729907989502,147.8822479248047,1376.0,5.0,5.0,5.0,0.6798418760299683,0.7578778266906738,0.083984375,0.1572279930114746,0.7909430861473083,5.135554790496826,5.618029594421387,7.823606491088867,Pentagone
36.0,35.0,0.9722222089767456,0.8039385676383972,0.6801587343215942,0.9683615565299988,115.7401123046875,857.0,5.0,5.0,5.0,0.6801587343215942,0.7696189880371094,0.05230712890625,0.17573414742946625,0.7912731766700745,4.751879692077637,5.685491561889648,7.802732944488525,Pentagone
45.0,44.0,0.9777777791023254,0.7941951751708984,0.6792929172515869,0.9700685143470764,145.8822479248047,1345.0,6.0,5.0,5.0,0.6792929172515869,0.7671200633049011,0.08209228515625,0.20990270376205444,0.7910798192024231,5.459707260131836,5.431803226470947,8.05317211151123,Pentagone
49.0,51.0,0.9607843160629272,0.7925878167152405,0.6818727254867554,0.9709401726722717,164.36753845214844,1704.0,5.0,5.0,5.0,0.6818727254867554,0.7625948786735535,0.10400390625,0.18543653190135956,0.7911782264709473,4.789330005645752,6.128626823425293,9.413956642150879,Pentagone
41.0,42.0,0.976190447807312,0.806220293045044,0.7093495726585388,0.9752495288848877,137.98275756835938,1221.5,5.0,5.0,5.0,0.7093495726585388,0.7775854468345642,0.074554443359375,0.38702070713043213,0.7915490865707397,5.674152374267578,6.4293437004089355,7.764958381652832,Pentagone
41.0,41.0,1.0,0.7948167324066162,0.6838191747665405,0.9663724303245544,134.81118774414062,1149.5,5.0,5.0,5.0,0.6838191747665405,0.7709880471229553,0.070159912109375,0.27026280760765076,0.7911008596420288,5.5036396980285645,6.100647926330566,7.648934364318848,Pentagone
48.0,49.0,0.9795918464660645,0.7925428152084351,0.677508533000946,0.9752141833305359,158.9533233642578,1593.5,6.0,5.0,5.0,0.677508533000946,0.7640134692192078,0.097259521484375,0.18841582536697388,0.7909494042396545,4.87357234954834,6.315943717956543,8.019614219665527,Pentagone
31.0,31.0,1.0,0.8011252284049988,0.7039542198181152,0.962989330291748,103.01219177246094,676.5,5.0,5.0,5.0,0.7039542198181152,0.7721733450889587,0.041290283203125,0.30028530955314636,0.7916229367256165,4.56955099105835,5.5093770027160645,7.529018402099609,Pentagone
38.0,40.0,0.949999988079071,0.7959524393081665,0.6888157725334167,0.9672055244445801,128.56854248046875,1047.0,5.0,5.0,5.0,0.6888157725334167,0.7650218605995178,0.06390380859375,0.2227153778076172,0.7910759449005127,4.892250061035156,6.149158954620361,7.6731719970703125,Pentagone
48.0,49.0,0.9795918464660645,0.790436327457428,0.6806972622871399,0.9697152972221375,159.5391082763672,1601.0,6.0,5.0,5.0,0.6806972622871399,0.7662352323532104,0.09771728515625,0.20170515775680542,0.7910453677177429,5.856048583984375,7.4519171714782715,8.037012100219727,Pentagone
36.0,35.0,0.9722222089767456,0.7870530486106873,0.6658729910850525,0.9654775857925415,115.7401123046875,839.0,6.0,6.0,5.0,0.6658729910850525,0.7405876517295837,0.05120849609375,0.25316011905670166,0.7908803820610046,4.4720964431762695,5.263908863067627,7.551729679107666,Pentagone
31.0,32.0,0.96875,0.8000476956367493,0.6920362710952759,0.9621583819389343,103.84062194824219,686.5,6.0,5.0,5.0,0.6920362710952759,0.7660821676254272,0.041900634765625,0.1759607344865799,0.7910839319229126,4.960155963897705,5.689553737640381,7.360766410827637,Pentagone
52.0,51.0,0.9807692170143127,0.7974099516868591,0.6992835402488708,0.9742579460144043,170.9533233642578,1854.5,5.0,5.0,5.0,0.6992835402488708,0.7757478356361389,0.113189697265625,0.2978067100048065,0.7912489175796509,5.847344398498535,7.557096004486084,8.065696716308594,Pentagone
37.0,36.0,0.9729729890823364,0.8036832213401794,0.7019519805908203,0.9664082527160645,120.91168975830078,935.0,5.0,5.0,5.0,0.7019519805908203,0.7766035199165344,0.05706787109375,0.23580846190452576,0.79160475730896,5.360323429107666,5.838170051574707,7.732215404510498,Pentagone
47.0,47.0,1.0,0.7904098033905029,0.6661385297775269,0.9728925824165344,152.9533233642578,1471.5,5.0,5.0,5.0,0.6661385297775269,0.7627403736114502,0.089813232421875,0.1553031951189041,0.7911278009414673,5.629644393920898,5.801908016204834,8.59780502319336,Pentagone
41.0,41.0,1.0,0.7975556254386902,0.674301028251648,0.9750537872314453,133.6396026611328,1133.5,5.0,5.0,5.0,0.674301028251648,0.7652573585510254,0.069183349609375,0.21512028574943542,0.791184663772583,5.485851287841797,5.937215805053711,7.9092793464660645,Pentagone
50.0,49.0,0.9800000190734863,0.7993649244308472,0.6993877291679382,0.9744099974632263,164.12489318847656,1713.5,5.0,5.0,5.0,0.6993877291679382,0.773190975189209,0.104583740234375,0.296748548746109,0.7912556529045105,5.7932610511779785,5.872661113739014,7.950383186340332,Pentagone
48.0,49.0,0.9795918464660645,0.7909300327301025,0.6811224222183228,0.9700272679328918,159.5391082763672,1602.0,5.0,5.0,5.0,0.6811224222183228,0.7667136192321777,0.0977783203125,0.19566166400909424,0.7911220192909241,5.827548980712891,7.387172698974609,7.966450214385986,Pentagone
48.0,46.0,0.9583333134651184,0.7875803709030151,0.6845561861991882,0.969842791557312,155.2964630126953,1511.5,5.0,5.0,5.0,0.6845561861991882,0.758634090423584,0.092254638671875,0.12513688206672668,0.7910728454589844,5.2260823249816895,5.884760856628418,8.013099670410156,Pentagone
41.0,40.0,0.9756097793579102,0.798726499080658,0.7018292546272278,0.9688552021980286,134.56854248046875,1151.0,5.0,5.0,5.0,0.7018292546272278,0.7717689275741577,0.07025146484375,0.23576879501342773,0.791522741317749,6.542304039001465,6.205440044403076,7.821442604064941,Pentagone
43.0,42.0,0.9767441749572754,0.7969351410865784,0.6904761791229248,0.9674165844917297,140.22540283203125,1247.0,5.0,5.0,5.0,0.6904761791229248,0.7674869298934937,0.07611083984375,0.24375222623348236,0.7914527058601379,5.058075428009033,6.841014862060547,7.9590325355529785,Pentagone
43.0,45.0,0.9555555582046509,0.7965474724769592,0.6948320269584656,0.9704077839851379,145.6396026611328,1344.5,5.0,5.0,5.0,0.6948320269584656,0.7669107913970947,0.082061767578125,0.13788850605487823,0.7912195324897766,4.681202411651611,6.4059247970581055,8.29065990447998,Pentagone
51.0,50.0,0.9803921580314636,0.7871245741844177,0.6750980615615845,0.9701324105262756,165.78173828125,1721.5,6.0,5.0,5.0,0.6750980615615845,0.7648637294769287,0.105072021484375,0.2412952482700348,0.7909701466560364,5.621913433074951,5.4629411697387695,8.470114707946777,Pentagone
40.0,38.0,0.949999988079071,0.8324078917503357,0.7335526347160339,0.9737991094589233,129.7401123046875,1115.0,6.0,6.0,6.0,0.7335526347160339,0.8093777894973755,0.06805419921875,0.35757020115852356,0.7947653532028198,4.8935418128967285,6.255329608917236,9.437132835388184,Hexagone
36.0,36.0,1.0,0.8300564885139465,0.720678985118866,0.9663735032081604,118.91168975830078,934.0,6.0,6.0,6.0,0.720678985118866,0.7981165051460266,0.0570068359375,0.40932026505470276,0.7947682738304138,4.531404495239258,7.550418853759766,9.463825225830078,Hexagone
34.0,34.0,1.0,0.8252438306808472,0.7136678099632263,0.9666081070899963,112.08325958251953,825.0,6.0,6.0,6.0,0.7136678099632263,0.7993996143341064,0.05035400390625,0.3932464122772217,0.7947931289672852,4.571340560913086,7.417575836181641,9.48183536529541,Hexagone
46.0,50.0,0.9200000166893005,0.8386192917823792,0.7526087164878845,0.9854825139045715,161.05381774902344,1731.0,6.0,6.0,6.0,0.7526087164878845,0.8002763986587524,0.10565185546875,0.45303666591644287,0.7947059869766235,4.636147499084473,8.0750093460083,10.023330688476562,Hexagone
42.0,42.0,1.0,0.826083242893219,0.7120181322097778,0.9695098400115967,138.2253875732422,1256.0,6.0,6.0,6.0,0.7120181322097778,0.8117637634277344,0.07666015625,0.34028851985931396,0.7948169112205505,4.629960060119629,7.836927890777588,9.71669864654541,Hexagone
44.0,44.0,1.0,0.8194182515144348,0.7086777091026306,0.9696112871170044,145.05381774902344,1372.0,6.0,6.0,6.0,0.7086777091026306,0.7904389500617981,0.083740234375,0.3867477476596832,0.79471755027771,4.46942663192749,12.0,12.0,Hexagone
32.0,33.0,0.9696969985961914,0.8562949299812317,0.7102272510528564,0.9752925634384155,104.91168975830078,750.0,6.0,6.0,6.0,0.7102272510528564,0.827430784702301,0.0457763671875,0.28658148646354675,0.795348584651947,4.892252445220947,6.1474223136901855,8.41963005065918,Hexagone
34.0,34.0,1.0,0.8639913201332092,0.7162629961967468,0.9764150977134705,109.7401123046875,828.0,6.0,6.0,6.0,0.7162629961967468,0.8433843851089478,0.050537109375,0.20315943658351898,0.795698344707489,6.116784572601318,12.0,12.0,Hexagone
46.0,46.0,1.0,0.8243432641029358,0.7041587829589844,0.970367968082428,150.71067810058594,1490.0,6.0,6.0,6.0,0.7041587829589844,0.8142108917236328,0.0909423828125,0.2790776193141937,0.7949156165122986,5.118071556091309,7.124948978424072,11.104927062988281,Hexagone
34.0,34.0,1.0,0.8639913201332092,0.7162629961967468,0.9764150977134705,109.7401123046875,828.0,6.0,6.0,6.0,0.7162629961967468,0.8433843851089478,0.050537109375,0.20315943658351898,0.795698344707489,6.116784572601318,12.0,12.0,Hexagone
28.0,30.0,0.9333333373069763,0.8308736681938171,0.6845238208770752,0.9607351422309875,93.25483703613281,575.0,7.0,6.0,6.0,0.6845238208770752,0.7940380573272705,0.03509521484375,0.37088027596473694,0.7944269776344299,4.088795185089111,7.5811309814453125,8.85295581817627,Hexagone
34.0,37.0,0.9189189076423645,0.8471513986587524,0.7472178339958191,0.9806990027427673,118.08325958251953,940.0,6.0,6.0,6.0,0.7472178339958191,0.8254019021987915,0.057373046875,0.4318346381187439,0.7948881983757019,5.430445671081543,5.358018398284912,8.902841567993164,Hexagone
44.0,44.0,1.0,0.8411738276481628,0.6926652789115906,0.9781181812286377,141.5391082763672,1341.0,6.0,6.0,6.0,0.6926652789115906,0.8328777551651001,0.08184814453125,0.2294335663318634,0.7950462698936462,5.108452796936035,7.269817352294922,9.734292984008789,Hexagone
48.0,48.0,1.0,0.8202536106109619,0.703125,0.9726808667182922,157.5391082763672,1620.0,8.0,6.0,6.0,0.703125,0.8025805354118347,0.098876953125,0.31150829792022705,0.7948524355888367,4.82056188583374,6.97649621963501,10.939630508422852,Hexagone
48.0,46.0,0.9583333134651184,0.8238199353218079,0.7214673757553101,0.9746099710464478,155.8822479248047,1593.0,6.0,6.0,6.0,0.7214673757553101,0.794148325920105,0.09722900390625,0.36088770627975464,0.794657826423645,4.5472517013549805,6.256283283233643,9.41724967956543,Hexagone
44.0,42.0,0.9545454382896423,0.831034243106842,0.7002164721488953,0.9703786969184875,139.8822479248047,1294.0,6.0,6.0,6.0,0.7002164721488953,0.8036866784095764,0.0789794921875,0.30594274401664734,0.7946956753730774,4.485417366027832,7.8665361404418945,9.758642196655273,Hexagone
38.0,38.0,1.0,0.8373627662658691,0.7160664796829224,0.9677117466926575,124.56854248046875,1034.0,6.0,6.0,6.0,0.7160664796829224,0.7790042161941528,0.0631103515625,0.3289319574832916,0.7945759892463684,4.28684139251709,7.667459964752197,9.516200065612793,Hexagone
36.0,36.0,1.0,0.8230890035629272,0.7006173133850098,0.9659574627876282,117.7401123046875,908.0,6.0,6.0,6.0,0.7006173133850098,0.7973030805587769,0.055419921875,0.32094576954841614,0.7948263883590698,4.647122859954834,12.0,12.0,Hexagone
42.0,44.0,0.9545454382896423,0.8311297297477722,0.7359307408332825,0.976310133934021,143.39697265625,1360.0,6.0,6.0,6.0,0.7359307408332825,0.8068923354148865,0.0830078125,0.38659608364105225,0.7948558926582336,4.624340057373047,12.0,12.0,Hexagone
48.0,48.0,1.0,0.8202536106109619,0.703125,0.9726808667182922,157.5391082763672,1620.0,6.0,6.0,6.0,0.703125,0.8025805354118347,0.098876953125,0.31150829792022705,0.7948524355888367,4.82056188583374,6.97649621963501,10.939630508422852,Hexagone
30.0,30.0,1.0,0.8275748491287231,0.7088888883590698,0.9615674614906311,98.42640686035156,638.0,6.0,6.0,4.0,0.7088888883590698,0.8042739033699036,0.0389404296875,0.3442847430706024,0.7949354648590088,5.101572036743164,6.9217939376831055,9.762819290161133,Hexagone
46.0,46.0,1.0,0.8243432641029358,0.7041587829589844,0.970367968082428,150.71067810058594,1490.0,6.0,6.0,6.0,0.7041587829589844,0.8142108917236328,0.0909423828125,0.2790776193141937,0.7949156165122986,5.118071556091309,7.124948978424072,11.104927062988281,Hexagone
42.0,40.0,0.9523809552192688,0.8314261436462402,0.7345238327980042,0.9751086235046387,136.56854248046875,1234.0,6.0,6.0,6.0,0.7345238327980042,0.8007969260215759,0.0753173828125,0.37805336713790894,0.7945693135261536,4.593790531158447,7.824410915374756,9.693912506103516,Hexagone
32.0,30.0,0.9375,0.8322390913963318,0.7072916626930237,0.9624379873275757,101.25483703613281,679.0,8.0,6.0,6.0,0.7072916626930237,0.799001157283783,0.04144287109375,0.3789162039756775,0.7943658232688904,4.1254754066467285,6.1736741065979,9.14760684967041,Hexagone
32.0,35.0,0.9142857193946838,0.8477319478988647,0.7455357313156128,0.9783245325088501,111.25483703613281,835.0,6.0,6.0,6.0,0.7455357313156128,0.8273488283157349,0.05096435546875,0.4107232093811035,0.7949442267417908,5.519392490386963,7.4624481201171875,9.351309776306152,Hexagone
32.0,32.0,1.0,0.8398208618164062,0.70703125,0.9646902084350586,104.08325958251953,724.0,6.0,6.0,6.0,0.70703125,0.7878758907318115,0.044189453125,0.358111172914505,0.794752299785614,4.295233249664307,6.3822784423828125,10.563243865966797,Hexagone
42.0,42.0,1.0,0.8227947354316711,0.7091836929321289,0.9682662487030029,138.2253875732422,1251.0,6.0,6.0,6.0,0.7091836929321289,0.8085322380065918,0.07635498046875,0.37494543194770813,0.7948542237281799,4.759018898010254,10.554648399353027,9.222100257873535,Hexagone
46.0,46.0,1.0,0.833376944065094,0.7008506655693054,0.9718217849731445,149.5391082763672,1483.0,6.0,6.0,6.0,0.7008506655693054,0.8103857636451721,0.09051513671875,0.282147616147995,0.7949566841125488,5.024787902832031,12.0,12.0,Hexagone
30.0,32.0,0.9375,0.8322390913963318,0.7072916626930237,0.9624379873275757,101.25483703613281,679.0,6.0,6.0,6.0,0.7072916626930237,0.799001157283783,0.04144287109375,0.3797154724597931,0.7943796515464783,4.12547492980957,8.088223457336426,9.046151161193848,Hexagone
40.0,40.0,1.0,0.8244383931159973,0.7206249833106995,0.9705387353897095,132.56854248046875,1153.0,6.0,6.0,6.0,0.7206249833106995,0.7935305833816528,0.07037353515625,0.4319706857204437,0.7943946719169617,4.145482540130615,12.0,12.0,Hexagone
38.0,38.0,1.0,0.8373627662658691,0.7160664796829224,0.9677117466926575,124.56854248046875,1034.0,6.0,6.0,6.0,0.7160664796829224,0.7790042161941528,0.0631103515625,0.3289319574832916,0.7945759892463684,4.28684139251709,7.667459964752197,9.516200065612793,Hexagone
30.0,32.0,0.9375,0.8322390913963318,0.7072916626930237,0.9624379873275757,101.25483703613281,679.0,6.0,6.0,6.0,0.7072916626930237,0.799001157283783,0.04144287109375,0.3797154724597931,0.7943796515464783,4.12547492980957,8.088223457336426,9.046151161193848,Hexagone
28.0,30.0,0.9333333373069763,0.8427992463111877,0.711904764175415,0.9660742878913879,94.42640686035156,598.0,6.0,6.0,6.0,0.711904764175415,0.7849355340003967,0.0364990234375,0.3861916661262512,0.7944072484970093,4.1376543045043945,12.0,12.0,Hexagone
30.0,31.0,0.9677419066429138,0.8508095741271973,0.7172042727470398,0.9701818227767944,99.25482940673828,667.0,6.0,6.0,6.0,0.7172042727470398,0.8026846647262573,0.04071044921875,0.3091728985309601,0.7950519919395447,4.551730155944824,6.274467945098877,8.627897262573242,Hexagone
50.0,50.0,1.0,0.8218912482261658,0.7067999839782715,0.9730176329612732,164.36752319335938,1767.0,7.0,6.0,6.0,0.7067999839782715,0.8122011423110962,0.10784912109375,0.31508395075798035,0.7948135137557983,4.733320713043213,7.423624515533447,11.161808013916016,Hexagone
34.0,34.0,1.0,0.8639913201332092,0.7162629961967468,0.9764150977134705,109.7401123046875,828.0,6.0,6.0,6.0,0.7162629961967468,0.8433843851089478,0.050537109375,0.20315943658351898,0.795698344707489,6.116784572601318,12.0,12.0,Hexagone
48.0,50.0,0.9599999785423279,0.8240005373954773,0.7233333587646484,0.9752808809280396,162.71067810058594,1736.0,6.0,6.0,6.0,0.7233333587646484,0.8072779774665833,0.10595703125,0.3666941225528717,0.7948736548423767,4.897678852081299,12.0,12.0,Hexagone
48.0,46.0,0.9583333134651184,0.8288966417312622,0.7368659377098083,0.9777644276618958,157.05381774902344,1627.0,6.0,6.0,6.0,0.7368659377098083,0.8035471439361572,0.09930419921875,0.40959426760673523,0.7945020794868469,4.341091632843018,6.38772439956665,9.915196418762207,Hexagone
39.0,38.0,0.9743589758872986,0.835925281047821,0.7058029770851135,0.9703153967857361,125.39697265625,1046.0,7.0,6.0,6.0,0.7058029770851135,0.8118920922279358,0.0638427734375,0.2638484239578247,0.7949919700622559,4.536059856414795,6.384456634521484,8.517413139343262,Hexagone
34.0,34.0,1.0,0.8639913201332092,0.7162629961967468,0.9764150977134705,109.7401123046875,828.0,6.0,6.0,6.0,0.7162629961967468,0.8433843851089478,0.050537109375,0.20315943658351898,0.795698344707489,6.116784572601318,12.0,12.0,Hexagone
48.0,48.0,1.0,0.8352959752082825,0.6948784589767456,0.9762195348739624,155.19595336914062,1601.0,6.0,6.0,6.0,0.6948784589767456,0.8293085098266602,0.09771728515625,0.19607749581336975,0.7950624823570251,6.126859664916992,7.42413330078125,9.982481002807617,Hexagone
30.0,30.0,1.0,0.8310222625732422,0.7288888692855835,0.9689807891845703,99.59797668457031,656.0,6.0,6.0,6.0,0.7288888692855835,0.7835225462913513,0.0400390625,0.432425856590271,0.7940277457237244,4.045779228210449,5.704400539398193,9.56742000579834,Hexagone
44.0,44.0,1.0,0.8340309262275696,0.7097107172012329,0.9713679552078247,143.8822479248047,1374.0,6.0,6.0,6.0,0.7097107172012329,0.8002818822860718,0.0838623046875,0.28843557834625244,0.7948825359344482,4.885746955871582,7.891282081604004,9.880134582519531,Hexagone
46.0,46.0,1.0,0.8209355473518372,0.7121928334236145,0.97006756067276,151.8822479248047,1507.0,6.0,6.0,6.0,0.7121928334236145,0.8041728734970093,0.09197998046875,0.39340993762016296,0.7947133183479309,4.488150596618652,7.586678504943848,9.801600456237793,Hexagone
48.0,48.0,1.0,0.8298738598823547,0.7113715410232544,0.9744352102279663,157.5391082763672,1639.0,6.0,6.0,6.0,0.7113715410232544,0.7995492219924927,0.10003662109375,0.29152393341064453,0.7948978543281555,4.872739791870117,12.0,12.0,Hexagone
48.0,46.0,0.9583333134651184,0.8238199353218079,0.7214673757553101,0.9746099710464478,155.8822479248047,1593.0,6.0,6.0,6.0,0.7214673757553101,0.794148325920105,0.09722900390625,0.36088770627975464,0.794657826423645,4.5472517013549805,6.256283283233643,9.41724967956543,Hexagone
42.0,42.0,1.0,0.8322387337684631,0.7052153944969177,0.9707373976707458,137.05381774902344,1244.0,6.0,6.0,6.0,0.7052153944969177,0.8206713199615479,0.075927734375,0.21910832822322845,0.7950131297111511,6.02618932723999,7.421104431152344,10.906472206115723,Hexagone
50.0,48.0,0.9599999785423279,0.8287470936775208,0.7275000214576721,0.9727019667625427,162.71067810058594,1746.0,6.0,6.0,6.0,0.7275000214576721,0.7911244034767151,0.1065673828125,0.3886684775352478,0.7947729825973511,4.582034111022949,7.74803352355957,10.836408615112305,Hexagone
28.0,28.0,1.0,0.8322883248329163,0.7270408272743225,0.9661017060279846,92.7695541381836,570.0,6.0,6.0,6.0,0.7270408272743225,0.7940228581428528,0.0347900390625,0.3979206681251526,0.7945314645767212,4.276865005493164,12.0,12.0,Hexagone
38.0,38.0,1.0,0.8252153396606445,0.7056786417961121,0.9672520160675049,124.56854248046875,1019.0,7.0,6.0,6.0,0.7056786417961121,0.8139386177062988,0.06219482421875,0.31320828199386597,0.7949299812316895,5.15971040725708,6.280576229095459,9.847719192504883,Hexagone
44.0,44.0,1.0,0.8231047987937927,0.7004132270812988,0.9703041315078735,143.8822479248047,1356.0,6.0,6.0,6.0,0.7004132270812988,0.8075293898582458,0.082763671875,0.3752909004688263,0.7947964668273926,4.555587291717529,7.882735729217529,9.95179271697998,Hexagone
30.0,30.0,1.0,0.8360894322395325,0.7333333492279053,0.9656181335449219,99.59797668457031,660.0,6.0,6.0,6.0,0.7333333492279053,0.7709431052207947,0.040283203125,0.42634934186935425,0.7943951487541199,4.103069305419922,7.282093524932861,9.248024940490723,Hexagone
40.0,42.0,0.9523809552192688,0.8334474563598633,0.7363095283508301,0.9747833013534546,136.56854248046875,1237.0,6.0,6.0,6.0,0.7363095283508301,0.7898612022399902,0.07550048828125,0.38407182693481445,0.7948662042617798,4.656856060028076,7.2025251388549805,9.996011734008789,Hexagone
46.0,50.0,0.9200000166893005,0.8386192917823792,0.7526087164878845,0.9854825139045715,161.05381774902344,1731.0,6.0,6.0,6.0,0.7526087164878845,0.8002763986587524,0.10565185546875,0.45303666591644287,0.7947059869766235,4.636147499084473,8.0750093460083,10.023330688476562,Hexagone
48.0,48.0,1.0,0.8253957629203796,0.6970486044883728,0.972743809223175,156.36753845214844,1606.0,6.0,6.0,6.0,0.6970486044883728,0.8185774683952332,0.0980224609375,0.20166528224945068,0.7949655055999756,5.740250587463379,12.0,12.0,Hexagone
36.0,38.0,0.9473684430122375,0.8334724307060242,0.7324561476707458,0.9732879996299744,122.91168975830078,1002.0,6.0,6.0,6.0,0.7324561476707458,0.8043968081474304,0.0611572265625,0.3621813654899597,0.7946289777755737,4.831051826477051,7.646162033081055,9.461230278015137,Hexagone
41.0,38.0,0.9268292784690857,0.842080295085907,0.7464698553085327,0.9810206890106201,131.7401123046875,1163.0,6.0,6.0,6.0,0.7464698553085327,0.8181015849113464,0.07098388671875,0.4380289316177368,0.7946925163269043,4.782806396484375,5.435347557067871,9.027527809143066,Hexagone
42.0,47.0,0.8936170339584351,0.8424010872840881,0.7520263195037842,0.9837640523910522,148.81118774414062,1484.5,6.0,6.0,6.0,0.7520263195037842,0.8196480870246887,0.090606689453125,0.3846633732318878,0.7948547005653381,5.556495666503906,5.918498992919922,8.974556922912598,Hexagone
44.0,44.0,1.0,0.8274194002151489,0.6926652789115906,0.9699819087982178,142.71067810058594,1341.0,6.0,6.0,6.0,0.6926652789115906,0.8232397437095642,0.08184814453125,0.25147387385368347,0.7949984669685364,5.206813812255859,7.248674392700195,10.645601272583008,Hexagone
42.0,42.0,1.0,0.8384846448898315,0.6984127163887024,0.973528265953064,135.8822479248047,1232.0,6.0,6.0,6.0,0.6984127163887024,0.8127548694610596,0.0751953125,0.2737666368484497,0.7950459122657776,5.173872470855713,7.790529251098633,9.718716621398926,Hexagone
28.0,30.0,0.9333333373069763,0.84810471534729,0.7523809671401978,0.9790859818458557,96.7695541381836,632.0,6.0,6.0,6.0,0.7523809671401978,0.7904492020606995,0.03857421875,0.4663357436656952,0.7948635220527649,4.696519374847412,5.879530429840088,9.930347442626953,Hexagone
28.0,28.0,1.0,0.8352086544036865,0.7295918464660645,0.9662162065505981,92.7695541381836,572.0,6.0,6.0,6.0,0.7295918464660645,0.7968088984489441,0.034912109375,0.41165846586227417,0.794643759727478,4.255884647369385,12.0,12.0,Hexagone
28.0,28.0,1.0,0.8387376070022583,0.7142857313156128,0.9597257971763611,91.59797668457031,560.0,6.0,6.0,6.0,0.7142857313156128,0.8011286854743958,0.0341796875,0.27599015831947327,0.7950034737586975,5.877799987792969,7.100656509399414,9.160431861877441,Hexagone
36.0,38.0,0.9473684430122375,0.8334724307060242,0.7324561476707458,0.9732879996299744,122.91168975830078,1002.0,6.0,6.0,6.0,0.7324561476707458,0.8043968081474304,0.0611572265625,0.36833837628364563,0.7945563793182373,4.382350444793701,5.751953125,8.864859580993652,Hexagone
42.0,44.0,0.9545454382896423,0.8299075365066528,0.7348484992980957,0.9741750359535217,143.39697265625,1358.0,6.0,6.0,6.0,0.7348484992980957,0.7823732495307922,0.0828857421875,0.3948081135749817,0.7942036986351013,4.1550798416137695,7.270241737365723,9.596847534179688,Hexagone
44.0,46.0,0.95652174949646,0.831348180770874,0.7376482486724854,0.9751796126365662,150.22540283203125,1493.0,6.0,6.0,6.0,0.7376482486724854,0.7887681722640991,0.09112548828125,0.41080740094184875,0.7947109341621399,4.424055099487305,7.367300033569336,9.913286209106445,Hexagone
34.0,34.0,1.0,0.8639913201332092,0.7162629961967468,0.9764150977134705,109.7401123046875,828.0,6.0,6.0,6.0,0.7162629961967468,0.8433843851089478,0.050537109375,0.20315943658351898,0.795698344707489,6.116784572601318,12.0,12.0,Hexagone
30.0,30.0,1.0,0.8582622408866882,0.7177777886390686,0.9721595048904419,97.25483703613281,646.0,6.0,6.0,6.0,0.7177777886390686,0.8479403853416443,0.0394287109375,0.24633966386318207,0.7956991791725159,4.831522464752197,7.225069999694824,9.30510425567627,Hexagone
38.0,39.0,0.9743589758872986,0.835925281047821,0.7058029770851135,0.9703153967857361,125.39697265625,1046.0,6.0,6.0,6.0,0.7058029770851135,0.8118922114372253,0.0638427734375,0.2638484239578247,0.7949919700622559,4.536059856414795,6.384456634521484,8.517413139343262,Hexagone
41.0,40.0,0.9756097793579102,0.8516544699668884,0.709756076335907,0.978973925113678,131.05381774902344,1164.0,6.0,6.0,6.0,0.709756076335907,0.8224400877952576,0.071044921875,0.24439959228038788,0.7952413558959961,5.093274116516113,6.424341201782227,8.691821098327637,Hexagone
30.0,30.0,1.0,0.8310222625732422,0.7288888692855835,0.9682657122612,99.59797668457031,656.0,6.0,6.0,6.0,0.7288888692855835,0.7835225462913513,0.0400390625,0.4335210621356964,0.7940822839736938,3.9077794551849365,7.271613597869873,9.201221466064453,Hexagone
36.0,36.0,1.0,0.8220580816268921,0.7137345671653748,0.9680795669555664,118.91168975830078,925.0,6.0,6.0,6.0,0.7137345671653748,0.7778960466384888,0.05645751953125,0.4202652871608734,0.7944169044494629,4.14693021774292,7.207706928253174,10.11766242980957,Hexagone
36.0,36.0,1.0,0.8517394661903381,0.7106481194496155,0.9735729098320007,116.56854248046875,921.0,6.0,6.0,6.0,0.7106481194496155,0.8412060737609863,0.05621337890625,0.21449655294418335,0.7953087091445923,4.445542335510254,6.940091133117676,9.883072853088379,Hexagone
50.0,50.0,1.0,0.8405694961547852,0.7024000287055969,0.9793642163276672,162.02438354492188,1756.0,6.0,6.0,6.0,0.7024000287055969,0.8165784478187561,0.107177734375,0.17114202678203583,0.7948821187019348,4.777348041534424,12.0,12.0,Hexagone
34.0,34.0,1.0,0.8282447457313538,0.7162629961967468,0.9639115333557129,112.08325958251953,828.0,6.0,6.0,6.0,0.7162629961967468,0.8023065328598022,0.050537109375,0.39930790662765503,0.7947127223014832,4.390154838562012,12.0,12.0,Hexagone
30.0,28.0,0.9333333373069763,0.8427992463111877,0.711904764175415,0.9660742878913879,94.42640686035156,598.0,8.0,6.0,6.0,0.711904764175415,0.7849355340003967,0.0364990234375,0.3861916661262512,0.7944072484970093,4.1376543045043945,12.0,12.0,Hexagone
30.0,28.0,0.9333333373069763,0.8230681419372559,0.6952381134033203,0.9605262875556946,94.42640686035156,584.0,8.0,6.0,6.0,0.6952381134033203,0.7729337811470032,0.03564453125,0.4008327126502991,0.7942255735397339,4.051690578460693,6.149752140045166,8.748321533203125,Hexagone
32.0,32.0,1.0,0.8398208618164062,0.70703125,0.9646902084350586,104.08325958251953,724.0,6.0,6.0,6.0,0.70703125,0.7878758907318115,0.044189453125,0.358111172914505,0.794752299785614,4.295233249664307,6.3822784423828125,10.563243865966797,Hexagone
32.0,30.0,0.9375,0.8261106610298157,0.7020833492279053,0.9635453820228577,101.25482940673828,674.0,8.0,6.0,6.0,0.7020833492279053,0.7931174635887146,0.0411376953125,0.401501327753067,0.794248640537262,4.05711030960083,7.312657833099365,9.227852821350098,Hexagone
40.0,40.0,1.0,0.8210096955299377,0.7049999833106995,0.9674099683761597,131.39697265625,1128.0,6.0,6.0,6.0,0.7049999833106995,0.7934811115264893,0.06884765625,0.3669006824493408,0.7947766184806824,4.564328193664551,12.0,12.0,Hexagone
30.0,31.0,0.9677419066429138,0.8508095741271973,0.7172042727470398,0.9701818227767944,99.25482940673828,667.0,6.0,6.0,6.0,0.7172042727470398,0.8026846647262573,0.04071044921875,0.3091728985309601,0.7950519919395447,4.551730155944824,6.274467945098877,8.627897262573242,Hexagone
38.0,40.0,0.949999988079071,0.8331544399261475,0.7342105507850647,0.9746724963188171,129.7401123046875,1116.0,6.0,6.0,6.0,0.7342105507850647,0.810103714466095,0.068115234375,0.3653564155101776,0.7949851155281067,4.944641590118408,12.0,12.0,Hexagone
30.0,28.0,0.9333333373069763,0.8230681419372559,0.6952381134033203,0.9605262875556946,94.42640686035156,584.0,8.0,6.0,6.0,0.6952381134033203,0.7729337811470032,0.03564453125,0.4008327126502991,0.7942255735397339,4.051690578460693,6.149752140045166,8.748321533203125,Hexagone
34.0,34.0,1.0,0.8252438306808472,0.7136678099632263,0.9666081070899963,112.08325958251953,825.0,6.0,6.0,6.0,0.7136678099632263,0.7993996143341064,0.05035400390625,0.3932464122772217,0.7947931289672852,4.571340560913086,7.417575836181641,9.48183536529541,Hexagone
44.0,42.0,0.9545454382896423,0.8299692869186401,0.7229437232017517,0.9698729515075684,142.2253875732422,1336.0,6.0,6.0,6.0,0.7229437232017517,0.810788094997406,0.08154296875,0.3423144519329071,0.7950089573860168,6.262395858764648,7.856594562530518,9.860761642456055,Hexagone
42.0,42.0,1.0,0.8215347528457642,0.6961451172828674,0.9692186117172241,137.05381774902344,1228.0,6.0,6.0,6.0,0.6961451172828674,0.7936671376228333,0.074951171875,0.3739405572414398,0.7947192788124084,4.416338920593262,10.71548080444336,9.276641845703125,Hexagone
28.0,28.0,1.0,0.8322883248329163,0.7270408272743225,0.9661017060279846,92.7695541381836,570.0,6.0,6.0,6.0,0.7270408272743225,0.7940228581428528,0.0347900390625,0.3979206681251526,0.7945314645767212,4.276865005493164,12.0,12.0,Hexagone
41.0,38.0,0.9268292784690857,0.842080295085907,0.7464698553085327,0.9810206890106201,131.7401123046875,1163.0,6.0,6.0,6.0,0.7464698553085327,0.8181015849113464,0.07098388671875,0.4380289316177368,0.7946925163269043,4.782806396484375,5.435347557067871,9.027527809143066,Hexagone
44.0,44.0,1.0,0.8411738276481628,0.6926652789115906,0.9781181812286377,141.5391082763672,1341.0,6.0,6.0,6.0,0.6926652789115906,0.8328777551651001,0.08184814453125,0.2294335663318634,0.7950462698936462,5.108452796936035,7.269817352294922,9.734292984008789,Hexagone
48.0,44.0,0.9166666865348816,0.8395024538040161,0.7523674368858337,0.9826839566230774,154.22540283203125,1589.0,6.0,6.0,6.0,0.7523674368858337,0.817769467830658,0.09698486328125,0.4268368184566498,0.7948269248008728,5.021025657653809,12.0,12.0,Hexagone
50.0,48.0,0.9599999785423279,0.8258832693099976,0.7145833373069763,0.9727736711502075,161.5391082763672,1715.0,6.0,6.0,6.0,0.7145833373069763,0.8239958882331848,0.10467529296875,0.2781889736652374,0.7949610948562622,5.315653324127197,8.062028884887695,10.09455394744873,Hexagone
38.0,38.0,1.0,0.8234209418296814,0.7174515128135681,0.9677720665931702,125.7401123046875,1036.0,6.0,6.0,4.0,0.7174515128135681,0.7955749034881592,0.063232421875,0.4258159101009369,0.7945657968521118,4.289092063903809,7.336863994598389,10.482237815856934,Hexagone
36.0,36.0,1.0,0.8286194801330566,0.6913580298423767,0.9660377502441406,116.56854248046875,896.0,6.0,6.0,6.0,0.6913580298423767,0.8183720111846924,0.0546875,0.2648685574531555,0.7950497269630432,5.395341396331787,6.865478038787842,10.904868125915527,Hexagone
30.0,30.0,1.0,0.8360894322395325,0.7333333492279053,0.9656181335449219,99.59797668457031,660.0,6.0,6.0,6.0,0.7333333492279053,0.7709431052207947,0.040283203125,0.42634934186935425,0.7943951487541199,4.103069305419922,7.282093524932861,9.248024940490723,Hexagone
30.0,30.0,1.0,0.8310222625732422,0.7288888692855835,0.9689807891845703,99.59797668457031,656.0,6.0,6.0,6.0,0.7288888692855835,0.7835225462913513,0.0400390625,0.432425856590271,0.7940277457237244,4.045779228210449,5.704400539398193,9.56742000579834,Hexagone
34.0,34.0,1.0,0.8252438306808472,0.7136678099632263,0.9666081070899963,112.08325958251953,825.0,6.0,6.0,6.0,0.7136678099632263,0.7993996143341064,0.05035400390625,0.3932464122772217,0.7947931289672852,4.571340560913086,7.417575836181641,9.48183536529541,Hexagone
50.0,48.0,0.9599999785423279,0.8258832693099976,0.7145833373069763,0.9727736711502075,161.5391082763672,1715.0,6.0,6.0,6.0,0.7145833373069763,0.8239958882331848,0.10467529296875,0.2781889736652374,0.7949610948562622,5.315653324127197,8.062028884887695,10.09455394744873,Hexagone
50.0,46.0,0.9200000166893005,0.8386192917823792,0.7526087164878845,0.9854825139045715,161.05381774902344,1731.0,6.0,6.0,6.0,0.7526087164878845,0.8002763986587524,0.10565185546875,0.45303666591644287,0.7947059869766235,4.636147499084473,8.0750093460083,10.023330688476562,Hexagone
33.0,32.0,0.9696969985961914,0.8562949299812317,0.7102272510528564,0.9752925634384155,104.91168975830078,750.0,6.0,6.0,6.0,0.7102272510528564,0.8274313807487488,0.0457763671875,0.28658148646354675,0.795348584651947,4.892252445220947,6.1474223136901855,8.41963005065918,Hexagone
30.0,28.0,0.9333333373069763,0.8230681419372559,0.6952381134033203,0.9605262875556946,94.42640686035156,584.0,8.0,6.0,6.0,0.6952381134033203,0.7729337811470032,0.03564453125,0.4008327126502991,0.7942255735397339,4.051690578460693,6.149752140045166,8.748321533203125,Hexagone
48.0,48.0,1.0,0.8377304673194885,0.7074652910232544,0.9748803973197937,156.36753845214844,1630.0,6.0,6.0,6.0,0.7074652910232544,0.8000633120536804,0.0994873046875,0.2708108723163605,0.7948727011680603,4.8298726081848145,10.949995994567871,9.545000076293945,Hexagone
40.0,41.0,0.9756097793579102,0.8516544699668884,0.709756076335907,0.978973925113678,131.05381774902344,1164.0,6.0,6.0,6.0,0.709756076335907,0.8224400877952576,0.071044921875,0.24439959228038788,0.7952413558959961,5.093274116516113,6.424341201782227,8.691821098327637,Hexagone
34.0,34.0,1.0,0.8639913201332092,0.7162629961967468,0.9764150977134705,109.7401123046875,828.0,6.0,6.0,6.0,0.7162629961967468,0.8433843851089478,0.050537109375,0.20315943658351898,0.795698344707489,6.116784572601318,12.0,12.0,Hexagone
40.0,42.0,0.9523809552192688,0.8334474563598633,0.7363095283508301,0.9747833013534546,136.56854248046875,1237.0,6.0,6.0,6.0,0.7363095283508301,0.7898612022399902,0.07550048828125,0.38407182693481445,0.7948662042617798,4.656856060028076,7.2025251388549805,9.996011734008789,Hexagone
46.0,44.0,0.95652174949646,0.826934278011322,0.7223320007324219,0.9717513918876648,149.05381774902344,1462.0,6.0,6.0,4.0,0.7223320007324219,0.8128650188446045,0.0892333984375,0.34815555810928345,0.794894278049469,4.840390682220459,7.617391586303711,10.42297649383545,Hexagone
40.0,42.0,0.9523809552192688,0.8314261436462402,0.7345238327980042,0.9751086235046387,136.56854248046875,1234.0,6.0,6.0,6.0,0.7345238327980042,0.8007969260215759,0.0753173828125,0.37805336713790894,0.7945693135261536,4.593790531158447,7.824410915374756,9.693912506103516,Hexagone
36.0,36.0,1.0,0.8230890035629272,0.7006173133850098,0.9659574627876282,117.7401123046875,908.0,6.0,6.0,6.0,0.7006173133850098,0.7973030805587769,0.055419921875,0.32094576954841614,0.7948263883590698,4.647122859954834,12.0,12.0,Hexagone
32.0,33.0,0.9696969985961914,0.8562949299812317,0.7102272510528564,0.9752925634384155,104.91168975830078,750.0,6.0,6.0,6.0,0.7102272510528564,0.827430784702301,0.0457763671875,0.28658148646354675,0.795348584651947,4.892252445220947,6.1474223136901855,8.41963005065918,Hexagone
32.0,32.0,1.0,0.8282211422920227,0.697265625,0.9655172228813171,104.08325958251953,714.0,6.0,6.0,6.0,0.697265625,0.8044977188110352,0.0435791015625,0.36862099170684814,0.7949008345603943,4.681599140167236,6.957156181335449,10.459709167480469,Hexagone
30.0,32.0,0.9375,0.8261106610298157,0.7020833492279053,0.9635453820228577,101.25482940673828,674.0,6.0,6.0,6.0,0.7020833492279053,0.7931174635887146,0.0411376953125,0.401501327753067,0.794248640537262,4.05711030960083,7.312657833099365,9.227852821350098,Hexagone
36.0,36.0,1.0,0.8220580816268921,0.7137345671653748,0.9680795669555664,118.91168975830078,925.0,6.0,6.0,6.0,0.7137345671653748,0.7778960466384888,0.05645751953125,0.4202652871608734,0.7944169044494629,4.14693021774292,7.207706928253174,10.11766242980957,Hexagone
44.0,49.0,0.8979591727256775,0.841532289981842,0.7467532753944397,0.9820067286491394,155.05381774902344,1610.0,6.0,6.0,6.0,0.7467532753944397,0.8285769820213318,0.0982666015625,0.37264180183410645,0.7948535680770874,5.800999641418457,5.820497035980225,9.312097549438477,Hexagone
34.0,36.0,0.9444444179534912,0.8314886093139648,0.6993464231491089,0.9650507569313049,113.7401123046875,856.0,6.0,6.0,6.0,0.6993464231491089,0.804934561252594,0.05224609375,0.3170213997364044,0.7946658134460449,4.438389301300049,12.0,12.0,Hexagone
46.0,46.0,1.0,0.8311291337013245,0.6989603042602539,0.9717476963996887,149.5391082763672,1479.0,6.0,6.0,6.0,0.6989603042602539,0.8137881755828857,0.09027099609375,0.18035051226615906,0.7948905229568481,5.01392126083374,7.355241298675537,9.98005485534668,Hexagone
46.0,44.0,0.95652174949646,0.831348180770874,0.7376482486724854,0.9751796126365662,150.22540283203125,1493.0,6.0,6.0,6.0,0.7376482486724854,0.7887681722640991,0.09112548828125,0.4108404219150543,0.7947116494178772,4.424069404602051,10.822890281677246,9.391279220581055,Hexagone
36.0,39.0,0.9230769276618958,0.8429647088050842,0.7524929046630859,0.9814212918281555,125.49747467041016,1056.5,6.0,6.0,6.0,0.7524929046630859,0.8074217438697815,0.064483642578125,0.4573430120944977,0.7946949005126953,4.835629940032959,5.3888421058654785,9.3955659866333,Hexagone
42.0,40.0,0.9523809552192688,0.8314261436462402,0.7345238327980042,0.9751086235046387,136.56854248046875,1234.0,6.0,6.0,6.0,0.7345238327980042,0.8007969260215759,0.0753173828125,0.37805336713790894,0.7945693135261536,4.593790531158447,7.824410915374756,9.693912506103516,Hexagone
42.0,42.0,1.0,0.8215347528457642,0.6961451172828674,0.9692186117172241,137.05381774902344,1228.0,6.0,6.0,6.0,0.6961451172828674,0.7936671376228333,0.074951171875,0.3739405572414398,0.7947192788124084,4.416338920593262,10.71548080444336,9.276641845703125,Hexagone
46.0,46.0,1.0,0.8361866474151611,0.703213632106781,0.9735034108161926,149.5391082763672,1488.0,6.0,6.0,6.0,0.703213632106781,0.81874018907547,0.0908203125,0.17288897931575775,0.7949831485748291,5.538573265075684,7.978378772735596,9.772987365722656,Hexagone
44.0,44.0,1.0,0.848397970199585,0.7102272510528564,0.9755232334136963,142.71067810058594,1375.0,6.0,6.0,6.0,0.7102272510528564,0.8441123962402344,0.08392333984375,0.16747944056987762,0.7952790260314941,4.784531593322754,7.8801798820495605,9.818303108215332,Hexagone
30.0,30.0,1.0,0.8582622408866882,0.7177777886390686,0.9721595048904419,97.25483703613281,646.0,6.0,6.0,6.0,0.7177777886390686,0.8479403853416443,0.0394287109375,0.24633966386318207,0.7956991791725159,4.831522464752197,7.225069999694824,9.30510425567627,Hexagone
40.0,40.0,1.0,0.8311995267868042,0.7137500047683716,0.9677966237068176,131.39697265625,1142.0,6.0,6.0,6.0,0.7137500047683716,0.7997942566871643,0.0697021484375,0.29915353655815125,0.7949384450912476,4.998764991760254,10.61833381652832,9.259736061096191,Hexagone
30.0,30.0,1.0,0.8582622408866882,0.7177777886390686,0.9721595048904419,97.25483703613281,646.0,6.0,6.0,6.0,0.7177777886390686,0.8479403853416443,0.0394287109375,0.24633966386318207,0.7956991791725159,4.831522464752197,7.225069999694824,9.30510425567627,Hexagone
50.0,46.0,0.9200000166893005,0.8386192917823792,0.7526087164878845,0.9854825139045715,161.05381774902344,1731.0,6.0,6.0,6.0,0.7526087164878845,0.8002763986587524,0.10565185546875,0.45303666591644287,0.7947059869766235,4.636147499084473,8.0750093460083,10.023330688476562,Hexagone
38.0,40.0,0.949999988079071,0.8331544399261475,0.7342105507850647,0.9746724963188171,129.7401123046875,1116.0,6.0,6.0,6.0,0.7342105507850647,0.810103714466095,0.068115234375,0.3653564155101776,0.7949851155281067,4.944641590118408,12.0,12.0,Hexagone
32.0,32.0,1.0,0.8298749923706055,0.73046875,0.9701685905456543,106.42640686035156,748.0,6.0,6.0,6.0,0.73046875,0.7923229932785034,0.045654296875,0.4333212375640869,0.7943044304847717,4.082271099090576,12.0,12.0,Hexagone
44.0,44.0,1.0,0.8194182515144348,0.7086777091026306,0.9696112871170044,145.05381774902344,1372.0,6.0,6.0,6.0,0.7086777091026306,0.7904389500617981,0.083740234375,0.3867477476596832,0.79471755027771,4.46942663192749,12.0,12.0,Hexagone
34.0,34.0,1.0,0.8252438306808472,0.7136678099632263,0.9666081070899963,112.08325958251953,825.0,6.0,6.0,6.0,0.7136678099632263,0.7993996143341064,0.05035400390625,0.3932464122772217,0.7947931289672852,4.571340560913086,7.417575836181641,9.48183536529541,Hexagone
32.0,32.0,1.0,0.8337063789367676,0.7177734375,0.9645669460296631,105.25482940673828,735.0,6.0,6.0,6.0,0.7177734375,0.7998464107513428,0.04486083984375,0.3314916491508484,0.7949347496032715,4.799285888671875,6.981329441070557,10.364501953125,Hexagone
42.0,42.0,1.0,0.8215347528457642,0.6961451172828674,0.9692186117172241,137.05381774902344,1228.0,6.0,6.0,6.0,0.6961451172828674,0.7936671376228333,0.074951171875,0.3739108741283417,0.794718325138092,4.416406631469727,7.190818786621094,9.53138256072998,Hexagone
46.0,46.0,1.0,0.8209355473518372,0.7121928334236145,0.97006756067276,151.8822479248047,1507.0,7.0,6.0,6.0,0.7121928334236145,0.8041728734970093,0.09197998046875,0.3933146297931671,0.7947077751159668,4.488046169281006,6.657505035400391,9.840934753417969,Hexagone
42.0,40.0,0.9523809552192688,0.8314261436462402,0.7345238327980042,0.9751086235046387,136.56854248046875,1234.0,6.0,6.0,6.0,0.7345238327980042,0.8007969260215759,0.0753173828125,0.37805336713790894,0.7945693135261536,4.593790531158447,7.824410915374756,9.693912506103516,Hexagone
48.0,50.0,0.9599999785423279,0.8240005373954773,0.7233333587646484,0.9752808809280396,162.71067810058594,1736.0,6.0,6.0,6.0,0.7233333587646484,0.8072779774665833,0.10595703125,0.3666941225528717,0.7948736548423767,4.897678852081299,12.0,12.0,Hexagone
40.0,40.0,1.0,0.8210096955299377,0.7049999833106995,0.9674099683761597,131.39697265625,1128.0,6.0,6.0,6.0,0.7049999833106995,0.7934811115264893,0.06884765625,0.3669006824493408,0.7947766184806824,4.564328193664551,12.0,12.0,Hexagone
50.0,48.0,0.9599999785423279,0.8240005373954773,0.7233333587646484,0.9752808809280396,162.71067810058594,1736.0,6.0,6.0,6.0,0.7233333587646484,0.8072779774665833,0.10595703125,0.3666941225528717,0.7948736548423767,4.897678852081299,12.0,12.0,Hexagone
37.0,34.0,0.9189189076423645,0.8453489542007446,0.7456279993057251,0.9801462888717651,118.08325958251953,938.0,6.0,6.0,6.0,0.7456279993057251,0.8236457109451294,0.0572509765625,0.4430674612522125,0.7948582172393799,5.315267086029053,5.411264419555664,9.020347595214844,Hexagone
40.0,41.0,0.9756097793579102,0.8516544699668884,0.709756076335907,0.978973925113678,131.05381774902344,1164.0,6.0,6.0,6.0,0.709756076335907,0.8224400877952576,0.071044921875,0.24439959228038788,0.7952413558959961,5.093274116516113,6.424341201782227,8.691821098327637,Hexagone
44.0,46.0,0.95652174949646,0.831348180770874,0.7376482486724854,0.9751796126365662,150.22540283203125,1493.0,6.0,6.0,6.0,0.7376482486724854,0.7887681722640991,0.09112548828125,0.41080740094184875,0.7947109341621399,4.424055099487305,7.367300033569336,9.913286209106445,Hexagone
30.0,30.0,1.0,0.8275748491287231,0.7088888883590698,0.9615674614906311,98.42640686035156,638.0,6.0,6.0,4.0,0.7088888883590698,0.8042739033699036,0.0389404296875,0.3442847430706024,0.7949354648590088,5.101572036743164,6.9217939376831055,9.762819290161133,Hexagone
36.0,36.0,1.0,0.8220580816268921,0.7137345671653748,0.9680795669555664,118.91168975830078,925.0,6.0,6.0,6.0,0.7137345671653748,0.7778960466384888,0.05645751953125,0.4202652871608734,0.7944169044494629,4.14693021774292,7.207706928253174,10.11766242980957,Hexagone
33.0,32.0,0.9696969985961914,0.8483028411865234,0.7035984992980957,0.9706074595451355,104.91168975830078,743.0,7.0,6.0,6.0,0.7035984992980957,0.8197086453437805,0.04534912109375,0.3135986030101776,0.7951147556304932,4.427313804626465,5.983581066131592,8.20924186706543,Hexagone
30.0,30.0,1.0,0.8582622408866882,0.7177777886390686,0.9721595048904419,97.25483703613281,646.0,8.0,6.0,6.0,0.7177777886390686,0.8479403853416443,0.0394287109375,0.24633966386318207,0.7956991791725159,4.831522464752197,7.225069999694824,9.30510425567627,Hexagone
36.0,36.0,1.0,0.8300564885139465,0.720678985118866,0.9663735032081604,118.91168975830078,934.0,6.0,6.0,6.0,0.720678985118866,0.7981165051460266,0.0570068359375,0.40932026505470276,0.7947682738304138,4.531404495239258,7.550418853759766,9.463825225830078,Hexagone
46.0,46.0,1.0,0.822699785232544,0.6918714642524719,0.9705004692077637,149.5391082763672,1464.0,6.0,6.0,6.0,0.6918714642524719,0.8055347204208374,0.08935546875,0.30199623107910156,0.7949147820472717,4.8440752029418945,7.933921813964844,9.873090744018555,Hexagone
50.0,50.0,1.0,0.8218912482261658,0.7067999839782715,0.9730176329612732,164.36752319335938,1767.0,6.0,6.0,6.0,0.7067999839782715,0.8122011423110962,0.10784912109375,0.31508395075798035,0.7948135137557983,4.733320713043213,7.423624515533447,11.161808013916016,Hexagone
41.0,40.0,0.9756097793579102,0.8516544699668884,0.709756076335907,0.978973925113678,131.05381774902344,1164.0,6.0,6.0,6.0,0.709756076335907,0.8224400877952576,0.071044921875,0.24439959228038788,0.7952413558959961,5.093274116516113,6.424341201782227,8.691821098327637,Hexagone
50.0,50.0,1.0,0.8367399573326111,0.6991999745368958,0.9765363335609436,162.02438354492188,1748.0,6.0,6.0,6.0,0.6991999745368958,0.8104901313781738,0.106689453125,0.2647312581539154,0.7949641942977905,4.986481666564941,12.0,12.0,Hexagone
44.0,46.0,0.95652174949646,0.8296777009963989,0.7361660003662109,0.9773696064949036,150.22540283203125,1490.0,6.0,6.0,6.0,0.7361660003662109,0.7977761030197144,0.0909423828125,0.4027251601219177,0.794440507888794,4.364151477813721,7.988550662994385,9.894524574279785,Hexagone
30.0,30.0,1.0,0.8405462503433228,0.7200000286102295,0.9642857313156128,98.42640686035156,648.0,7.0,6.0,6.0,0.7200000286102295,0.7739673852920532,0.03955078125,0.35124775767326355,0.794609546661377,4.29536247253418,6.285916805267334,9.491693496704102,Hexagone
28.0,28.0,1.0,0.8322883248329163,0.7270408272743225,0.9710391759872437,92.7695541381836,570.0,6.0,6.0,6.0,0.7270408272743225,0.7607307434082031,0.0347900390625,0.46282294392585754,0.7931345701217651,3.7539124488830566,12.0,12.0,Hexagone
48.0,46.0,0.9583333134651184,0.8279571533203125,0.7250905632972717,0.9717754125595093,155.8822479248047,1601.0,6.0,6.0,6.0,0.7250905632972717,0.8082634806632996,0.09771728515625,0.35746386647224426,0.7949612736701965,5.24714994430542,7.652485370635986,10.610353469848633,Hexagone
38.0,36.0,0.9473684430122375,0.8334724307060242,0.7324561476707458,0.9732879996299744,122.91168975830078,1002.0,6.0,6.0,6.0,0.7324561476707458,0.8043968081474304,0.0611572265625,0.3621813654899597,0.7946289777755737,4.831051826477051,7.646162033081055,9.461230278015137,Hexagone
36.0,38.0,0.9473684430122375,0.8334724307060242,0.7324561476707458,0.9732879996299744,122.91168975830078,1002.0,6.0,6.0,6.0,0.7324561476707458,0.8043968081474304,0.0611572265625,0.3621813654899597,0.7946289777755737,4.831051826477051,7.646162033081055,9.461230278015137,Hexagone
26.0,29.0,0.8965517282485962,0.8556424975395203,0.7440318465232849,0.9782040119171143,90.7695541381836,561.0,6.0,6.0,6.0,0.7440318465232849,0.8349363207817078,0.03424072265625,0.37790611386299133,0.7947285771369934,4.768394947052002,5.112223148345947,8.566967010498047,Hexagone
50.0,50.0,1.0,0.8367399573326111,0.6991999745368958,0.9765363335609436,162.02438354492188,1748.0,6.0,6.0,6.0,0.6991999745368958,0.8104901313781738,0.106689453125,0.2647312581539154,0.7949641942977905,4.986481666564941,12.0,12.0,Hexagone
40.0,42.0,0.9523809552192688,0.8334474563598633,0.7363095283508301,0.9747833013534546,136.56854248046875,1237.0,6.0,6.0,6.0,0.7363095283508301,0.7898612022399902,0.07550048828125,0.38407182693481445,0.7948662042617798,4.656856060028076,7.2025251388549805,9.996011734008789,Hexagone
38.0,36.0,0.9473684430122375,0.8359678387641907,0.734649121761322,0.9710144996643066,122.91168975830078,1005.0,6.0,6.0,4.0,0.734649121761322,0.7908487319946289,0.06134033203125,0.34755074977874756,0.7949503064155579,4.891323089599609,10.61306095123291,9.082229614257812,Hexagone
32.0,33.0,0.9696969985961914,0.8562949299812317,0.7102272510528564,0.9752925634384155,104.91168975830078,750.0,6.0,6.0,6.0,0.7102272510528564,0.827430784702301,0.0457763671875,0.28658148646354675,0.795348584651947,4.892252445220947,6.1474223136901855,8.41963005065918,Hexagone
48.0,48.0,1.0,0.8298738598823547,0.7113715410232544,0.9744352102279663,157.5391082763672,1639.0,6.0,6.0,6.0,0.7113715410232544,0.7995492219924927,0.10003662109375,0.29152393341064453,0.7948978543281555,4.872739791870117,12.0,12.0,Hexagone
38.0,38.0,1.0,0.8252153396606445,0.7056786417961121,0.9672520160675049,124.56854248046875,1019.0,7.0,6.0,6.0,0.7056786417961121,0.8139386177062988,0.06219482421875,0.31320828199386597,0.7949299812316895,5.15971040725708,6.280576229095459,9.847719192504883,Hexagone
40.0,38.0,0.949999988079071,0.8324078917503357,0.7335526347160339,0.9737991094589233,129.7401123046875,1115.0,6.0,6.0,6.0,0.7335526347160339,0.8093777894973755,0.06805419921875,0.35757020115852356,0.7947653532028198,4.8935418128967285,6.255329608917236,9.437132835388184,Hexagone
38.0,38.0,1.0,0.8351824879646301,0.7008309960365295,0.9674952030181885,123.39697265625,1012.0,6.0,6.0,6.0,0.7008309960365295,0.8124247193336487,0.061767578125,0.265089213848114,0.7950496077537537,5.1965508460998535,12.0,12.0,Hexagone
36.0,38.0,0.9473684430122375,0.8406606316566467,0.7529239654541016,0.9823557734489441,124.08325958251953,1030.0,6.0,6.0,6.0,0.7529239654541016,0.787169337272644,0.0628662109375,0.5009098649024963,0.794560968875885,4.268427848815918,6.083466053009033,9.739601135253906,Hexagone
50.0,50.0,1.0,0.827128529548645,0.701200008392334,0.9738888740539551,163.19595336914062,1753.0,6.0,6.0,6.0,0.701200008392334,0.8128084540367126,0.10699462890625,0.23578721284866333,0.7949123382568359,5.109057426452637,7.5084123611450195,9.90038776397705,Hexagone
42.0,40.0,0.9523809552192688,0.8334474563598633,0.7363095283508301,0.9747833013534546,136.56854248046875,1237.0,6.0,6.0,6.0,0.7363095283508301,0.7898612022399902,0.07550048828125,0.38407182693481445,0.7948662042617798,4.656856060028076,7.2025251388549805,9.996011734008789,Hexagone
28.0,30.0,0.9333333373069763,0.8308736681938171,0.6845238208770752,0.9607351422309875,93.25483703613281,575.0,7.0,6.0,6.0,0.6845238208770752,0.7940380573272705,0.03509521484375,0.37088027596473694,0.7944269776344299,4.088795185089111,7.5811309814453125,8.85295581817627,Hexagone
30.0,30.0,1.0,0.8582622408866882,0.7177777886390686,0.9721595048904419,97.25483703613281,646.0,6.0,6.0,6.0,0.7177777886390686,0.8479403853416443,0.0394287109375,0.24633966386318207,0.7956991791725159,4.831522464752197,7.225069999694824,9.30510425567627,Hexagone
32.0,30.0,0.9375,0.8322390913963318,0.7072916626930237,0.9624379873275757,101.25483703613281,679.0,8.0,6.0,6.0,0.7072916626930237,0.799001157283783,0.04144287109375,0.3789162039756775,0.7943658232688904,4.1254754066467285,6.1736741065979,9.14760684967041,Hexagone
46.0,46.0,1.0,0.8243432641029358,0.7041587829589844,0.970367968082428,150.71067810058594,1490.0,6.0,6.0,6.0,0.7041587829589844,0.8142108917236328,0.0909423828125,0.2790776193141937,0.7949156165122986,5.118071556091309,7.124948978424072,11.104927062988281,Hexagone
40.0,40.0,1.0,0.8311995267868042,0.7137500047683716,0.9677966237068176,131.39697265625,1142.0,6.0,6.0,6.0,0.7137500047683716,0.7997942566871643,0.0697021484375,0.299070805311203,0.794937252998352,4.998983383178711,7.120303153991699,9.573980331420898,Hexagone
45.0,40.0,0.8888888955116272,0.8447514176368713,0.746666669845581,0.981380045413971,141.39697265625,1344.0,6.0,6.0,6.0,0.746666669845581,0.8347409963607788,0.08203125,0.3538654148578644,0.794880211353302,5.212359428405762,5.683722019195557,9.01362133026123,Hexagone
34.0,34.0,1.0,0.8288324475288391,0.7318339347839355,0.9718552827835083,113.25483703613281,846.0,6.0,6.0,6.0,0.7318339347839355,0.7816757559776306,0.0516357421875,0.4520316421985626,0.793842613697052,3.934244394302368,5.709014892578125,9.34010124206543,Hexagone
34.0,34.0,1.0,0.8252438306808472,0.7136678099632263,0.9666081070899963,112.08325958251953,825.0,6.0,6.0,6.0,0.7136678099632263,0.7993996143341064,0.05035400390625,0.3932464122772217,0.7947931289672852,4.571340560913086,7.417575836181641,9.48183536529541,Hexagone
44.0,42.0,0.9545454382896423,0.8305186033248901,0.7353895902633667,0.9766439199447632,143.39697265625,1359.0,6.0,6.0,6.0,0.7353895902633667,0.8062990307807922,0.08294677734375,0.3872121274471283,0.7946495413780212,4.559648036956787,6.192869663238525,10.528316497802734,Hexagone
44.0,44.0,1.0,0.8224977850914001,0.6998966932296753,0.9699355959892273,143.8822479248047,1355.0,6.0,6.0,6.0,0.6998966932296753,0.8069338798522949,0.08270263671875,0.27423185110092163,0.7949459552764893,5.234218120574951,12.0,12.0,Hexagone
42.0,42.0,1.0,0.8227947354316711,0.7091836929321289,0.9682662487030029,138.2253875732422,1251.0,6.0,6.0,6.0,0.7091836929321289,0.8085322380065918,0.07635498046875,0.37494543194770813,0.7948542237281799,4.759018898010254,10.554648399353027,9.222100257873535,Hexagone
46.0,48.0,0.9583333134651184,0.8279571533203125,0.7250905632972717,0.9717754125595093,155.8822479248047,1601.0,6.0,6.0,6.0,0.7250905632972717,0.8082634806632996,0.09771728515625,0.35746386647224426,0.7949612736701965,5.24714994430542,7.652485370635986,10.610353469848633,Hexagone
28.0,28.0,1.0,0.8612037897109985,0.733418345451355,0.9696458578109741,91.59797668457031,575.0,8.0,6.0,6.0,0.733418345451355,0.8300486207008362,0.03509521484375,0.21764302253723145,0.7956734299659729,5.956485748291016,12.0,12.0,Hexagone
44.0,44.0,1.0,0.858887255191803,0.7190082669258118,0.9802817106246948,142.71067810058594,1392.0,6.0,6.0,6.0,0.7190082669258118,0.8137439489364624,0.0849609375,0.20981740951538086,0.7952560186386108,4.650007724761963,0.0,0.0,Hexagone
50.0,50.0,1.0,0.8367399573326111,0.6991999745368958,0.9765363335609436,162.02438354492188,1748.0,6.0,6.0,6.0,0.6991999745368958,0.8104901313781738,0.106689453125,0.2647312581539154,0.7949641942977905,4.986481666564941,12.0,12.0,Hexagone
44.0,44.0,1.0,0.8231047987937927,0.7004132270812988,0.9703041315078735,143.8822479248047,1356.0,6.0,6.0,6.0,0.7004132270812988,0.8075293898582458,0.082763671875,0.3752909004688263,0.7947964668273926,4.555587291717529,7.882735729217529,9.95179271697998,Hexagone
34.0,32.0,0.9411764740943909,0.844010591506958,0.7527573704719543,0.9814260005950928,110.42640686035156,819.0,6.0,6.0,6.0,0.7527573704719543,0.7887835502624512,0.04998779296875,0.4870303273200989,0.7947498559951782,4.475030422210693,5.987675666809082,10.008050918579102,Hexagone
42.0,42.0,1.0,0.8503018021583557,0.7205215692520142,0.9743196368217468,137.05381774902344,1271.0,6.0,6.0,6.0,0.7205215692520142,0.8419733047485352,0.07757568359375,0.14421150088310242,0.7953035831451416,5.084820747375488,7.813033103942871,9.927362442016602,Hexagone
48.0,46.0,0.9583333134651184,0.8288966417312622,0.7368659377098083,0.9777644276618958,157.05381774902344,1627.0,6.0,6.0,6.0,0.7368659377098083,0.8035471439361572,0.09930419921875,0.40959426760673523,0.7945020794868469,4.341091632843018,6.38772439956665,9.915196418762207,Hexagone
38.0,36.0,0.9473684430122375,0.8406606316566467,0.7529239654541016,0.9823557734489441,124.08325958251953,1030.0,6.0,6.0,6.0,0.7529239654541016,0.787169337272644,0.0628662109375,0.5009098649024963,0.794560968875885,4.268427848815918,6.083466053009033,9.739601135253906,Hexagone
44.0,46.0,0.95652174949646,0.8308936357498169,0.7257905006408691,0.9715608358383179,149.05381774902344,1469.0,6.0,6.0,6.0,0.7257905006408691,0.7918601632118225,0.08966064453125,0.36033493280410767,0.7948324084281921,4.690774440765381,7.168044567108154,10.345650672912598,Hexagone
48.0,48.0,1.0,0.8352959752082825,0.6948784589767456,0.9762195348739624,155.19595336914062,1601.0,6.0,6.0,6.0,0.6948784589767456,0.8293085098266602,0.09771728515625,0.19607749581336975,0.7950624823570251,6.126859664916992,7.42413330078125,9.982481002807617,Hexagone
46.0,46.0,1.0,0.8243432641029358,0.7041587829589844,0.970367968082428,150.71067810058594,1490.0,6.0,6.0,6.0,0.7041587829589844,0.8142108917236328,0.0909423828125,0.2790776193141937,0.7949156165122986,5.118071556091309,7.124948978424072,11.104927062988281,Hexagone
35.0,32.0,0.9142857193946838,0.8477319478988647,0.7455357313156128,0.9783245325088501,111.25483703613281,835.0,7.0,6.0,6.0,0.7455357313156128,0.8273488283157349,0.05096435546875,0.40912479162216187,0.7949516177177429,6.281658172607422,5.95397424697876,8.860557556152344,Hexagone
28.0,30.0,0.9333333373069763,0.84810471534729,0.7523809671401978,0.9790859818458557,96.7695541381836,632.0,6.0,6.0,6.0,0.7523809671401978,0.7904492020606995,0.03857421875,0.4663357436656952,0.7948635220527649,4.696519374847412,5.879530429840088,9.930347442626953,Hexagone
46.0,48.0,0.9583333134651184,0.8288966417312622,0.7368659377098083,0.9777644276618958,157.05381774902344,1627.0,6.0,6.0,6.0,0.7368659377098083,0.8035471439361572,0.09930419921875,0.40954506397247314,0.794497013092041,4.341634273529053,6.163489818572998,9.492230415344238,Hexagone
34.0,36.0,0.9444444179534912,0.834629476070404,0.7312091588973999,0.9717698097229004,116.08325958251953,895.0,6.0,6.0,6.0,0.7312091588973999,0.8127940893173218,0.05462646484375,0.33219319581985474,0.7947959303855896,5.353123188018799,5.816432476043701,10.164636611938477,Hexagone
42.0,42.0,1.0,0.826083242893219,0.7120181322097778,0.9695098400115967,138.2253875732422,1256.0,6.0,6.0,6.0,0.7120181322097778,0.8117637634277344,0.07666015625,0.34028851985931396,0.7948169112205505,4.629960060119629,7.836927890777588,9.71669864654541,Hexagone
34.0,34.0,1.0,0.8252438306808472,0.7136678099632263,0.9666081070899963,112.08325958251953,825.0,6.0,6.0,6.0,0.7136678099632263,0.7993996143341064,0.05035400390625,0.3932464122772217,0.7947931289672852,4.571340560913086,7.417575836181641,9.48183536529541,Hexagone
48.0,48.0,1.0,0.8298738598823547,0.7113715410232544,0.9744352102279663,157.5391082763672,1639.0,6.0,6.0,6.0,0.7113715410232544,0.7995492219924927,0.10003662109375,0.29152393341064453,0.7948978543281555,4.872739791870117,12.0,12.0,Hexagone
50.0,50.0,1.0,0.831375002861023,0.704800009727478,0.9732118248939514,163.19595336914062,1762.0,6.0,6.0,6.0,0.704800009727478,0.8169814348220825,0.1075439453125,0.20455417037010193,0.7949763536453247,6.643014430999756,8.123050689697266,9.964442253112793,Hexagone
42.0,44.0,0.9545454382896423,0.8311297297477722,0.7359307408332825,0.976310133934021,143.39697265625,1360.0,6.0,6.0,6.0,0.7359307408332825,0.8068923354148865,0.0830078125,0.38659608364105225,0.7948558926582336,4.624340057373047,12.0,12.0,Hexagone
46.0,46.0,1.0,0.8517280220985413,0.7051039934158325,0.980289101600647,148.36753845214844,1492.0,6.0,6.0,6.0,0.7051039934158325,0.844292163848877,0.091064453125,0.2929449677467346,0.7951006293296814,4.406757354736328,0.0,0.0,Hexagone
32.0,32.0,1.0,0.8282211422920227,0.697265625,0.9655172228813171,104.08325958251953,714.0,6.0,6.0,6.0,0.697265625,0.8044977188110352,0.0435791015625,0.36862099170684814,0.7949008345603943,4.681599140167236,6.957156181335449,10.459709167480469,Hexagone
40.0,42.0,0.9523809552192688,0.8314261436462402,0.7345238327980042,0.9751086235046387,136.56854248046875,1234.0,6.0,6.0,6.0,0.7345238327980042,0.8007969260215759,0.0753173828125,0.37805336713790894,0.7945693135261536,4.593790531158447,7.824410915374756,9.693912506103516,Hexagone
38.0,38.0,1.0,0.8533386588096619,0.7160664796829224,0.97455233335495,123.39696502685547,1034.0,6.0,6.0,6.0,0.7160664796829224,0.8385455012321472,0.0631103515625,0.24892546236515045,0.7954772710800171,5.014052391052246,12.0,12.0,Hexagone
44.0,42.0,0.9545454382896423,0.831034243106842,0.7002164721488953,0.9703786969184875,139.8822479248047,1294.0,6.0,6.0,6.0,0.7002164721488953,0.8036866784095764,0.0789794921875,0.30594274401664734,0.7946956753730774,4.485417366027832,7.8665361404418945,9.758642196655273,Hexagone
44.0,44.0,1.0,0.8277796506881714,0.7159090638160706,0.9692307710647583,145.05381774902344,1386.0,6.0,6.0,6.0,0.7159090638160706,0.798504650592804,0.0845947265625,0.3485313951969147,0.79478919506073,4.59627628326416,12.0,12.0,Hexagone
46.0,44.0,0.95652174949646,0.8308936357498169,0.7257905006408691,0.9715608358383179,149.05381774902344,1469.0,6.0,6.0,6.0,0.7257905006408691,0.7918601632118225,0.08966064453125,0.36033493280410767,0.7948324084281921,4.690774440765381,7.168044567108154,10.345650672912598,Hexagone
34.0,36.0,0.9444444179534912,0.8427122235298157,0.7532680034637451,0.9824187755584717,117.25483703613281,922.0,6.0,6.0,6.0,0.7532680034637451,0.8095963001251221,0.0562744140625,0.5014567971229553,0.7945274114608765,4.364604473114014,7.521695137023926,9.553582191467285,Hexagone
42.0,44.0,0.9545454382896423,0.8299692869186401,0.7229437232017517,0.9698729515075684,142.2253875732422,1336.0,6.0,6.0,6.0,0.7229437232017517,0.810788094997406,0.08154296875,0.3423144519329071,0.7950089573860168,6.262395858764648,7.856594562530518,9.860761642456055,Hexagone
33.0,32.0,0.9696969985961914,0.8483028411865234,0.7035984992980957,0.9706074595451355,104.91168975830078,743.0,7.0,6.0,6.0,0.7035984992980957,0.8197086453437805,0.04534912109375,0.3135986030101776,0.7951147556304932,4.427313804626465,5.983581066131592,8.20924186706543,Hexagone
46.0,48.0,0.9583333134651184,0.8279571533203125,0.7250905632972717,0.9717754125595093,155.8822479248047,1601.0,6.0,6.0,6.0,0.7250905632972717,0.8082634806632996,0.09771728515625,0.35746386647224426,0.7949612736701965,5.24714994430542,7.652485370635986,10.610353469848633,Hexagone
42.0,42.0,1.0,0.826083242893219,0.7120181322097778,0.9695098400115967,138.2253875732422,1256.0,6.0,6.0,6.0,0.7120181322097778,0.8117637634277344,0.07666015625,0.34028851985931396,0.7948169112205505,4.629960060119629,7.836927890777588,9.71669864654541,Hexagone
40.0,42.0,0.9523809552192688,0.834223747253418,0.7244047522544861,0.9771175980567932,135.39697265625,1217.0,6.0,6.0,6.0,0.7244047522544861,0.8163954615592957,0.07427978515625,0.36422547698020935,0.794802725315094,4.663636207580566,6.154048442840576,9.37586784362793,Hexagone
50.0,46.0,0.9200000166893005,0.8386192917823792,0.7526087164878845,0.9854825139045715,161.05381774902344,1731.0,6.0,6.0,6.0,0.7526087164878845,0.8002763986587524,0.10565185546875,0.45303666591644287,0.7947059869766235,4.636147499084473,8.0750093460083,10.023330688476562,Hexagone
34.0,36.0,0.9444444179534912,0.8280608654022217,0.6821895241737366,0.9664351940155029,112.56854248046875,835.0,6.0,6.0,6.0,0.6821895241737366,0.7898539900779724,0.05096435546875,0.34870195388793945,0.7945874929428101,4.2356953620910645,12.0,12.0,Hexagone
36.0,36.0,1.0,0.8220580816268921,0.7137345671653748,0.9680795669555664,118.91168975830078,925.0,6.0,6.0,6.0,0.7137345671653748,0.7778960466384888,0.05645751953125,0.4202652871608734,0.7944169044494629,4.14693021774292,7.207706928253174,10.11766242980957,Hexagone
30.0,30.0,1.0,0.8405462503433228,0.7200000286102295,0.9642857313156128,98.42640686035156,648.0,7.0,6.0,6.0,0.7200000286102295,0.7739673852920532,0.03955078125,0.35124775767326355,0.794609546661377,4.29536247253418,6.285916805267334,9.491693496704102,Hexagone
36.0,36.0,1.0,0.8220580816268921,0.7137345671653748,0.9680795669555664,118.91168975830078,925.0,6.0,6.0,6.0,0.7137345671653748,0.7778960466384888,0.05645751953125,0.4202652871608734,0.7944169044494629,4.14693021774292,7.207706928253174,10.11766242980957,Hexagone
46.0,51.0,0.9019607901573181,0.8400316834449768,0.7521312832832336,0.9841048717498779,162.46803283691406,1764.5,6.0,6.0,6.0,0.7521312832832336,0.8157641291618347,0.107696533203125,0.4089343845844269,0.7948670983314514,5.977089881896973,5.956966400146484,9.317261695861816,Hexagone
40.0,40.0,1.0,0.8210096955299377,0.7049999833106995,0.9674099683761597,131.39697265625,1128.0,6.0,6.0,6.0,0.7049999833106995,0.7934811115264893,0.06884765625,0.3669006824493408,0.7947766184806824,4.564328193664551,12.0,12.0,Hexagone
40.0,42.0,0.9523809552192688,0.8334474563598633,0.7363095283508301,0.9747833013534546,136.56854248046875,1237.0,6.0,6.0,6.0,0.7363095283508301,0.7898612022399902,0.07550048828125,0.38407182693481445,0.7948662042617798,4.656856060028076,7.2025251388549805,9.996011734008789,Hexagone
42.0,42.0,1.0,0.8309007287025452,0.704081654548645,0.9695550203323364,137.05381774902344,1242.0,6.0,6.0,6.0,0.704081654548645,0.8092883229255676,0.0758056640625,0.312486857175827,0.7948862314224243,4.66801643371582,12.0,12.0,Hexagone
42.0,42.0,1.0,0.8227947354316711,0.7091836929321289,0.9682662487030029,138.2253875732422,1251.0,6.0,6.0,6.0,0.7091836929321289,0.8085322380065918,0.07635498046875,0.37494543194770813,0.7948542237281799,4.759018898010254,10.554648399353027,9.222100257873535,Hexagone
32.0,32.0,1.0,0.8234977126121521,0.708984375,0.9660678505897522,105.25483703613281,726.0,8.0,6.0,6.0,0.708984375,0.7793939709663391,0.0443115234375,0.39523476362228394,0.794398307800293,4.132377624511719,7.349315643310547,9.322233200073242,Hexagone
35.0,32.0,0.9142857193946838,0.8494236469268799,0.7549107074737549,0.980289876461029,111.84062194824219,845.5,6.0,6.0,6.0,0.7549107074737549,0.81430584192276,0.051605224609375,0.4365805685520172,0.7948299646377563,4.875493049621582,6.1740617752075195,8.357397079467773,Hexagone
50.0,50.0,1.0,0.825251579284668,0.6895999908447266,0.9731865525245667,162.02438354492188,1724.0,6.0,6.0,6.0,0.6895999908447266,0.8160029649734497,0.105224609375,0.2416132241487503,0.7949867248535156,5.456016540527344,7.09162712097168,10.007769584655762,Hexagone
42.0,42.0,1.0,0.8309007287025452,0.704081654548645,0.9695550203323364,137.05381774902344,1242.0,8.0,6.0,6.0,0.704081654548645,0.8092883229255676,0.0758056640625,0.312486857175827,0.7948862314224243,4.66801643371582,12.0,12.0,Hexagone
48.0,48.0,1.0,0.8530349135398865,0.7096354365348816,0.980215847492218,155.19595336914062,1635.0,6.0,6.0,6.0,0.7096354365348816,0.8496857285499573,0.09979248046875,0.21499751508235931,0.7953088879585266,5.165940761566162,7.434906482696533,9.883557319641113,Hexagone
44.0,44.0,1.0,0.8411738276481628,0.6926652789115906,0.9781181812286377,141.5391082763672,1341.0,6.0,6.0,6.0,0.6926652789115906,0.8328777551651001,0.08184814453125,0.2294335663318634,0.7950462698936462,5.108452796936035,7.269817352294922,9.734292984008789,Hexagone
42.0,46.0,0.9130434989929199,0.8410022854804993,0.7525879740715027,0.9850948452949524,147.39697265625,1454.0,6.0,6.0,6.0,0.7525879740715027,0.8028079271316528,0.0887451171875,0.4386192560195923,0.7947903275489807,4.865971088409424,12.0,12.0,Hexagone
40.0,42.0,0.9523809552192688,0.8334474563598633,0.7363095283508301,0.9747833013534546,136.56854248046875,1237.0,6.0,6.0,6.0,0.7363095283508301,0.7898612022399902,0.07550048828125,0.38407182693481445,0.7948662042617798,4.656856060028076,7.2025251388549805,9.996011734008789,Hexagone
38.0,38.0,1.0,0.8252153396606445,0.7056786417961121,0.9672520160675049,124.56854248046875,1019.0,7.0,6.0,6.0,0.7056786417961121,0.8139386177062988,0.06219482421875,0.31320828199386597,0.7949299812316895,5.15971040725708,6.280576229095459,9.847719192504883,Hexagone
34.0,34.0,1.0,0.8282447457313538,0.7162629961967468,0.9639115333557129,112.08325958251953,828.0,6.0,6.0,6.0,0.7162629961967468,0.8023065328598022,0.050537109375,0.39930790662765503,0.7947127223014832,4.390154838562012,12.0,12.0,Hexagone
36.0,36.0,1.0,0.8357798457145691,0.7114197611808777,0.9684873819351196,117.7401123046875,922.0,6.0,6.0,6.0,0.7114197611808777,0.8007603287696838,0.0562744140625,0.253374844789505,0.7950223088264465,5.348300457000732,12.0,12.0,Hexagone
40.0,42.0,0.9523809552192688,0.8314261436462402,0.7345238327980042,0.9751086235046387,136.56854248046875,1234.0,6.0,6.0,6.0,0.7345238327980042,0.8007969260215759,0.0753173828125,0.37805336713790894,0.7945693135261536,4.593790531158447,7.824410915374756,9.693912506103516,Hexagone
34.0,34.0,1.0,0.8252438306808472,0.7136678099632263,0.9666081070899963,112.08325958251953,825.0,6.0,6.0,6.0,0.7136678099632263,0.7993996143341064,0.05035400390625,0.3932464122772217,0.7947931289672852,4.571340560913086,7.417575836181641,9.48183536529541,Hexagone
34.0,32.0,0.9411764740943909,0.8289547562599182,0.6930146813392639,0.9660474061965942,106.91168975830078,754.0,8.0,6.0,6.0,0.6930146813392639,0.7933981418609619,0.0460205078125,0.2940223813056946,0.7946667075157166,4.4336934089660645,7.3321614265441895,9.407401084899902,Hexagone
36.0,38.0,0.9473684430122375,0.8334724307060242,0.7324561476707458,0.9732879996299744,122.91168975830078,1002.0,6.0,6.0,6.0,0.7324561476707458,0.8043968081474304,0.0611572265625,0.36833837628364563,0.7945563793182373,4.382350444793701,5.751953125,8.864859580993652,Hexagone
42.0,42.0,1.0,0.8384846448898315,0.6984127163887024,0.973528265953064,135.8822479248047,1232.0,6.0,6.0,6.0,0.6984127163887024,0.8127548694610596,0.0751953125,0.2737666368484497,0.7950459122657776,5.173872470855713,7.790529251098633,9.718716621398926,Hexagone
44.0,48.0,0.9166666865348816,0.8395024538040161,0.7523674368858337,0.9826839566230774,154.22540283203125,1589.0,6.0,6.0,6.0,0.7523674368858337,0.817769467830658,0.09698486328125,0.4268368184566498,0.7948269248008728,5.021025657653809,12.0,12.0,Hexagone
34.0,36.0,0.9444444179534912,0.8382881879806519,0.7050653696060181,0.9680314064025879,113.7401123046875,863.0,6.0,6.0,6.0,0.7050653696060181,0.8115169405937195,0.05267333984375,0.31899747252464294,0.7948055863380432,4.559340000152588,7.47313117980957,9.408966064453125,Hexagone
42.0,42.0,1.0,0.826083242893219,0.7120181322097778,0.9695098400115967,138.2253875732422,1256.0,8.0,6.0,6.0,0.7120181322097778,0.8117637634277344,0.07666015625,0.34028851985931396,0.7948169112205505,4.629960060119629,7.836927890777588,9.71669864654541,Hexagone
50.0,50.0,1.0,0.827128529548645,0.701200008392334,0.9738888740539551,163.19595336914062,1753.0,6.0,6.0,6.0,0.701200008392334,0.8128084540367126,0.10699462890625,0.23580674827098846,0.7949128150939941,5.108984470367432,11.050407409667969,9.53395938873291,Hexagone
28.0,28.0,1.0,0.8352086544036865,0.7295918464660645,0.9662162065505981,92.7695541381836,572.0,6.0,6.0,4.0,0.7295918464660645,0.7968088984489441,0.034912109375,0.41165846586227417,0.794643759727478,4.255884647369385,12.0,12.0,Hexagone
30.0,30.0,1.0,0.8582622408866882,0.7177777886390686,0.9721595048904419,97.25483703613281,646.0,8.0,6.0,6.0,0.7177777886390686,0.8479403853416443,0.0394287109375,0.24633966386318207,0.7956991791725159,4.831522464752197,7.225069999694824,9.30510425567627,Hexagone
28.0,28.0,1.0,0.8352086544036865,0.7295918464660645,0.9662162065505981,92.7695541381836,572.0,6.0,6.0,4.0,0.7295918464660645,0.7968088984489441,0.034912109375,0.41165846586227417,0.794643759727478,4.255884647369385,12.0,12.0,Hexagone
38.0,38.0,1.0,0.8252153396606445,0.7056786417961121,0.9672520160675049,124.56854248046875,1019.0,6.0,6.0,6.0,0.7056786417961121,0.8139386177062988,0.06219482421875,0.31243324279785156,0.7949419617652893,5.158907890319824,7.8894758224487305,9.506104469299316,Hexagone
32.0,32.0,1.0,0.8398208618164062,0.70703125,0.9646902084350586,104.08325958251953,724.0,6.0,6.0,6.0,0.70703125,0.7878758907318115,0.044189453125,0.358111172914505,0.794752299785614,4.295233249664307,6.3822784423828125,10.563243865966797,Hexagone
36.0,36.0,1.0,0.8517394661903381,0.7106481194496155,0.9735729098320007,116.56854248046875,921.0,6.0,6.0,6.0,0.7106481194496155,0.8412060737609863,0.05621337890625,0.21449655294418335,0.7953087091445923,4.445542335510254,6.940091133117676,9.883072853088379,Hexagone
30.0,30.0,1.0,0.8405462503433228,0.7200000286102295,0.9642857313156128,98.42640686035156,648.0,6.0,6.0,6.0,0.7200000286102295,0.7739673852920532,0.03955078125,0.3512761890888214,0.794623613357544,4.294708728790283,8.771488189697266,9.347175598144531,Hexagone
28.0,28.0,1.0,0.8322883248329163,0.7270408272743225,0.9710391759872437,92.7695541381836,570.0,6.0,6.0,6.0,0.7270408272743225,0.7607307434082031,0.0347900390625,0.46282294392585754,0.7931345701217651,3.7539124488830566,12.0,12.0,Hexagone
34.0,34.0,1.0,0.8252438306808472,0.7136678099632263,0.9666081070899963,112.08325958251953,825.0,6.0,6.0,6.0,0.7136678099632263,0.7993996143341064,0.05035400390625,0.3932464122772217,0.7947931289672852,4.571340560913086,7.417575836181641,9.48183536529541,Hexagone
32.0,32.0,1.0,0.8234977126121521,0.708984375,0.9660678505897522,105.25483703613281,726.0,6.0,6.0,6.0,0.708984375,0.7793939709663391,0.0443115234375,0.39523476362228394,0.794398307800293,4.132377624511719,7.349315643310547,9.322233200073242,Hexagone
44.0,42.0,0.9545454382896423,0.8299692869186401,0.7229437232017517,0.9698729515075684,142.2253875732422,1336.0,6.0,6.0,6.0,0.7229437232017517,0.810788094997406,0.08154296875,0.3423144519329071,0.7950089573860168,6.262395858764648,7.856594562530518,9.860761642456055,Hexagone
28.0,28.0,1.0,0.8729063272476196,0.7244898080825806,0.975944995880127,90.42640686035156,568.0,8.0,6.0,6.0,0.7244898080825806,0.8199436664581299,0.03466796875,0.11605222523212433,0.7958113551139832,4.719366073608398,12.0,12.0,Hexagone
34.0,34.0,1.0,0.8335763812065125,0.7058823704719543,0.9651094079017639,110.91168975830078,816.0,6.0,6.0,6.0,0.7058823704719543,0.8258758783340454,0.0498046875,0.25209376215934753,0.7949685454368591,5.000707149505615,6.835168838500977,9.817748069763184,Hexagone
30.0,28.0,0.9333333373069763,0.84810471534729,0.7523809671401978,0.9790859818458557,96.7695541381836,632.0,6.0,6.0,6.0,0.7523809671401978,0.7904492020606995,0.03857421875,0.4663357436656952,0.7948635220527649,4.696519374847412,5.879530429840088,9.930347442626953,Hexagone
40.0,42.0,0.9523809552192688,0.834223747253418,0.7244047522544861,0.9771175980567932,135.39697265625,1217.0,6.0,6.0,6.0,0.7244047522544861,0.8163954615592957,0.07427978515625,0.36422547698020935,0.794802725315094,4.663636207580566,6.154048442840576,9.37586784362793,Hexagone
31.0,28.0,0.9032257795333862,0.8544825315475464,0.7551843523979187,0.9783582091331482,98.18376922607422,655.5,6.0,6.0,6.0,0.7551843523979187,0.8198409080505371,0.040008544921875,0.4032122492790222,0.7947487235069275,4.557193756103516,5.9984130859375,8.276875495910645,Hexagone
44.0,44.0,1.0,0.8224977850914001,0.6998966932296753,0.9699355959892273,143.8822479248047,1355.0,6.0,6.0,6.0,0.6998966932296753,0.8069338798522949,0.08270263671875,0.27423185110092163,0.7949459552764893,5.234218120574951,12.0,12.0,Hexagone
46.0,48.0,0.9583333134651184,0.8288966417312622,0.7368659377098083,0.9777644276618958,157.05381774902344,1627.0,6.0,6.0,6.0,0.7368659377098083,0.8035471439361572,0.09930419921875,0.40954506397247314,0.794497013092041,4.341634273529053,6.163489818572998,9.492230415344238,Hexagone
36.0,34.0,0.9444444179534912,0.834629476070404,0.7312091588973999,0.9717698097229004,116.08325958251953,895.0,6.0,6.0,6.0,0.7312091588973999,0.8127940893173218,0.05462646484375,0.3325623571872711,0.7948206067085266,5.348870277404785,6.269214153289795,9.499931335449219,Hexagone
44.0,44.0,1.0,0.858887255191803,0.7190082669258118,0.9802817106246948,142.71067810058594,1392.0,6.0,6.0,6.0,0.7190082669258118,0.8137439489364624,0.0849609375,0.20981740951538086,0.7952560186386108,4.650007724761963,0.0,0.0,Hexagone
28.0,28.0,1.0,0.8322883248329163,0.7270408272743225,0.9661017060279846,92.7695541381836,570.0,6.0,6.0,6.0,0.7270408272743225,0.7940228581428528,0.0347900390625,0.3979206681251526,0.7945314645767212,4.276865005493164,12.0,12.0,Hexagone
42.0,44.0,0.9545454382896423,0.8299075365066528,0.7348484992980957,0.9741750359535217,143.39697265625,1358.0,6.0,6.0,6.0,0.7348484992980957,0.7823732495307922,0.0828857421875,0.3948081135749817,0.7942036986351013,4.1550798416137695,7.270241737365723,9.596847534179688,Hexagone
50.0,50.0,1.0,0.8367399573326111,0.6991999745368958,0.9765363335609436,162.02438354492188,1748.0,6.0,6.0,6.0,0.6991999745368958,0.8104901313781738,0.106689453125,0.2647312581539154,0.7949641942977905,4.986481666564941,12.0,12.0,Hexagone
32.0,32.0,1.0,0.8320938944816589,0.732421875,0.9677419066429138,106.42640686035156,750.0,6.0,6.0,6.0,0.732421875,0.7944415211677551,0.0457763671875,0.44597774744033813,0.7943496704101562,4.056728363037109,6.745547771453857,8.969411849975586,Hexagone
28.0,28.0,1.0,0.8352086544036865,0.7295918464660645,0.9662162065505981,92.7695541381836,572.0,6.0,6.0,4.0,0.7295918464660645,0.7968088984489441,0.034912109375,0.41165846586227417,0.794643759727478,4.255884647369385,12.0,12.0,Hexagone
38.0,41.0,0.9268292784690857,0.8428043723106384,0.7471116781234741,0.9814502596855164,131.7401123046875,1164.0,6.0,6.0,6.0,0.7471116781234741,0.8188049793243408,0.071044921875,0.4402151107788086,0.7947604060173035,4.756402492523193,5.524707317352295,9.57409954071045,Hexagone
28.0,28.0,1.0,0.8612037897109985,0.733418345451355,0.9696458578109741,91.59797668457031,575.0,8.0,6.0,6.0,0.733418345451355,0.8300486207008362,0.03509521484375,0.21764302253723145,0.7956734299659729,5.956485748291016,12.0,12.0,Hexagone
42.0,44.0,0.9545454382896423,0.8311297297477722,0.7359307408332825,0.976310133934021,143.39697265625,1360.0,6.0,6.0,6.0,0.7359307408332825,0.8068923354148865,0.0830078125,0.38659608364105225,0.7948558926582336,4.624340057373047,12.0,12.0,Hexagone
28.0,28.0,1.0,0.8612037897109985,0.733418345451355,0.9696458578109741,91.59797668457031,575.0,8.0,6.0,6.0,0.733418345451355,0.8300486207008362,0.03509521484375,0.21764302253723145,0.7956734299659729,5.956485748291016,12.0,12.0,Hexagone
32.0,32.0,1.0,0.8298749923706055,0.73046875,0.9701685905456543,106.42640686035156,748.0,6.0,6.0,6.0,0.73046875,0.7923229932785034,0.045654296875,0.4333212375640869,0.7943044304847717,4.082271099090576,12.0,12.0,Hexagone
38.0,36.0,0.9473684430122375,0.8334724307060242,0.7324561476707458,0.9732879996299744,122.91168975830078,1002.0,6.0,6.0,6.0,0.7324561476707458,0.8043968081474304,0.0611572265625,0.36862292885780334,0.7945820093154907,4.38187837600708,6.132781982421875,8.721203804016113,Hexagone
42.0,42.0,1.0,0.8322387337684631,0.7052153944969177,0.9707373976707458,137.05381774902344,1244.0,6.0,6.0,6.0,0.7052153944969177,0.8206713199615479,0.075927734375,0.21910832822322845,0.7950131297111511,6.02618932723999,7.421104431152344,10.906472206115723,Hexagone
46.0,46.0,1.0,0.833376944065094,0.7008506655693054,0.9718217849731445,149.5391082763672,1483.0,6.0,6.0,6.0,0.7008506655693054,0.8103857636451721,0.09051513671875,0.282147616147995,0.7949566841125488,5.024787902832031,12.0,12.0,Hexagone
32.0,32.0,1.0,0.8298749923706055,0.73046875,0.9701685905456543,106.42640686035156,748.0,6.0,6.0,6.0,0.73046875,0.7923229932785034,0.045654296875,0.4333212375640869,0.7943044304847717,4.082271099090576,12.0,12.0,Hexagone
32.0,32.0,1.0,0.8282211422920227,0.697265625,0.9655172228813171,104.08325958251953,714.0,6.0,6.0,6.0,0.697265625,0.8044977188110352,0.0435791015625,0.36862099170684814,0.7949008345603943,4.681599140167236,6.957156181335449,10.459709167480469,Hexagone
32.0,32.0,1.0,0.8282211422920227,0.697265625,0.9655172228813171,104.08325958251953,714.0,6.0,6.0,6.0,0.697265625,0.8044977188110352,0.0435791015625,0.36862099170684814,0.7949008345603943,4.681599140167236,6.957156181335449,10.459709167480469,Hexagone
30.0,30.0,1.0,0.8582622408866882,0.7177777886390686,0.9721595048904419,97.25483703613281,646.0,8.0,6.0,6.0,0.7177777886390686,0.8479403853416443,0.0394287109375,0.24633966386318207,0.7956991791725159,4.831522464752197,7.225069999694824,9.30510425567627,Hexagone
48.0,48.0,1.0,0.8530349135398865,0.7096354365348816,0.980215847492218,155.19595336914062,1635.0,6.0,6.0,6.0,0.7096354365348816,0.8496857285499573,0.09979248046875,0.21499751508235931,0.7953088879585266,5.165940761566162,7.434906482696533,9.883557319641113,Hexagone
32.0,30.0,0.9375,0.8261106610298157,0.7020833492279053,0.9635453820228577,101.25482940673828,674.0,8.0,6.0,6.0,0.7020833492279053,0.7931174635887146,0.0411376953125,0.401501327753067,0.794248640537262,4.05711030960083,7.312657833099365,9.227852821350098,Hexagone
42.0,40.0,0.9523809552192688,0.8290829658508301,0.6952381134033203,0.970099687576294,133.05381774902344,1168.0,6.0,6.0,6.0,0.6952381134033203,0.8038540482521057,0.0712890625,0.266340970993042,0.794831395149231,4.7650322914123535,6.775026321411133,10.105779647827148,Hexagone
42.0,44.0,0.9545454382896423,0.8299075365066528,0.7348484992980957,0.9741750359535217,143.39697265625,1358.0,6.0,6.0,6.0,0.7348484992980957,0.7823732495307922,0.0828857421875,0.3948081135749817,0.7942036986351013,4.1550798416137695,7.270241737365723,9.596847534179688,Hexagone
36.0,34.0,0.9444444179534912,0.8280608654022217,0.6821895241737366,0.9664351940155029,112.56854248046875,835.0,6.0,6.0,6.0,0.6821895241737366,0.7898539900779724,0.05096435546875,0.34870195388793945,0.7945874929428101,4.2356953620910645,12.0,12.0,Hexagone
46.0,46.0,1.0,0.8243432641029358,0.7041587829589844,0.970367968082428,150.71067810058594,1490.0,6.0,6.0,6.0,0.7041587829589844,0.8142108917236328,0.0909423828125,0.2790776193141937,0.7949156165122986,5.118071556091309,7.124948978424072,11.104927062988281,Hexagone
44.0,42.0,0.9545454382896423,0.8299075365066528,0.7348484992980957,0.9741750359535217,143.39697265625,1358.0,6.0,6.0,6.0,0.7348484992980957,0.7823732495307922,0.0828857421875,0.39484840631484985,0.7942044734954834,4.155040740966797,10.30824089050293,9.398527145385742,Hexagone
32.0,32.0,1.0,0.8282211422920227,0.697265625,0.9655172228813171,104.08325958251953,714.0,6.0,6.0,6.0,0.697265625,0.8044977188110352,0.0435791015625,0.36862099170684814,0.7949008345603943,4.681599140167236,6.957156181335449,10.459709167480469,Hexagone
46.0,46.0,1.0,0.8243432641029358,0.7041587829589844,0.970367968082428,150.71067810058594,1490.0,6.0,6.0,6.0,0.7041587829589844,0.8142108917236328,0.0909423828125,0.2790776193141937,0.7949156165122986,5.118071556091309,7.124948978424072,11.104927062988281,Hexagone
28.0,28.0,1.0,0.8322883248329163,0.7270408272743225,0.9661017060279846,92.7695541381836,570.0,6.0,6.0,6.0,0.7270408272743225,0.7940228581428528,0.0347900390625,0.3979206681251526,0.7945314645767212,4.276865005493164,12.0,12.0,Hexagone
30.0,28.0,0.9333333373069763,0.8230681419372559,0.6952381134033203,0.9605262875556946,94.42640686035156,584.0,8.0,6.0,6.0,0.6952381134033203,0.7729337811470032,0.03564453125,0.4008327126502991,0.7942255735397339,4.051690578460693,6.149752140045166,8.748321533203125,Hexagone
46.0,46.0,1.0,0.8496735692024231,0.7145557403564453,0.9770597815513611,149.5391082763672,1512.0,6.0,6.0,6.0,0.7145557403564453,0.8319457173347473,0.09228515625,0.2572759687900543,0.7953112721443176,5.096546173095703,7.97044038772583,9.913878440856934,Hexagone
50.0,48.0,0.9599999785423279,0.8258832693099976,0.7145833373069763,0.9727736711502075,161.5391082763672,1715.0,6.0,6.0,6.0,0.7145833373069763,0.8239958882331848,0.10467529296875,0.2781889736652374,0.7949610948562622,5.315653324127197,8.062028884887695,10.09455394744873,Hexagone
32.0,32.0,1.0,0.8234977126121521,0.708984375,0.9660678505897522,105.25483703613281,726.0,6.0,6.0,6.0,0.708984375,0.7793939709663391,0.0443115234375,0.39523476362228394,0.794398307800293,4.132377624511719,7.349315643310547,9.322233200073242,Hexagone
32.0,34.0,0.9411764740943909,0.8289547562599182,0.6930146813392639,0.9660474061965942,106.91168975830078,754.0,6.0,6.0,5.0,0.6930146813392639,0.7933981418609619,0.0460205078125,0.2940223813056946,0.7946667075157166,4.4336934089660645,7.3321614265441895,9.407401084899902,Hexagone
32.0,30.0,0.9375,0.8261106610298157,0.7020833492279053,0.9635453820228577,101.25482940673828,674.0,8.0,6.0,6.0,0.7020833492279053,0.7931174635887146,0.0411376953125,0.401501327753067,0.794248640537262,4.05711030960083,7.312657833099365,9.227852821350098,Hexagone
30.0,30.0,1.0,0.8275748491287231,0.7088888883590698,0.9615674614906311,98.42640686035156,638.0,6.0,6.0,6.0,0.7088888883590698,0.8042739033699036,0.0389404296875,0.3442847430706024,0.7949354648590088,5.101572036743164,6.9217939376831055,9.762819290161133,Hexagone
30.0,31.0,0.9677419066429138,0.8508095741271973,0.7172042727470398,0.9701818227767944,99.25482940673828,667.0,6.0,6.0,6.0,0.7172042727470398,0.8026846647262573,0.04071044921875,0.3091728985309601,0.7950519919395447,4.551730155944824,6.274467945098877,8.627897262573242,Hexagone
34.0,34.0,1.0,0.8252438306808472,0.7136678099632263,0.9666081070899963,112.08325958251953,825.0,6.0,6.0,6.0,0.7136678099632263,0.7993996143341064,0.05035400390625,0.3932464122772217,0.7947931289672852,4.571340560913086,7.417575836181641,9.48183536529541,Hexagone
48.0,48.0,1.0,0.8377304673194885,0.7074652910232544,0.9748803973197937,156.36753845214844,1630.0,6.0,6.0,6.0,0.7074652910232544,0.8000633120536804,0.0994873046875,0.27074894309043884,0.7948721051216125,4.829870700836182,7.430874347686768,10.02474308013916,Hexagone
42.0,42.0,1.0,0.8503018021583557,0.7205215692520142,0.9743196368217468,137.05381774902344,1271.0,6.0,6.0,6.0,0.7205215692520142,0.8419733047485352,0.07757568359375,0.14421150088310242,0.7953035831451416,5.084820747375488,7.813033103942871,9.927362442016602,Hexagone
28.0,28.0,1.0,0.8612037897109985,0.733418345451355,0.9696458578109741,91.59797668457031,575.0,8.0,6.0,6.0,0.733418345451355,0.8300486207008362,0.03509521484375,0.21764302253723145,0.7956734299659729,5.956485748291016,12.0,12.0,Hexagone
42.0,40.0,0.9523809552192688,0.8290829658508301,0.6952381134033203,0.970099687576294,133.05381774902344,1168.0,6.0,6.0,6.0,0.6952381134033203,0.8038540482521057,0.0712890625,0.266340970993042,0.794831395149231,4.7650322914123535,6.775026321411133,10.105779647827148,Hexagone
48.0,48.0,1.0,0.8298738598823547,0.7113715410232544,0.9744352102279663,157.5391082763672,1639.0,6.0,6.0,6.0,0.7113715410232544,0.7995492219924927,0.10003662109375,0.29152393341064453,0.7948978543281555,4.872739791870117,12.0,12.0,Hexagone
34.0,34.0,1.0,0.8335763812065125,0.7058823704719543,0.9651094079017639,110.91168975830078,816.0,7.0,6.0,6.0,0.7058823704719543,0.8258758783340454,0.0498046875,0.25209376215934753,0.7949685454368591,5.000707149505615,6.835168838500977,9.817748069763184,Hexagone
40.0,42.0,0.9523809552192688,0.8334474563598633,0.7363095283508301,0.9747833013534546,136.56854248046875,1237.0,6.0,6.0,6.0,0.7363095283508301,0.7898612022399902,0.07550048828125,0.38407182693481445,0.7948662042617798,4.656856060028076,7.2025251388549805,9.996011734008789,Hexagone
35.0,32.0,0.9142857193946838,0.8494236469268799,0.7549107074737549,0.980289876461029,111.84062194824219,845.5,6.0,6.0,6.0,0.7549107074737549,0.81430584192276,0.051605224609375,0.4365805685520172,0.7948299646377563,4.875493049621582,6.1740617752075195,8.357397079467773,Hexagone
44.0,44.0,1.0,0.848397970199585,0.7102272510528564,0.9755232334136963,142.71067810058594,1375.0,6.0,6.0,6.0,0.7102272510528564,0.8441123962402344,0.08392333984375,0.16747944056987762,0.7952790260314941,4.784531593322754,7.8801798820495605,9.818303108215332,Hexagone
42.0,40.0,0.9523809552192688,0.8334474563598633,0.7363095283508301,0.9747833013534546,136.56854248046875,1237.0,6.0,6.0,6.0,0.7363095283508301,0.7898612022399902,0.07550048828125,0.38407182693481445,0.7948662042617798,4.656856060028076,7.2025251388549805,9.996011734008789,Hexagone
34.0,34.0,1.0,0.8352468013763428,0.7223183512687683,0.9647602438926697,112.08325958251953,835.0,6.0,6.0,6.0,0.7223183512687683,0.7760171890258789,0.05096435546875,0.3724451959133148,0.7946105599403381,4.29031229019165,7.440098285675049,9.350797653198242,Hexagone
34.0,34.0,1.0,0.8252438306808472,0.7136678099632263,0.9666081070899963,112.08325958251953,825.0,6.0,6.0,6.0,0.7136678099632263,0.7993996143341064,0.05035400390625,0.3932464122772217,0.7947931289672852,4.571340560913086,7.417575836181641,9.48183536529541,Hexagone
36.0,36.0,1.0,0.8557224869728088,0.7283950448036194,0.9731958508491516,117.7401123046875,944.0,6.0,6.0,6.0,0.7283950448036194,0.82436603307724,0.0576171875,0.25765830278396606,0.7954681515693665,5.823641300201416,6.945445537567139,9.581204414367676,Hexagone
38.0,38.0,1.0,0.8533386588096619,0.7160664796829224,0.97455233335495,123.39696502685547,1034.0,6.0,6.0,6.0,0.7160664796829224,0.8385455012321472,0.0631103515625,0.24892546236515045,0.7954772710800171,5.014052391052246,12.0,12.0,Hexagone
42.0,42.0,1.0,0.8215347528457642,0.6961451172828674,0.9692186117172241,137.05381774902344,1228.0,6.0,6.0,6.0,0.6961451172828674,0.7936671376228333,0.074951171875,0.3739108741283417,0.794718325138092,4.416406631469727,7.190818786621094,9.53138256072998,Hexagone
47.0,42.0,0.8936170339584351,0.8424010872840881,0.7520263195037842,0.9837640523910522,148.81118774414062,1484.5,6.0,6.0,6.0,0.7520263195037842,0.8196480870246887,0.090606689453125,0.38638442754745483,0.7948399186134338,5.184199810028076,6.237331867218018,8.611072540283203,Hexagone
44.0,44.0,1.0,0.8340309262275696,0.7097107172012329,0.9713679552078247,143.8822479248047,1374.0,6.0,6.0,6.0,0.7097107172012329,0.8002818822860718,0.0838623046875,0.28843557834625244,0.7948825359344482,4.885746955871582,7.891282081604004,9.880134582519531,Hexagone
32.0,32.0,1.0,0.8282211422920227,0.697265625,0.9655172228813171,104.08325958251953,714.0,8.0,6.0,6.0,0.697265625,0.8044977188110352,0.0435791015625,0.36862099170684814,0.7949008345603943,4.681599140167236,6.957156181335449,10.459709167480469,Hexagone
50.0,50.0,1.0,0.8405694961547852,0.7024000287055969,0.9793642163276672,162.02438354492188,1756.0,6.0,6.0,6.0,0.7024000287055969,0.8165784478187561,0.107177734375,0.17114202678203583,0.7948821187019348,4.777348041534424,12.0,12.0,Hexagone
40.0,38.0,0.949999988079071,0.8324078917503357,0.7335526347160339,0.9737991094589233,129.7401123046875,1115.0,6.0,6.0,6.0,0.7335526347160339,0.8093777894973755,0.06805419921875,0.35757020115852356,0.7947653532028198,4.8935418128967285,6.255329608917236,9.437132835388184,Hexagone
42.0,40.0,0.9523809552192688,0.8290829658508301,0.6952381134033203,0.970099687576294,133.05381774902344,1168.0,6.0,6.0,6.0,0.6952381134033203,0.8038540482521057,0.0712890625,0.266340970993042,0.794831395149231,4.7650322914123535,6.775026321411133,10.105779647827148,Hexagone
34.0,34.0,1.0,0.8352468013763428,0.7223183512687683,0.9647602438926697,112.08325958251953,835.0,6.0,6.0,6.0,0.7223183512687683,0.7760171890258789,0.05096435546875,0.3724451959133148,0.7946105599403381,4.29031229019165,7.440098285675049,9.350797653198242,Hexagone
34.0,32.0,0.9411764740943909,0.844010591506958,0.7527573704719543,0.9814260005950928,110.42640686035156,819.0,6.0,6.0,6.0,0.7527573704719543,0.7887835502624512,0.04998779296875,0.4870303273200989,0.7947498559951782,4.475030422210693,5.987675666809082,10.008050918579102,Hexagone
42.0,44.0,0.9545454382896423,0.8311297297477722,0.7359307408332825,0.976310133934021,143.39697265625,1360.0,6.0,6.0,6.0,0.7359307408332825,0.8068923354148865,0.0830078125,0.38659608364105225,0.7948558926582336,4.624340057373047,12.0,12.0,Hexagone
34.0,34.0,1.0,0.8639913201332092,0.7162629961967468,0.9764150977134705,109.7401123046875,828.0,6.0,6.0,6.0,0.7162629961967468,0.8433843851089478,0.050537109375,0.20315943658351898,0.795698344707489,6.116784572601318,12.0,12.0,Hexagone
51.0,46.0,0.9019607901573181,0.8400316834449768,0.7521312832832336,0.9841048717498779,162.46803283691406,1764.5,6.0,6.0,6.0,0.7521312832832336,0.8157641291618347,0.107696533203125,0.40981006622314453,0.7948601245880127,5.4350457191467285,6.348814010620117,8.687877655029297,Hexagone
46.0,48.0,0.9583333134651184,0.8263689875602722,0.7128623127937317,0.9764267802238464,154.71067810058594,1574.0,6.0,6.0,6.0,0.7128623127937317,0.8126776218414307,0.0960693359375,0.34874922037124634,0.7948309183120728,4.932530879974365,6.108572959899902,9.7188720703125,Hexagone
40.0,38.0,0.949999988079071,0.8331544399261475,0.7342105507850647,0.9746724963188171,129.7401123046875,1116.0,6.0,6.0,6.0,0.7342105507850647,0.810103714466095,0.068115234375,0.3653564155101776,0.7949851155281067,4.944641590118408,12.0,12.0,Hexagone
42.0,42.0,1.0,0.8322387337684631,0.7052153944969177,0.9707373976707458,137.05381774902344,1244.0,6.0,6.0,6.0,0.7052153944969177,0.8206713199615479,0.075927734375,0.21910832822322845,0.7950131297111511,6.02618932723999,7.421104431152344,10.906472206115723,Hexagone
48.0,48.0,1.0,0.8377304673194885,0.7074652910232544,0.9748803973197937,156.36753845214844,1630.0,6.0,6.0,6.0,0.7074652910232544,0.8000633120536804,0.0994873046875,0.2708108723163605,0.7948727011680603,4.8298726081848145,10.949995994567871,9.545000076293945,Hexagone
46.0,46.0,1.0,0.8517280220985413,0.7051039934158325,0.980289101600647,148.36753845214844,1492.0,6.0,6.0,6.0,0.7051039934158325,0.844292163848877,0.091064453125,0.2929449677467346,0.7951006293296814,4.406757354736328,0.0,0.0,Hexagone
32.0,32.0,1.0,0.8337063789367676,0.7177734375,0.9645669460296631,105.25482940673828,735.0,6.0,6.0,6.0,0.7177734375,0.7998464107513428,0.04486083984375,0.3314916491508484,0.7949347496032715,4.799285888671875,6.981329441070557,10.364501953125,Hexagone
48.0,48.0,1.0,0.8530349135398865,0.7096354365348816,0.980215847492218,155.19595336914062,1635.0,6.0,6.0,6.0,0.7096354365348816,0.8496857285499573,0.09979248046875,0.21499751508235931,0.7953088879585266,5.165940761566162,7.434906482696533,9.883557319641113,Hexagone
30.0,30.0,1.0,0.8405462503433228,0.7200000286102295,0.9642857313156128,98.42640686035156,648.0,6.0,6.0,6.0,0.7200000286102295,0.7739673852920532,0.03955078125,0.3512761890888214,0.794623613357544,4.294708728790283,8.771488189697266,9.347175598144531,Hexagone
46.0,48.0,0.9583333134651184,0.8288966417312622,0.7368659377098083,0.9777644276618958,157.05381774902344,1627.0,6.0,6.0,6.0,0.7368659377098083,0.8035471439361572,0.09930419921875,0.40954506397247314,0.794497013092041,4.341634273529053,6.163489818572998,9.492230415344238,Hexagone
42.0,46.0,0.9130434989929199,0.8410022854804993,0.7525879740715027,0.9850948452949524,147.39697265625,1454.0,6.0,6.0,6.0,0.7525879740715027,0.8028079271316528,0.0887451171875,0.4386192560195923,0.7947903275489807,4.865971088409424,12.0,12.0,Hexagone
36.0,36.0,1.0,0.8300564885139465,0.720678985118866,0.9663735032081604,118.91168975830078,934.0,6.0,6.0,6.0,0.720678985118866,0.7981165051460266,0.0570068359375,0.40932026505470276,0.7947682738304138,4.531404495239258,7.550418853759766,9.463825225830078,Hexagone
30.0,30.0,1.0,0.8582622408866882,0.7177777886390686,0.9721595048904419,97.25483703613281,646.0,8.0,6.0,6.0,0.7177777886390686,0.8479403853416443,0.0394287109375,0.24633966386318207,0.7956991791725159,4.831522464752197,7.225069999694824,9.30510425567627,Hexagone
36.0,36.0,1.0,0.8230890035629272,0.7006173133850098,0.9659574627876282,117.7401123046875,908.0,6.0,6.0,6.0,0.7006173133850098,0.7973030805587769,0.055419921875,0.32094576954841614,0.7948263883590698,4.647122859954834,12.0,12.0,Hexagone
32.0,32.0,1.0,0.8320938944816589,0.732421875,0.9677419066429138,106.42640686035156,750.0,6.0,6.0,6.0,0.732421875,0.7944415211677551,0.0457763671875,0.44605621695518494,0.7943522334098816,4.056548595428467,9.751235961914062,8.97195816040039,Hexagone
44.0,44.0,1.0,0.8231047987937927,0.7004132270812988,0.9703041315078735,143.8822479248047,1356.0,6.0,6.0,6.0,0.7004132270812988,0.8075293898582458,0.082763671875,0.3752909004688263,0.7947964668273926,4.555587291717529,7.882735729217529,9.95179271697998,Hexagone
41.0,40.0,0.9756097793579102,0.8516544699668884,0.709756076335907,0.978973925113678,131.05381774902344,1164.0,6.0,6.0,6.0,0.709756076335907,0.8224400877952576,0.071044921875,0.24439959228038788,0.7952413558959961,5.093274116516113,6.424341201782227,8.691821098327637,Hexagone
28.0,28.0,1.0,0.8612037897109985,0.733418345451355,0.9696458578109741,91.59797668457031,575.0,8.0,6.0,6.0,0.733418345451355,0.8300486207008362,0.03509521484375,0.21764302253723145,0.7956734299659729,5.956485748291016,12.0,12.0,Hexagone
50.0,50.0,1.0,0.8539726138114929,0.7135999798774719,0.9812981486320496,162.02438354492188,1784.0,6.0,6.0,6.0,0.7135999798774719,0.8295990228652954,0.10888671875,0.10583730787038803,0.795326292514801,5.65475606918335,12.0,12.0,Hexagone
44.0,44.0,1.0,0.8231047987937927,0.7004132270812988,0.9703041315078735,143.8822479248047,1356.0,6.0,6.0,6.0,0.7004132270812988,0.8075293898582458,0.082763671875,0.3752909004688263,0.7947964668273926,4.555587291717529,7.882735729217529,9.95179271697998,Hexagone
46.0,46.0,1.0,0.8361866474151611,0.703213632106781,0.9735034108161926,149.5391082763672,1488.0,6.0,6.0,6.0,0.703213632106781,0.81874018907547,0.0908203125,0.17288897931575775,0.7949831485748291,5.538573265075684,7.978378772735596,9.772987365722656,Hexagone
34.0,34.0,1.0,0.8352468013763428,0.7223183512687683,0.9647602438926697,112.08325958251953,835.0,6.0,6.0,6.0,0.7223183512687683,0.7760171890258789,0.05096435546875,0.3724451959133148,0.7946105599403381,4.29031229019165,7.440098285675049,9.350797653198242,Hexagone
42.0,42.0,1.0,0.8227947354316711,0.7091836929321289,0.9682662487030029,138.2253875732422,1251.0,6.0,6.0,6.0,0.7091836929321289,0.8085322380065918,0.07635498046875,0.37494543194770813,0.7948542237281799,4.759018898010254,10.554648399353027,9.222100257873535,Hexagone
48.0,44.0,0.9166666865348816,0.8395024538040161,0.7523674368858337,0.9826839566230774,154.22540283203125,1589.0,6.0,6.0,6.0,0.7523674368858337,0.817769467830658,0.09698486328125,0.4268368184566498,0.7948269248008728,5.021025657653809,12.0,12.0,Hexagone
28.0,28.0,1.0,0.8352086544036865,0.7295918464660645,0.9662162065505981,92.7695541381836,572.0,6.0,6.0,6.0,0.7295918464660645,0.7968088984489441,0.034912109375,0.41165846586227417,0.794643759727478,4.255884647369385,12.0,12.0,Hexagone
40.0,40.0,1.0,0.8367576003074646,0.6931250095367432,0.9715287089347839,129.05381774902344,1109.0,6.0,6.0,6.0,0.6931250095367432,0.835508406162262,0.06768798828125,0.22606520354747772,0.7950695157051086,5.260817527770996,7.702317237854004,9.641042709350586,Hexagone
38.0,38.0,1.0,0.8351824879646301,0.7008309960365295,0.9674952030181885,123.39697265625,1012.0,6.0,6.0,6.0,0.7008309960365295,0.8124247193336487,0.061767578125,0.265089213848114,0.7950496077537537,5.1965508460998535,12.0,12.0,Hexagone
50.0,50.0,1.0,0.827128529548645,0.701200008392334,0.9738888740539551,163.19595336914062,1753.0,6.0,6.0,6.0,0.701200008392334,0.8128084540367126,0.10699462890625,0.23578721284866333,0.7949123382568359,5.109057426452637,7.5084123611450195,9.90038776397705,Hexagone
51.0,46.0,0.9019607901573181,0.8400316834449768,0.7521312832832336,0.9841048717498779,162.46803283691406,1764.5,6.0,6.0,6.0,0.7521312832832336,0.8157641291618347,0.107696533203125,0.40981006622314453,0.7948601245880127,5.4350457191467285,6.348814010620117,8.687877655029297,Hexagone
32.0,32.0,1.0,0.8298749923706055,0.73046875,0.9701685905456543,106.42640686035156,748.0,6.0,6.0,6.0,0.73046875,0.7923229932785034,0.045654296875,0.4333212375640869,0.7943044304847717,4.082271099090576,12.0,12.0,Hexagone
49.0,44.0,0.8979591727256775,0.841532289981842,0.7467532753944397,0.9820067286491394,155.05381774902344,1610.0,6.0,6.0,6.0,0.7467532753944397,0.8285769820213318,0.0982666015625,0.3708023428916931,0.7948578596115112,7.1103973388671875,5.659021377563477,9.00777530670166,Hexagone
32.0,32.0,1.0,0.8337063789367676,0.7177734375,0.9645669460296631,105.25482940673828,735.0,6.0,6.0,6.0,0.7177734375,0.7998464107513428,0.04486083984375,0.3314916491508484,0.7949347496032715,4.799285888671875,6.981329441070557,10.364501953125,Hexagone
40.0,40.0,1.0,0.8244383931159973,0.7206249833106995,0.9705387353897095,132.56854248046875,1153.0,6.0,6.0,6.0,0.7206249833106995,0.7935305833816528,0.07037353515625,0.4319706857204437,0.7943946719169617,4.145482540130615,12.0,12.0,Hexagone
50.0,50.0,1.0,0.827128529548645,0.701200008392334,0.9738888740539551,163.19595336914062,1753.0,6.0,6.0,6.0,0.701200008392334,0.8128084540367126,0.10699462890625,0.23578721284866333,0.7949123382568359,5.109057426452637,7.5084123611450195,9.90038776397705,Hexagone
40.0,40.0,1.0,0.8571294546127319,0.7099999785423279,0.9784668684005737,129.05381774902344,1136.0,7.0,6.0,6.0,0.7099999785423279,0.8558498620986938,0.0693359375,0.25690916180610657,0.7954117059707642,4.7983245849609375,6.75903844833374,10.110274314880371,Hexagone
34.0,34.0,1.0,0.8282447457313538,0.7162629961967468,0.9639115333557129,112.08325958251953,828.0,6.0,6.0,6.0,0.7162629961967468,0.8023065328598022,0.050537109375,0.39930790662765503,0.7947127223014832,4.390154838562012,12.0,12.0,Hexagone
46.0,44.0,0.95652174949646,0.831348180770874,0.7376482486724854,0.9751796126365662,150.22540283203125,1493.0,6.0,6.0,6.0,0.7376482486724854,0.7887681722640991,0.09112548828125,0.4108404219150543,0.7947116494178772,4.424069404602051,10.822890281677246,9.391279220581055,Hexagone
30.0,30.0,1.0,0.8582622408866882,0.7177777886390686,0.9721595048904419,97.25483703613281,646.0,8.0,6.0,6.0,0.7177777886390686,0.8479403853416443,0.0394287109375,0.24633966386318207,0.7956991791725159,4.831522464752197,7.225069999694824,9.30510425567627,Hexagone
30.0,30.0,1.0,0.8310222625732422,0.7288888692855835,0.9689807891845703,99.59797668457031,656.0,6.0,6.0,6.0,0.7288888692855835,0.7835225462913513,0.0400390625,0.432425856590271,0.7940277457237244,4.045779228210449,5.704400539398193,9.56742000579834,Hexagone
32.0,32.0,1.0,0.8298749923706055,0.73046875,0.9701685905456543,106.42640686035156,748.0,6.0,6.0,6.0,0.73046875,0.7923229932785034,0.045654296875,0.4333212375640869,0.7943044304847717,4.082271099090576,12.0,12.0,Hexagone
42.0,44.0,0.9545454382896423,0.831034243106842,0.7002164721488953,0.9703786969184875,139.8822479248047,1294.0,6.0,6.0,6.0,0.7002164721488953,0.8036866784095764,0.0789794921875,0.30594274401664734,0.7946956753730774,4.485417366027832,7.8665361404418945,9.758642196655273,Hexagone
48.0,44.0,0.9166666865348816,0.8395024538040161,0.7523674368858337,0.9826839566230774,154.22540283203125,1589.0,6.0,6.0,6.0,0.7523674368858337,0.817769467830658,0.09698486328125,0.4268368184566498,0.7948269248008728,5.021025657653809,12.0,12.0,Hexagone
32.0,32.0,1.0,0.8337063789367676,0.7177734375,0.9645669460296631,105.25482940673828,735.0,6.0,6.0,6.0,0.7177734375,0.7998464107513428,0.04486083984375,0.3314916491508484,0.7949347496032715,4.799285888671875,6.981329441070557,10.364501953125,Hexagone
30.0,30.0,1.0,0.8405462503433228,0.7200000286102295,0.9642857313156128,98.42640686035156,648.0,7.0,6.0,6.0,0.7200000286102295,0.7739673852920532,0.03955078125,0.35124775767326355,0.794609546661377,4.29536247253418,6.285916805267334,9.491693496704102,Hexagone
40.0,40.0,1.0,0.8244383931159973,0.7206249833106995,0.9705387353897095,132.56854248046875,1153.0,6.0,6.0,6.0,0.7206249833106995,0.7935305833816528,0.07037353515625,0.4319706857204437,0.7943946719169617,4.145482540130615,12.0,12.0,Hexagone
30.0,28.0,0.9333333373069763,0.8427992463111877,0.711904764175415,0.9660742878913879,94.42640686035156,598.0,8.0,6.0,6.0,0.711904764175415,0.7849355340003967,0.0364990234375,0.3861916661262512,0.7944072484970093,4.1376543045043945,12.0,12.0,Hexagone
34.0,34.0,1.0,0.8252438306808472,0.7136678099632263,0.9666081070899963,112.08325958251953,825.0,6.0,6.0,6.0,0.7136678099632263,0.7993996143341064,0.05035400390625,0.3932464122772217,0.7947931289672852,4.571340560913086,7.417575836181641,9.48183536529541,Hexagone
38.0,38.0,1.0,0.8234209418296814,0.7174515128135681,0.9677720665931702,125.7401123046875,1036.0,6.0,6.0,6.0,0.7174515128135681,0.7955749034881592,0.063232421875,0.4258159101009369,0.7945657968521118,4.289092063903809,7.336863994598389,10.482237815856934,Hexagone
46.0,46.0,1.0,0.8311291337013245,0.6989603042602539,0.9717476963996887,149.5391082763672,1479.0,6.0,6.0,6.0,0.6989603042602539,0.8137881755828857,0.09027099609375,0.18035051226615906,0.7948905229568481,5.01392126083374,7.355241298675537,9.98005485534668,Hexagone
44.0,44.0,1.0,0.858887255191803,0.7190082669258118,0.9802817106246948,142.71067810058594,1392.0,6.0,6.0,6.0,0.7190082669258118,0.8137439489364624,0.0849609375,0.20981740951538086,0.7952560186386108,4.650007724761963,0.0,0.0,Hexagone
34.0,34.0,1.0,0.8288324475288391,0.7318339347839355,0.9718552827835083,113.25483703613281,846.0,6.0,6.0,6.0,0.7318339347839355,0.7816757559776306,0.0516357421875,0.4520316421985626,0.793842613697052,3.934244394302368,5.709014892578125,9.34010124206543,Hexagone
34.0,34.0,1.0,0.8252438306808472,0.7136678099632263,0.9666081070899963,112.08325958251953,825.0,6.0,6.0,6.0,0.7136678099632263,0.7993996143341064,0.05035400390625,0.3932464122772217,0.7947931289672852,4.571340560913086,7.417575836181641,9.48183536529541,Hexagone
50.0,46.0,0.9200000166893005,0.8386192917823792,0.7526087164878845,0.9854825139045715,161.05381774902344,1731.0,6.0,6.0,6.0,0.7526087164878845,0.8002763986587524,0.10565185546875,0.45303666591644287,0.7947059869766235,4.636147499084473,8.0750093460083,10.023330688476562,Hexagone
36.0,38.0,0.9473684430122375,0.8359678387641907,0.734649121761322,0.9710144996643066,122.91168975830078,1005.0,6.0,6.0,6.0,0.734649121761322,0.7908487319946289,0.06134033203125,0.3474706709384918,0.7949488162994385,4.891457557678223,7.020729064941406,9.448007583618164,Hexagone
34.0,34.0,1.0,0.8352468013763428,0.7223183512687683,0.9647602438926697,112.08325958251953,835.0,6.0,6.0,6.0,0.7223183512687683,0.7760171890258789,0.05096435546875,0.3724451959133148,0.7946105599403381,4.29031229019165,7.440098285675049,9.350797653198242,Hexagone
34.0,34.0,1.0,0.8283671736717224,0.6721453070640564,0.9724655747413635,108.56854248046875,777.0,6.0,6.0,6.0,0.6721453070640564,0.7914367914199829,0.04742431640625,0.2158299833536148,0.7945892214775085,5.021413803100586,12.0,12.0,Hexagone
42.0,40.0,0.9523809552192688,0.8334474563598633,0.7363095283508301,0.9747833013534546,136.56854248046875,1237.0,6.0,6.0,6.0,0.7363095283508301,0.7898612022399902,0.07550048828125,0.38407182693481445,0.7948662042617798,4.656856060028076,7.2025251388549805,9.996011734008789,Hexagone
40.0,41.0,0.9756097793579102,0.8516544699668884,0.709756076335907,0.978973925113678,131.05381774902344,1164.0,6.0,6.0,6.0,0.709756076335907,0.8224400877952576,0.071044921875,0.24439959228038788,0.7952413558959961,5.093274116516113,6.424341201782227,8.691821098327637,Hexagone
40.0,40.0,1.0,0.8210096955299377,0.7049999833106995,0.9674099683761597,131.39697265625,1128.0,6.0,6.0,6.0,0.7049999833106995,0.7934811115264893,0.06884765625,0.3669006824493408,0.7947766184806824,4.564328193664551,12.0,12.0,Hexagone
28.0,28.0,1.0,0.8322883248329163,0.7270408272743225,0.9710391759872437,92.7695541381836,570.0,6.0,6.0,6.0,0.7270408272743225,0.7607307434082031,0.0347900390625,0.46282294392585754,0.7931345701217651,3.7539124488830566,12.0,12.0,Hexagone
46.0,42.0,0.9130434989929199,0.8410022854804993,0.7525879740715027,0.9850948452949524,147.39697265625,1454.0,6.0,6.0,6.0,0.7525879740715027,0.8028079271316528,0.0887451171875,0.4386192560195923,0.7947903275489807,4.865971088409424,12.0,12.0,Hexagone
30.0,30.0,1.0,0.8405462503433228,0.7200000286102295,0.9642857313156128,98.42640686035156,648.0,7.0,6.0,6.0,0.7200000286102295,0.7739673852920532,0.03955078125,0.35124775767326355,0.794609546661377,4.29536247253418,6.285916805267334,9.491693496704102,Hexagone
38.0,38.0,1.0,0.8252153396606445,0.7056786417961121,0.9672520160675049,124.56854248046875,1019.0,7.0,6.0,6.0,0.7056786417961121,0.8139386177062988,0.06219482421875,0.31320828199386597,0.7949299812316895,5.15971040725708,6.280576229095459,9.847719192504883,Hexagone
32.0,32.0,1.0,0.8282211422920227,0.697265625,0.9655172228813171,104.08325958251953,714.0,6.0,6.0,6.0,0.697265625,0.8044977188110352,0.0435791015625,0.36862099170684814,0.7949008345603943,4.681599140167236,6.957156181335449,10.459709167480469,Hexagone
48.0,48.0,1.0,0.8530349135398865,0.7096354365348816,0.980215847492218,155.19595336914062,1635.0,6.0,6.0,6.0,0.7096354365348816,0.8496857285499573,0.09979248046875,0.21499751508235931,0.7953088879585266,5.165940761566162,7.434906482696533,9.883557319641113,Hexagone
48.0,48.0,1.0,0.8253957629203796,0.6970486044883728,0.972743809223175,156.36753845214844,1606.0,6.0,6.0,6.0,0.6970486044883728,0.8185774683952332,0.0980224609375,0.20166528224945068,0.7949655055999756,5.740250587463379,12.0,12.0,Hexagone
48.0,46.0,0.9583333134651184,0.8288966417312622,0.7368659377098083,0.9777644276618958,157.05381774902344,1627.0,6.0,6.0,6.0,0.7368659377098083,0.8035471439361572,0.09930419921875,0.40959426760673523,0.7945020794868469,4.341091632843018,6.38772439956665,9.915196418762207,Hexagone
36.0,38.0,0.9473684430122375,0.8359678387641907,0.734649121761322,0.9710144996643066,122.91168975830078,1005.0,6.0,6.0,6.0,0.734649121761322,0.7908487319946289,0.06134033203125,0.3474706709384918,0.7949488162994385,4.891457557678223,7.020729064941406,9.448007583618164,Hexagone
46.0,46.0,1.0,0.8311291337013245,0.6989603042602539,0.9717476963996887,149.5391082763672,1479.0,6.0,6.0,6.0,0.6989603042602539,0.8137881755828857,0.09027099609375,0.18035051226615906,0.7948905229568481,5.01392126083374,7.355241298675537,9.98005485534668,Hexagone
38.0,38.0,1.0,0.8252153396606445,0.7056786417961121,0.9672520160675049,124.56854248046875,1019.0,6.0,6.0,6.0,0.7056786417961121,0.8139386177062988,0.06219482421875,0.31243324279785156,0.7949419617652893,5.158907890319824,7.8894758224487305,9.506104469299316,Hexagone
44.0,44.0,1.0,0.8231047987937927,0.7004132270812988,0.9703041315078735,143.8822479248047,1356.0,6.0,6.0,6.0,0.7004132270812988,0.8075293898582458,0.082763671875,0.3752909004688263,0.7947964668273926,4.555587291717529,7.882735729217529,9.95179271697998,Hexagone
44.0,44.0,1.0,0.8277796506881714,0.7159090638160706,0.9692307710647583,145.05381774902344,1386.0,6.0,6.0,6.0,0.7159090638160706,0.798504650592804,0.0845947265625,0.3485313951969147,0.79478919506073,4.59627628326416,12.0,12.0,Hexagone
44.0,44.0,1.0,0.8340309262275696,0.7097107172012329,0.9713679552078247,143.8822479248047,1374.0,6.0,6.0,6.0,0.7097107172012329,0.8002818822860718,0.0838623046875,0.28843557834625244,0.7948825359344482,4.885746955871582,7.891282081604004,9.880134582519531,Hexagone
48.0,50.0,0.9599999785423279,0.8282910585403442,0.7166666388511658,0.9736767411231995,161.5391082763672,1720.0,6.0,6.0,6.0,0.7166666388511658,0.814109742641449,0.10498046875,0.35848942399024963,0.7949151992797852,4.8812432289123535,8.087424278259277,9.966902732849121,Hexagone
36.0,36.0,1.0,0.8300564885139465,0.720678985118866,0.9663735032081604,118.91168975830078,934.0,6.0,6.0,6.0,0.720678985118866,0.7981165051460266,0.0570068359375,0.40932026505470276,0.7947682738304138,4.531404495239258,7.550418853759766,9.463825225830078,Hexagone
36.0,34.0,0.9444444179534912,0.8314886093139648,0.6993464231491089,0.9650507569313049,113.7401123046875,856.0,8.0,6.0,6.0,0.6993464231491089,0.804934561252594,0.05224609375,0.3170213997364044,0.7946658134460449,4.438389301300049,12.0,12.0,Hexagone
46.0,48.0,0.9583333134651184,0.8279571533203125,0.7250905632972717,0.9717754125595093,155.8822479248047,1601.0,6.0,6.0,6.0,0.7250905632972717,0.8082634806632996,0.09771728515625,0.35746386647224426,0.7949612736701965,5.24714994430542,7.652485370635986,10.610353469848633,Hexagone
44.0,44.0,1.0,0.8411738276481628,0.6926652789115906,0.9781181812286377,141.5391082763672,1341.0,6.0,6.0,6.0,0.6926652789115906,0.8328777551651001,0.08184814453125,0.2294335663318634,0.7950462698936462,5.108452796936035,7.269817352294922,9.734292984008789,Hexagone
32.0,32.0,1.0,0.8320938944816589,0.732421875,0.9677419066429138,106.42640686035156,750.0,6.0,6.0,6.0,0.732421875,0.7944415211677551,0.0457763671875,0.44597774744033813,0.7943496704101562,4.056728363037109,6.745547771453857,8.969411849975586,Hexagone
48.0,48.0,1.0,0.8202536106109619,0.703125,0.9726808667182922,157.5391082763672,1620.0,6.0,6.0,6.0,0.703125,0.8025805354118347,0.098876953125,0.31150829792022705,0.7948524355888367,4.82056188583374,6.97649621963501,10.939630508422852,Hexagone
50.0,48.0,0.9599999785423279,0.8287470936775208,0.7275000214576721,0.9727019667625427,162.71067810058594,1746.0,6.0,6.0,6.0,0.7275000214576721,0.7911244034767151,0.1065673828125,0.3886684775352478,0.7947729825973511,4.582034111022949,7.74803352355957,10.836408615112305,Hexagone
29.0,26.0,0.8965517282485962,0.8556424975395203,0.7440318465232849,0.9782040119171143,90.7695541381836,561.0,8.0,6.0,5.0,0.7440318465232849,0.8349360823631287,0.03424072265625,0.37790611386299133,0.7947285771369934,4.768394947052002,5.112223148345947,8.566967010498047,Hexagone
40.0,40.0,1.0,0.8311995267868042,0.7137500047683716,0.9677966237068176,131.39697265625,1142.0,6.0,6.0,6.0,0.7137500047683716,0.7997942566871643,0.0697021484375,0.299070805311203,0.794937252998352,4.998983383178711,7.120303153991699,9.573980331420898,Hexagone
30.0,30.0,1.0,0.8582622408866882,0.7177777886390686,0.9721595048904419,97.25483703613281,646.0,6.0,6.0,6.0,0.7177777886390686,0.8479403853416443,0.0394287109375,0.24633966386318207,0.7956991791725159,4.831522464752197,7.225069999694824,9.30510425567627,Hexagone
50.0,50.0,1.0,0.827128529548645,0.701200008392334,0.9738888740539551,163.19595336914062,1753.0,6.0,6.0,6.0,0.701200008392334,0.8128084540367126,0.10699462890625,0.23578721284866333,0.7949123382568359,5.109057426452637,7.5084123611450195,9.90038776397705,Hexagone
40.0,42.0,0.9523809552192688,0.8314261436462402,0.7345238327980042,0.9751086235046387,136.56854248046875,1234.0,6.0,6.0,6.0,0.7345238327980042,0.8007969260215759,0.0753173828125,0.37805336713790894,0.7945693135261536,4.593790531158447,7.824410915374756,9.693912506103516,Hexagone
38.0,38.0,1.0,0.8292644619941711,0.7091412544250488,0.9664936065673828,124.56854248046875,1024.0,6.0,6.0,6.0,0.7091412544250488,0.8179324269294739,0.0625,0.2895544469356537,0.7949485778808594,4.942290782928467,7.653576850891113,9.51222038269043,Hexagone
44.0,46.0,0.95652174949646,0.826934278011322,0.7223320007324219,0.9717513918876648,149.05381774902344,1462.0,6.0,6.0,6.0,0.7223320007324219,0.8128650188446045,0.0892333984375,0.34815555810928345,0.794894278049469,4.840390682220459,7.617391586303711,10.42297649383545,Hexagone
43.0,40.0,0.930232584476471,0.8426716327667236,0.7549418807029724,0.9822239279747009,139.15432739257812,1298.5,6.0,6.0,6.0,0.7549418807029724,0.8064815402030945,0.079254150390625,0.4560440182685852,0.7947280406951904,4.5981926918029785,6.363593578338623,8.725200653076172,Hexagone
44.0,44.0,1.0,0.8340309262275696,0.7097107172012329,0.9713679552078247,143.8822479248047,1374.0,6.0,6.0,6.0,0.7097107172012329,0.8002818822860718,0.0838623046875,0.28843557834625244,0.7948825359344482,4.885746955871582,7.891282081604004,9.880134582519531,Hexagone
44.0,42.0,0.9545454382896423,0.8305186033248901,0.7353895902633667,0.9766439199447632,143.39697265625,1359.0,6.0,6.0,6.0,0.7353895902633667,0.8062990307807922,0.08294677734375,0.3872121274471283,0.7946495413780212,4.559648036956787,6.192869663238525,10.528316497802734,Hexagone
32.0,32.0,1.0,0.8282211422920227,0.697265625,0.9655172228813171,104.08325958251953,714.0,6.0,6.0,6.0,0.697265625,0.8044977188110352,0.0435791015625,0.36862099170684814,0.7949008345603943,4.681599140167236,6.957156181335449,10.459709167480469,Hexagone
32.0,32.0,1.0,0.8398208618164062,0.70703125,0.9646902084350586,104.08325958251953,724.0,6.0,6.0,6.0,0.70703125,0.7878758907318115,0.044189453125,0.358111172914505,0.794752299785614,4.295233249664307,6.3822784423828125,10.563243865966797,Hexagone
30.0,30.0,1.0,0.8383335471153259,0.7011111378669739,0.9626239538192749,97.25483703613281,631.0,6.0,6.0,6.0,0.7011111378669739,0.8148112893104553,0.03851318359375,0.314298540353775,0.7951086759567261,4.963776588439941,6.852292060852051,9.905633926391602,Hexagone
34.0,34.0,1.0,0.8352468013763428,0.7223183512687683,0.9647602438926697,112.08325958251953,835.0,6.0,6.0,6.0,0.7223183512687683,0.7760171890258789,0.05096435546875,0.3724451959133148,0.7946105599403381,4.29031229019165,7.440098285675049,9.350797653198242,Hexagone
42.0,44.0,0.9545454382896423,0.8311297297477722,0.7359307408332825,0.976310133934021,143.39697265625,1360.0,6.0,6.0,6.0,0.7359307408332825,0.8068923354148865,0.0830078125,0.38659608364105225,0.7948558926582336,4.624340057373047,12.0,12.0,Hexagone
36.0,34.0,0.9444444179534912,0.8314886093139648,0.6993464231491089,0.9650507569313049,113.7401123046875,856.0,8.0,6.0,6.0,0.6993464231491089,0.804934561252594,0.05224609375,0.3170213997364044,0.7946658134460449,4.438389301300049,12.0,12.0,Hexagone
46.0,46.0,1.0,0.8243432641029358,0.7041587829589844,0.970367968082428,150.71067810058594,1490.0,6.0,6.0,6.0,0.7041587829589844,0.8142108917236328,0.0909423828125,0.2790776193141937,0.7949156165122986,5.118071556091309,7.124948978424072,11.104927062988281,Hexagone
42.0,42.0,1.0,0.8275557160377502,0.7012471556663513,0.9682974815368652,137.05381774902344,1237.0,6.0,6.0,6.0,0.7012471556663513,0.8160533905029297,0.07550048828125,0.21072439849376678,0.7949624061584473,5.429892539978027,7.785396575927734,9.886533737182617,Hexagone
32.0,32.0,1.0,0.8234977126121521,0.708984375,0.9660678505897522,105.25483703613281,726.0,8.0,6.0,6.0,0.708984375,0.7793939709663391,0.0443115234375,0.39523476362228394,0.794398307800293,4.132377624511719,7.349315643310547,9.322233200073242,Hexagone
38.0,38.0,1.0,0.8252153396606445,0.7056786417961121,0.9672520160675049,124.56854248046875,1019.0,6.0,6.0,6.0,0.7056786417961121,0.8139386177062988,0.06219482421875,0.31243324279785156,0.7949419617652893,5.158907890319824,7.8894758224487305,9.506104469299316,Hexagone
28.0,28.0,1.0,0.8322883248329163,0.7270408272743225,0.9661017060279846,92.7695541381836,570.0,6.0,6.0,6.0,0.7270408272743225,0.7940228581428528,0.0347900390625,0.3979206681251526,0.7945314645767212,4.276865005493164,12.0,12.0,Hexagone
30.0,32.0,0.9375,0.8261106610298157,0.7020833492279053,0.9635453820228577,101.25482940673828,674.0,6.0,6.0,6.0,0.7020833492279053,0.7931174635887146,0.0411376953125,0.401501327753067,0.794248640537262,4.05711030960083,7.312657833099365,9.227852821350098,Hexagone
31.0,30.0,0.9677419066429138,0.8508095741271973,0.7172042727470398,0.9701818227767944,99.25483703613281,667.0,8.0,6.0,6.0,0.7172042727470398,0.8026846647262573,0.04071044921875,0.3094479441642761,0.795025110244751,4.552371978759766,5.948022842407227,8.039802551269531,Hexagone
46.0,46.0,1.0,0.8243432641029358,0.7041587829589844,0.970367968082428,150.71067810058594,1490.0,6.0,6.0,6.0,0.7041587829589844,0.8142108917236328,0.0909423828125,0.2790776193141937,0.7949156165122986,5.118071556091309,7.124948978424072,11.104927062988281,Hexagone
38.0,38.0,1.0,0.8252153396606445,0.7056786417961121,0.9672520160675049,124.56854248046875,1019.0,7.0,6.0,6.0,0.7056786417961121,0.8139386177062988,0.06219482421875,0.31320828199386597,0.7949299812316895,5.15971040725708,6.280576229095459,9.847719192504883,Hexagone
40.0,40.0,1.0,0.8210096955299377,0.7049999833106995,0.9674099683761597,131.39697265625,1128.0,6.0,6.0,6.0,0.7049999833106995,0.7934811115264893,0.06884765625,0.3669006824493408,0.7947766184806824,4.564328193664551,12.0,12.0,Hexagone
28.0,28.0,1.0,0.8322883248329163,0.7270408272743225,0.9710391759872437,92.7695541381836,570.0,6.0,6.0,6.0,0.7270408272743225,0.7607307434082031,0.0347900390625,0.46282294392585754,0.7931345701217651,3.7539124488830566,12.0,12.0,Hexagone
50.0,48.0,0.9599999785423279,0.8240005373954773,0.7233333587646484,0.9752808809280396,162.71067810058594,1736.0,6.0,6.0,6.0,0.7233333587646484,0.8072779774665833,0.10595703125,0.3666941225528717,0.7948736548423767,4.897678852081299,12.0,12.0,Hexagone
43.0,40.0,0.930232584476471,0.8426716327667236,0.7549418807029724,0.9822239279747009,139.15432739257812,1298.5,6.0,6.0,6.0,0.7549418807029724,0.8064815402030945,0.079254150390625,0.4560440182685852,0.7947280406951904,4.5981926918029785,6.363593578338623,8.725200653076172,Hexagone
42.0,42.0,1.0,0.8227947354316711,0.7091836929321289,0.9682662487030029,138.2253875732422,1251.0,8.0,6.0,6.0,0.7091836929321289,0.8085322380065918,0.07635498046875,0.374894917011261,0.7948532104492188,4.758945465087891,7.21724271774292,9.801217079162598,Hexagone
38.0,40.0,0.949999988079071,0.8331544399261475,0.7342105507850647,0.9746724963188171,129.7401123046875,1116.0,6.0,6.0,6.0,0.7342105507850647,0.810103714466095,0.068115234375,0.3653564155101776,0.7949851155281067,4.944641590118408,12.0,12.0,Hexagone
28.0,28.0,1.0,0.8387376070022583,0.7142857313156128,0.9597257971763611,91.59797668457031,560.0,6.0,6.0,6.0,0.7142857313156128,0.8011286854743958,0.0341796875,0.27599015831947327,0.7950034737586975,5.877799987792969,7.100656509399414,9.160431861877441,Hexagone
38.0,36.0,0.9473684430122375,0.8303747773170471,0.6885964870452881,0.9681397676467896,119.39697265625,942.0,6.0,6.0,6.0,0.6885964870452881,0.8049526214599609,0.0574951171875,0.3335168659687042,0.7946395874023438,4.273889541625977,12.0,12.0,Hexagone
37.0,34.0,0.9189189076423645,0.8453489542007446,0.7456279993057251,0.9801462888717651,118.08325958251953,938.0,6.0,6.0,6.0,0.7456279993057251,0.8236457109451294,0.0572509765625,0.4430674612522125,0.7948582172393799,5.315267086029053,5.411264419555664,9.020347595214844,Hexagone
40.0,42.0,0.9523809552192688,0.8314261436462402,0.7345238327980042,0.9751086235046387,136.56854248046875,1234.0,6.0,6.0,6.0,0.7345238327980042,0.8007969260215759,0.0753173828125,0.37805336713790894,0.7945693135261536,4.593790531158447,7.824410915374756,9.693912506103516,Hexagone
48.0,48.0,1.0,0.8202536106109619,0.703125,0.9726808667182922,157.5391082763672,1620.0,8.0,6.0,6.0,0.703125,0.8025805354118347,0.098876953125,0.31150829792022705,0.7948524355888367,4.82056188583374,6.97649621963501,10.939630508422852,Hexagone
34.0,34.0,1.0,0.8352468013763428,0.7223183512687683,0.9647602438926697,112.08325958251953,835.0,6.0,6.0,6.0,0.7223183512687683,0.7760171890258789,0.05096435546875,0.3724451959133148,0.7946105599403381,4.29031229019165,7.440098285675049,9.350797653198242,Hexagone
34.0,34.0,1.0,0.8282447457313538,0.7162629961967468,0.9639115333557129,112.08325958251953,828.0,6.0,6.0,6.0,0.7162629961967468,0.8023065328598022,0.050537109375,0.39930790662765503,0.7947127223014832,4.390154838562012,12.0,12.0,Hexagone
32.0,30.0,0.9375,0.8322390913963318,0.7072916626930237,0.9624379873275757,101.25483703613281,679.0,8.0,6.0,6.0,0.7072916626930237,0.799001157283783,0.04144287109375,0.3789162039756775,0.7943658232688904,4.1254754066467285,6.1736741065979,9.14760684967041,Hexagone
36.0,34.0,0.9444444179534912,0.8314886093139648,0.6993464231491089,0.9650507569313049,113.7401123046875,856.0,8.0,6.0,6.0,0.6993464231491089,0.804934561252594,0.05224609375,0.3170213997364044,0.7946658134460449,4.438389301300049,12.0,12.0,Hexagone
42.0,40.0,0.9523809552192688,0.8334474563598633,0.7363095283508301,0.9747833013534546,136.56854248046875,1237.0,6.0,6.0,6.0,0.7363095283508301,0.7898612022399902,0.07550048828125,0.38407182693481445,0.7948662042617798,4.656856060028076,7.2025251388549805,9.996011734008789,Hexagone
36.0,34.0,0.9444444179534912,0.8427122235298157,0.7532680034637451,0.9824187755584717,117.25483703613281,922.0,6.0,6.0,6.0,0.7532680034637451,0.8095963001251221,0.0562744140625,0.5014567971229553,0.7945274114608765,4.364604473114014,7.521695137023926,9.553582191467285,Hexagone
34.0,34.0,1.0,0.8288324475288391,0.7318339347839355,0.9718552827835083,113.25483703613281,846.0,6.0,6.0,6.0,0.7318339347839355,0.7816757559776306,0.0516357421875,0.45226147770881653,0.7938570380210876,3.933485507965088,5.969772815704346,9.034170150756836,Hexagone
28.0,31.0,0.9032257795333862,0.8522377014160156,0.7442396283149719,0.9758307933807373,97.59797668457031,646.0,6.0,6.0,6.0,0.7442396283149719,0.8350276350975037,0.0394287109375,0.36688506603240967,0.7948991656303406,5.212055683135986,5.837925434112549,9.343583106994629,Hexagone
46.0,46.0,1.0,0.8243432641029358,0.7041587829589844,0.970367968082428,150.71067810058594,1490.0,6.0,6.0,6.0,0.7041587829589844,0.8142108917236328,0.0909423828125,0.2790776193141937,0.7949156165122986,5.118071556091309,7.124948978424072,11.104927062988281,Hexagone
42.0,40.0,0.9523809552192688,0.834223747253418,0.7244047522544861,0.9771175980567932,135.39697265625,1217.0,6.0,6.0,6.0,0.7244047522544861,0.8163954615592957,0.07427978515625,0.36422547698020935,0.794802725315094,4.663636207580566,6.154048442840576,9.37586784362793,Hexagone
44.0,44.0,1.0,0.8274194002151489,0.6926652789115906,0.9699819087982178,142.71067810058594,1341.0,6.0,6.0,6.0,0.6926652789115906,0.8232397437095642,0.08184814453125,0.25147387385368347,0.7949984669685364,5.206813812255859,7.248674392700195,10.645601272583008,Hexagone
32.0,32.0,1.0,0.8234977126121521,0.708984375,0.9660678505897522,105.25483703613281,726.0,6.0,6.0,6.0,0.708984375,0.7793939709663391,0.0443115234375,0.39523476362228394,0.794398307800293,4.132377624511719,7.349315643310547,9.322233200073242,Hexagone
36.0,36.0,1.0,0.8300564885139465,0.720678985118866,0.9663735032081604,118.91168975830078,934.0,6.0,6.0,6.0,0.720678985118866,0.7981165051460266,0.0570068359375,0.40932026505470276,0.7947682738304138,4.531404495239258,7.550418853759766,9.463825225830078,Hexagone
48.0,48.0,1.0,0.8202536106109619,0.703125,0.9726808667182922,157.5391082763672,1620.0,8.0,6.0,6.0,0.703125,0.8025805354118347,0.098876953125,0.31150829792022705,0.7948524355888367,4.82056188583374,6.97649621963501,10.939630508422852,Hexagone
38.0,39.0,0.9743589758872986,0.835925281047821,0.7058029770851135,0.9703153967857361,125.39697265625,1046.0,6.0,6.0,6.0,0.7058029770851135,0.8118922114372253,0.0638427734375,0.2638484239578247,0.7949919700622559,4.536059856414795,6.384456634521484,8.517413139343262,Hexagone
46.0,46.0,1.0,0.833376944065094,0.7008506655693054,0.9718217849731445,149.5391082763672,1483.0,6.0,6.0,6.0,0.7008506655693054,0.8103857636451721,0.09051513671875,0.282147616147995,0.7949566841125488,5.024787902832031,12.0,12.0,Hexagone
34.0,34.0,1.0,0.8284686803817749,0.7015570998191833,0.9643281698226929,110.91168975830078,811.0,7.0,6.0,6.0,0.7015570998191833,0.8208153247833252,0.04949951171875,0.2397245317697525,0.7949746251106262,6.311666011810303,6.113747596740723,9.4926176071167,Hexagone
30.0,30.0,1.0,0.8310222625732422,0.7288888692855835,0.9689807891845703,99.59797668457031,656.0,6.0,6.0,6.0,0.7288888692855835,0.7835225462913513,0.0400390625,0.432425856590271,0.7940277457237244,4.045779228210449,5.704400539398193,9.56742000579834,Hexagone
42.0,42.0,1.0,0.8322387337684631,0.7052153944969177,0.9707373976707458,137.05381774902344,1244.0,6.0,6.0,6.0,0.7052153944969177,0.8206713199615479,0.075927734375,0.21910832822322845,0.7950131297111511,6.02618932723999,7.421104431152344,10.906472206115723,Hexagone
46.0,44.0,0.95652174949646,0.8252374529838562,0.7208498120307922,0.9739652872085571,149.05381774902344,1459.0,6.0,6.0,6.0,0.7208498120307922,0.81119704246521,0.08905029296875,0.34959933161735535,0.7949478030204773,5.306356906890869,8.61185359954834,9.583635330200195,Hexagone
38.0,38.0,1.0,0.8373627662658691,0.7160664796829224,0.9677117466926575,124.56854248046875,1034.0,6.0,6.0,6.0,0.7160664796829224,0.7790042161941528,0.0631103515625,0.3289319574832916,0.7945759892463684,4.28684139251709,7.667459964752197,9.516200065612793,Hexagone
46.0,46.0,1.0,0.828216016292572,0.7074669003486633,0.9714471101760864,150.71067810058594,1497.0,6.0,6.0,6.0,0.7074669003486633,0.8180360198020935,0.09136962890625,0.26887375116348267,0.794971764087677,5.469564437866211,6.596909046173096,11.38542366027832,Hexagone
40.0,42.0,0.9523809552192688,0.8334474563598633,0.7363095283508301,0.9747833013534546,136.56854248046875,1237.0,6.0,6.0,6.0,0.7363095283508301,0.7898612022399902,0.07550048828125,0.38407182693481445,0.7948662042617798,4.656856060028076,7.2025251388549805,9.996011734008789,Hexagone
44.0,44.0,1.0,0.8411738276481628,0.6926652789115906,0.9781181812286377,141.5391082763672,1341.0,6.0,6.0,6.0,0.6926652789115906,0.8328777551651001,0.08184814453125,0.2294335663318634,0.7950462698936462,5.108452796936035,7.269817352294922,9.734292984008789,Hexagone
34.0,34.0,1.0,0.8288324475288391,0.7318339347839355,0.9718552827835083,113.25483703613281,846.0,6.0,6.0,6.0,0.7318339347839355,0.7816757559776306,0.0516357421875,0.45226147770881653,0.7938570380210876,3.933485507965088,5.969772815704346,9.034170150756836,Hexagone
44.0,44.0,1.0,0.8340309262275696,0.7097107172012329,0.9713679552078247,143.8822479248047,1374.0,6.0,6.0,6.0,0.7097107172012329,0.8002818822860718,0.0838623046875,0.28843557834625244,0.7948825359344482,4.885746955871582,7.891282081604004,9.880134582519531,Hexagone
36.0,34.0,0.9444444179534912,0.8427122235298157,0.7532680034637451,0.9824187755584717,117.25483703613281,922.0,6.0,6.0,6.0,0.7532680034637451,0.8095963001251221,0.0562744140625,0.5014567971229553,0.7945274114608765,4.364604473114014,7.521695137023926,9.553582191467285,Hexagone
42.0,40.0,0.9523809552192688,0.8314261436462402,0.7345238327980042,0.9751086235046387,136.56854248046875,1234.0,6.0,6.0,6.0,0.7345238327980042,0.8007969260215759,0.0753173828125,0.37805336713790894,0.7945693135261536,4.593790531158447,7.824410915374756,9.693912506103516,Hexagone
34.0,34.0,1.0,0.8639913201332092,0.7162629961967468,0.9764150977134705,109.7401123046875,828.0,6.0,6.0,6.0,0.7162629961967468,0.8433843851089478,0.050537109375,0.20315943658351898,0.795698344707489,6.116784572601318,12.0,12.0,Hexagone
44.0,44.0,1.0,0.8340309262275696,0.7097107172012329,0.9713679552078247,143.8822479248047,1374.0,6.0,6.0,6.0,0.7097107172012329,0.8002818822860718,0.0838623046875,0.28843557834625244,0.7948825359344482,4.885746955871582,7.891282081604004,9.880134582519531,Hexagone
38.0,38.0,1.0,0.8292644619941711,0.7091412544250488,0.9664936065673828,124.56854248046875,1024.0,6.0,6.0,6.0,0.7091412544250488,0.8179324269294739,0.0625,0.2895544469356537,0.7949485778808594,4.942290782928467,7.653576850891113,9.51222038269043,Hexagone
42.0,42.0,1.0,0.8384846448898315,0.6984127163887024,0.973528265953064,135.8822479248047,1232.0,6.0,6.0,6.0,0.6984127163887024,0.8127548694610596,0.0751953125,0.2737666368484497,0.7950459122657776,5.173872470855713,7.790529251098633,9.718716621398926,Hexagone
32.0,32.0,1.0,0.8337063789367676,0.7177734375,0.9645669460296631,105.25482940673828,735.0,6.0,6.0,6.0,0.7177734375,0.7998464107513428,0.04486083984375,0.3314916491508484,0.7949347496032715,4.799285888671875,6.981329441070557,10.364501953125,Hexagone
44.0,44.0,1.0,0.848397970199585,0.7102272510528564,0.9755232334136963,142.71067810058594,1375.0,6.0,6.0,6.0,0.7102272510528564,0.8441123962402344,0.08392333984375,0.16747944056987762,0.7952790260314941,4.784531593322754,7.8801798820495605,9.818303108215332,Hexagone
46.0,46.0,1.0,0.833376944065094,0.7008506655693054,0.9718217849731445,149.5391082763672,1483.0,6.0,6.0,6.0,0.7008506655693054,0.8103857636451721,0.09051513671875,0.282147616147995,0.7949566841125488,5.024787902832031,12.0,12.0,Hexagone
46.0,46.0,1.0,0.8361866474151611,0.703213632106781,0.9735034108161926,149.5391082763672,1488.0,6.0,6.0,6.0,0.703213632106781,0.81874018907547,0.0908203125,0.17288897931575775,0.7949831485748291,5.538573265075684,7.978378772735596,9.772987365722656,Hexagone
30.0,30.0,1.0,0.8383335471153259,0.7011111378669739,0.9626239538192749,97.25483703613281,631.0,6.0,6.0,6.0,0.7011111378669739,0.8148112893104553,0.03851318359375,0.314298540353775,0.7951086759567261,4.963776588439941,6.852292060852051,9.905633926391602,Hexagone
32.0,32.0,1.0,0.8298749923706055,0.73046875,0.9701685905456543,106.42640686035156,748.0,6.0,6.0,6.0,0.73046875,0.7923229932785034,0.045654296875,0.4333212375640869,0.7943044304847717,4.082271099090576,12.0,12.0,Hexagone
46.0,42.0,0.9130434989929199,0.8410022854804993,0.7525879740715027,0.9850948452949524,147.39697265625,1454.0,6.0,6.0,6.0,0.7525879740715027,0.8028079271316528,0.0887451171875,0.4386192560195923,0.7947903275489807,4.865971088409424,12.0,12.0,Hexagone
48.0,48.0,1.0,0.8530349135398865,0.7096354365348816,0.980215847492218,155.19595336914062,1635.0,6.0,6.0,6.0,0.7096354365348816,0.8496857285499573,0.09979248046875,0.21499751508235931,0.7953088879585266,5.165940761566162,7.434906482696533,9.883557319641113,Hexagone
50.0,50.0,1.0,0.831375002861023,0.704800009727478,0.9732118248939514,163.19595336914062,1762.0,6.0,6.0,6.0,0.704800009727478,0.8169814348220825,0.1075439453125,0.20455417037010193,0.7949763536453247,6.643014430999756,8.123050689697266,9.964442253112793,Hexagone
28.0,28.0,1.0,0.8352086544036865,0.7295918464660645,0.9662162065505981,92.7695541381836,572.0,6.0,6.0,6.0,0.7295918464660645,0.7968088984489441,0.034912109375,0.41165846586227417,0.794643759727478,4.255884647369385,12.0,12.0,Hexagone
28.0,28.0,1.0,0.8322883248329163,0.7270408272743225,0.9710391759872437,92.7695541381836,570.0,6.0,6.0,6.0,0.7270408272743225,0.7607307434082031,0.0347900390625,0.46282294392585754,0.7931345701217651,3.7539124488830566,12.0,12.0,Hexagone
47.0,42.0,0.8936170339584351,0.8424010872840881,0.7520263195037842,0.9837640523910522,148.81118774414062,1484.5,6.0,6.0,6.0,0.7520263195037842,0.8196480870246887,0.090606689453125,0.38638442754745483,0.7948399186134338,5.184199810028076,6.237331867218018,8.611072540283203,Hexagone
30.0,30.0,1.0,0.8310222625732422,0.7288888692855835,0.9689807891845703,99.59797668457031,656.0,6.0,6.0,6.0,0.7288888692855835,0.7835225462913513,0.0400390625,0.432425856590271,0.7940277457237244,4.045779228210449,5.704400539398193,9.56742000579834,Hexagone
48.0,48.0,1.0,0.8202536106109619,0.703125,0.9726808667182922,157.5391082763672,1620.0,8.0,6.0,6.0,0.703125,0.8025805354118347,0.098876953125,0.31150829792022705,0.7948524355888367,4.82056188583374,6.97649621963501,10.939630508422852,Hexagone
28.0,28.0,1.0,0.8612037897109985,0.733418345451355,0.9696458578109741,91.59797668457031,575.0,8.0,6.0,6.0,0.733418345451355,0.8300486207008362,0.03509521484375,0.21764302253723145,0.7956734299659729,5.956485748291016,12.0,12.0,Hexagone
40.0,40.0,1.0,0.8254745602607727,0.6962500214576721,0.9691169857978821,130.2253875732422,1114.0,6.0,6.0,6.0,0.6962500214576721,0.8123570680618286,0.0679931640625,0.30971574783325195,0.7949033975601196,4.689545631408691,7.718842506408691,9.71579360961914,Hexagone
34.0,36.0,0.9444444179534912,0.8314886093139648,0.6993464231491089,0.9650507569313049,113.7401123046875,856.0,6.0,6.0,6.0,0.6993464231491089,0.804934561252594,0.05224609375,0.3170213997364044,0.7946658134460449,4.438389301300049,12.0,12.0,Hexagone
46.0,46.0,1.0,0.8209355473518372,0.7121928334236145,0.97006756067276,151.8822479248047,1507.0,6.0,6.0,6.0,0.7121928334236145,0.8041728734970093,0.09197998046875,0.39340993762016296,0.7947133183479309,4.488150596618652,7.586678504943848,9.801600456237793,Hexagone
38.0,38.0,1.0,0.8252153396606445,0.7056786417961121,0.9672520160675049,124.56854248046875,1019.0,6.0,6.0,6.0,0.7056786417961121,0.8139386177062988,0.06219482421875,0.31243324279785156,0.7949419617652893,5.158907890319824,7.8894758224487305,9.506104469299316,Hexagone
28.0,28.0,1.0,0.8327466249465942,0.7091836929321289,0.9611063003540039,91.59797668457031,556.0,6.0,6.0,6.0,0.7091836929321289,0.7954063415527344,0.033935546875,0.3540436327457428,0.7946754693984985,4.484817028045654,6.454250335693359,9.963695526123047,Hexagone
28.0,28.0,1.0,0.8729063272476196,0.7244898080825806,0.975944995880127,90.42640686035156,568.0,8.0,6.0,6.0,0.7244898080825806,0.8199436664581299,0.03466796875,0.11605222523212433,0.7958113551139832,4.719366073608398,12.0,12.0,Hexagone
42.0,42.0,1.0,0.826083242893219,0.7120181322097778,0.9695098400115967,138.2253875732422,1256.0,6.0,6.0,6.0,0.7120181322097778,0.8117637634277344,0.07666015625,0.34028851985931396,0.7948169112205505,4.629960060119629,7.836927890777588,9.71669864654541,Hexagone
38.0,38.0,1.0,0.8252153396606445,0.7056786417961121,0.9672520160675049,124.56854248046875,1019.0,6.0,6.0,6.0,0.7056786417961121,0.8139386177062988,0.06219482421875,0.31243324279785156,0.7949419617652893,5.158907890319824,7.8894758224487305,9.506104469299316,Hexagone
30.0,30.0,1.0,0.8405462503433228,0.7200000286102295,0.9642857313156128,98.42640686035156,648.0,7.0,6.0,6.0,0.7200000286102295,0.7739673852920532,0.03955078125,0.35124775767326355,0.794609546661377,4.29536247253418,6.285916805267334,9.491693496704102,Hexagone
37.0,34.0,0.9189189076423645,0.8453489542007446,0.7456279993057251,0.9801462888717651,118.08325958251953,938.0,6.0,6.0,6.0,0.7456279993057251,0.8236457109451294,0.0572509765625,0.4430674612522125,0.7948582172393799,5.315267086029053,5.411264419555664,9.020347595214844,Hexagone
32.0,34.0,0.9411764740943909,0.8289547562599182,0.6930146813392639,0.9660474061965942,106.91168975830078,754.0,6.0,6.0,5.0,0.6930146813392639,0.7933981418609619,0.0460205078125,0.2940223813056946,0.7946667075157166,4.4336934089660645,7.3321614265441895,9.407401084899902,Hexagone
36.0,36.0,1.0,0.8286194801330566,0.6913580298423767,0.9660377502441406,116.56854248046875,896.0,7.0,6.0,6.0,0.6913580298423767,0.8183720111846924,0.0546875,0.2648685574531555,0.7950497269630432,5.395341396331787,6.865478038787842,10.904868125915527,Hexagone
36.0,36.0,1.0,0.8517394661903381,0.7106481194496155,0.9735729098320007,116.56854248046875,921.0,6.0,6.0,6.0,0.7106481194496155,0.8412060737609863,0.05621337890625,0.21487203240394592,0.7953106760978699,4.445724010467529,11.010786056518555,9.027459144592285,Hexagone
40.0,41.0,0.9756097793579102,0.8516544699668884,0.709756076335907,0.978973925113678,131.05381774902344,1164.0,6.0,6.0,6.0,0.709756076335907,0.8224400877952576,0.071044921875,0.24439959228038788,0.7952413558959961,5.093274116516113,6.424341201782227,8.691821098327637,Hexagone
28.0,30.0,0.9333333373069763,0.8308736681938171,0.6845238208770752,0.9607351422309875,93.25483703613281,575.0,7.0,6.0,6.0,0.6845238208770752,0.7940380573272705,0.03509521484375,0.37088027596473694,0.7944269776344299,4.088795185089111,7.5811309814453125,8.85295581817627,Hexagone
